2026-05-25 13:07:22,381 - AeroBrain - INFO - Loading AeroBrain AI Model...
2026-05-25 13:07:22,503 - AeroBrain - INFO - [OK] YOLO Model loaded: yolov8n.pt
2026-05-25 13:07:22,504 - AeroBrain - INFO - [OK] Available classes: ['person', 'bicycle', 'car', 'motorcycle', 'airplane', 'bus', 'train', 'truck', 'boat', 'traffic light', 'fire hydrant', 'stop sign', 'parking meter', 'bench', 'bird', 'cat', 'dog', 'horse', 'sheep', 'cow', 'elephant', 'bear', 'zebra', 'giraffe', 'backpack', 'umbrella', 'handbag', 'tie', 'suitcase', 'frisbee', 'skis', 'snowboard', 'sports ball', 'kite', 'baseball bat', 'baseball glove', 'skateboard', 'surfboard', 'tennis racket', 'bottle', 'wine glass', 'cup', 'fork', 'knife', 'spoon', 'bowl', 'banana', 'apple', 'sandwich', 'orange', 'broccoli', 'carrot', 'hot dog', 'pizza', 'donut', 'cake', 'chair', 'couch', 'potted plant', 'bed', 'dining table', 'toilet', 'tv', 'laptop', 'mouse', 'remote', 'keyboard', 'cell phone', 'microwave', 'oven', 'toaster', 'sink', 'refrigerator', 'book', 'clock', 'vase', 'scissors', 'teddy bear', 'hair drier', 'toothbrush']
2026-05-25 13:07:22,504 - AeroBrain - INFO - Validating configuration...
2026-05-25 13:07:22,504 - AeroBrain - INFO - [OK] Takeoff altitude validated: 15.0m (minimum required: 10.0m)
2026-05-25 13:07:22,504 - AeroBrain - INFO - ============================================================
2026-05-25 13:07:22,504 - AeroBrain - INFO - 🚁 AeroBrain Drone AI System Starting...
2026-05-25 13:07:22,505 - AeroBrain - INFO - ============================================================
2026-05-25 13:07:22,505 - AeroBrain - INFO - Connecting to AirSim Virtual Drone...
2026-05-25 13:07:22,506 - AeroBrain - INFO - Target: 127.0.0.1:41451
2026-05-25 13:07:22,506 - AeroBrain - INFO - Attempting to create DroneController...
2026-05-25 13:07:22,512 - drone_control - INFO - [OK] Connected to AirSim
2026-05-25 13:07:22,514 - AeroBrain - INFO - [OK] Successfully connected to AirSim
2026-05-25 13:07:22,514 - AeroBrain - INFO - Enabling API control and arming...
2026-05-25 13:07:22,514 - drone_control - INFO - API control enabled
2026-05-25 13:07:22,515 - drone_control - INFO - [OK] Motors armed
2026-05-25 13:07:22,515 - AeroBrain - INFO - [OK] Motors armed successfully
2026-05-25 13:07:22,517 - AeroBrain - INFO - Drone altitude before takeoff: -1.60m
2026-05-25 13:07:22,518 - AeroBrain - INFO - Executing takeoff command...
2026-05-25 13:07:22,518 - drone_control - INFO - Taking off to 15.0m...
2026-05-25 13:07:26,928 - drone_control - INFO - [OK] Takeoff complete
2026-05-25 13:07:26,928 - AeroBrain - INFO - Drone altitude after takeoff: -0.09m
2026-05-25 13:07:26,928 - AeroBrain - INFO - [OK] Drone took off successfully
2026-05-25 13:07:26,928 - AeroBrain - INFO - >>> Drone is hovering. Initiating AI Vision... <<<
2026-05-25 13:07:27,434 - AeroBrain - INFO - Detected: truck (ID: 7, Conf: 0.48, Area: 22400)
2026-05-25 13:07:27,435 - AeroBrain - INFO - Detected: car (ID: 2, Conf: 0.42, Area: 702)
2026-05-25 13:07:27,447 - AeroBrain - INFO - 🎯 TARGET (truck) | YAW RIGHT ➔ | MOVE FORWARD ⬆⬆ | Area: 22400
2026-05-25 13:07:27,736 - AeroBrain - INFO - Detected: truck (ID: 7, Conf: 0.50, Area: 1820)
2026-05-25 13:07:27,738 - AeroBrain - INFO - 🎯 TARGET (truck) | CENTERED = | MOVE FORWARD ⬆⬆ | Area: 1820
2026-05-25 13:07:27,925 - AeroBrain - INFO - Detected: truck (ID: 7, Conf: 0.50, Area: 1890)
2026-05-25 13:07:27,926 - AeroBrain - INFO - Detected: truck (ID: 7, Conf: 0.42, Area: 3192)
2026-05-25 13:07:27,928 - AeroBrain - INFO - 🎯 TARGET (truck) | YAW RIGHT ➔ | MOVE FORWARD ⬆⬆ | Area: 3192
2026-05-25 13:07:28,105 - AeroBrain - INFO - Detected: truck (ID: 7, Conf: 0.67, Area: 3120)
2026-05-25 13:07:28,106 - AeroBrain - INFO - Detected: car (ID: 2, Conf: 0.48, Area: 1200)
2026-05-25 13:07:28,106 - AeroBrain - INFO - Detected: truck (ID: 7, Conf: 0.46, Area: 1904)
2026-05-25 13:07:28,108 - AeroBrain - INFO - 🎯 TARGET (truck) | YAW RIGHT ➔ | MOVE FORWARD ⬆⬆ | Area: 3120
2026-05-25 13:07:28,268 - AeroBrain - INFO - Detected: truck (ID: 7, Conf: 0.42, Area: 3978)
2026-05-25 13:07:28,269 - AeroBrain - INFO - Detected: person (ID: 0, Conf: 0.42, Area: 1711)
2026-05-25 13:07:28,271 - AeroBrain - INFO - 🎯 TARGET (truck) | YAW RIGHT ➔ | MOVE FORWARD ⬆⬆ | Area: 3978
2026-05-25 13:07:28,418 - AeroBrain - INFO - Detected: truck (ID: 7, Conf: 0.52, Area: 2912)
2026-05-25 13:07:28,423 - AeroBrain - INFO - Detected: person (ID: 0, Conf: 0.51, Area: 1798)
2026-05-25 13:07:28,425 - AeroBrain - INFO - 🎯 TARGET (truck) | YAW RIGHT ➔ | MOVE FORWARD ⬆⬆ | Area: 2912
2026-05-25 13:07:28,630 - AeroBrain - INFO - Detected: car (ID: 2, Conf: 0.52, Area: 1209)
2026-05-25 13:07:28,631 - AeroBrain - INFO - Detected: car (ID: 2, Conf: 0.46, Area: 728)
2026-05-25 13:07:28,631 - AeroBrain - INFO - Detected: car (ID: 2, Conf: 0.42, Area: 7931)
2026-05-25 13:07:28,632 - AeroBrain - INFO - Detected: truck (ID: 7, Conf: 0.41, Area: 7777)
2026-05-25 13:07:28,633 - AeroBrain - INFO - 🎯 TARGET (car) | YAW RIGHT ➔ | MOVE FORWARD ⬆⬆ | Area: 7931
2026-05-25 13:07:28,812 - AeroBrain - INFO - Detected: truck (ID: 7, Conf: 0.75, Area: 20008)
2026-05-25 13:07:28,813 - AeroBrain - INFO - Detected: bus (ID: 5, Conf: 0.53, Area: 2040)
2026-05-25 13:07:28,813 - AeroBrain - INFO - Detected: car (ID: 2, Conf: 0.41, Area: 675)
2026-05-25 13:07:28,815 - AeroBrain - INFO - 🎯 TARGET (truck) | YAW RIGHT ➔ | MOVE FORWARD ⬆⬆ | Area: 20008
2026-05-25 13:07:28,965 - AeroBrain - INFO - Detected: person (ID: 0, Conf: 0.54, Area: 1080)
2026-05-25 13:07:28,968 - AeroBrain - INFO - 🎯 TARGET (person) | YAW RIGHT ➔ | MOVE FORWARD ⬆⬆ | Area: 1080
2026-05-25 13:07:29,155 - AeroBrain - INFO - Detected: truck (ID: 7, Conf: 0.61, Area: 22125)
2026-05-25 13:07:29,155 - AeroBrain - INFO - Detected: truck (ID: 7, Conf: 0.54, Area: 16588)
2026-05-25 13:07:29,156 - AeroBrain - INFO - Detected: person (ID: 0, Conf: 0.52, Area: 1711)
2026-05-25 13:07:29,156 - AeroBrain - INFO - Detected: bus (ID: 5, Conf: 0.48, Area: 2964)
2026-05-25 13:07:29,158 - AeroBrain - INFO - 🎯 TARGET (truck) | YAW RIGHT ➔ | MOVE FORWARD ⬆⬆ | Area: 22125
2026-05-25 13:07:29,310 - AeroBrain - INFO - Detected: person (ID: 0, Conf: 0.58, Area: 1218)
2026-05-25 13:07:29,311 - AeroBrain - INFO - Detected: truck (ID: 7, Conf: 0.57, Area: 18034)
2026-05-25 13:07:29,311 - AeroBrain - INFO - Detected: truck (ID: 7, Conf: 0.51, Area: 22656)
2026-05-25 13:07:29,312 - AeroBrain - INFO - Detected: truck (ID: 7, Conf: 0.44, Area: 3248)
2026-05-25 13:07:29,313 - AeroBrain - INFO - 🎯 TARGET (truck) | YAW RIGHT ➔ | MOVE FORWARD ⬆⬆ | Area: 22656
2026-05-25 13:07:29,465 - AeroBrain - INFO - Detected: truck (ID: 7, Conf: 0.72, Area: 19856)
2026-05-25 13:07:29,465 - AeroBrain - INFO - Detected: truck (ID: 7, Conf: 0.58, Area: 23091)
2026-05-25 13:07:29,466 - AeroBrain - INFO - Detected: car (ID: 2, Conf: 0.58, Area: 870)
2026-05-25 13:07:29,466 - AeroBrain - INFO - Detected: person (ID: 0, Conf: 0.42, Area: 1482)
2026-05-25 13:07:29,468 - AeroBrain - INFO - 🎯 TARGET (truck) | CENTERED = | MOVE FORWARD ⬆⬆ | Area: 23091
2026-05-25 13:07:29,657 - AeroBrain - INFO - Detected: truck (ID: 7, Conf: 0.52, Area: 22201)
2026-05-25 13:07:29,658 - AeroBrain - INFO - Detected: truck (ID: 7, Conf: 0.44, Area: 24300)
2026-05-25 13:07:29,658 - AeroBrain - INFO - Detected: truck (ID: 7, Conf: 0.40, Area: 3640)
2026-05-25 13:07:29,660 - AeroBrain - INFO - 🎯 TARGET (truck) | CENTERED = | MOVE FORWARD ⬆⬆ | Area: 24300
2026-05-25 13:07:29,817 - AeroBrain - INFO - Detected: truck (ID: 7, Conf: 0.51, Area: 23408)
2026-05-25 13:07:29,818 - AeroBrain - INFO - 🎯 TARGET (truck) | YAW RIGHT ➔ | MOVE FORWARD ⬆⬆ | Area: 23408
2026-05-25 13:07:29,962 - AeroBrain - INFO - Detected: truck (ID: 7, Conf: 0.80, Area: 25893)
2026-05-25 13:07:29,962 - AeroBrain - INFO - Detected: car (ID: 2, Conf: 0.55, Area: 870)
2026-05-25 13:07:29,963 - AeroBrain - INFO - Detected: truck (ID: 7, Conf: 0.47, Area: 24786)
2026-05-25 13:07:29,965 - AeroBrain - INFO - 🎯 TARGET (truck) | YAW RIGHT ➔ | MOVE FORWARD ⬆⬆ | Area: 25893
2026-05-25 13:07:30,122 - AeroBrain - INFO - Detected: car (ID: 2, Conf: 0.66, Area: 837)
2026-05-25 13:07:30,123 - AeroBrain - INFO - Detected: truck (ID: 7, Conf: 0.60, Area: 26334)
2026-05-25 13:07:30,123 - AeroBrain - INFO - Detected: person (ID: 0, Conf: 0.54, Area: 1311)
2026-05-25 13:07:30,124 - AeroBrain - INFO - Detected: truck (ID: 7, Conf: 0.51, Area: 26741)
2026-05-25 13:07:30,126 - AeroBrain - INFO - 🎯 TARGET (truck) | CENTERED = | MOVE FORWARD ⬆⬆ | Area: 26741
2026-05-25 13:07:30,308 - AeroBrain - INFO - Detected: truck (ID: 7, Conf: 0.63, Area: 24480)
2026-05-25 13:07:30,309 - AeroBrain - INFO - Detected: car (ID: 2, Conf: 0.57, Area: 1050)
2026-05-25 13:07:30,309 - AeroBrain - INFO - Detected: truck (ID: 7, Conf: 0.56, Area: 41440)
2026-05-25 13:07:30,309 - AeroBrain - INFO - Detected: bus (ID: 5, Conf: 0.46, Area: 2924)
2026-05-25 13:07:30,311 - AeroBrain - INFO - 🎯 TARGET (truck) | YAW RIGHT ➔ | HOLD DISTANCE = | Area: 41440
2026-05-25 13:07:30,463 - AeroBrain - INFO - Detected: truck (ID: 7, Conf: 0.54, Area: 42543)
2026-05-25 13:07:30,463 - AeroBrain - INFO - Detected: truck (ID: 7, Conf: 0.50, Area: 4352)
2026-05-25 13:07:30,464 - AeroBrain - INFO - Detected: person (ID: 0, Conf: 0.40, Area: 1160)
2026-05-25 13:07:30,466 - AeroBrain - INFO - 🎯 TARGET (truck) | YAW RIGHT ➔ | HOLD DISTANCE = | Area: 42543
2026-05-25 13:07:30,662 - AeroBrain - INFO - Detected: car (ID: 2, Conf: 0.64, Area: 1190)
2026-05-25 13:07:30,663 - AeroBrain - INFO - Detected: truck (ID: 7, Conf: 0.62, Area: 32494)
2026-05-25 13:07:30,663 - AeroBrain - INFO - Detected: truck (ID: 7, Conf: 0.51, Area: 28800)
2026-05-25 13:07:30,663 - AeroBrain - INFO - Detected: truck (ID: 7, Conf: 0.47, Area: 3942)
2026-05-25 13:07:30,665 - AeroBrain - INFO - 🎯 TARGET (truck) | CENTERED = | MOVE FORWARD ⬆⬆ | Area: 32494
2026-05-25 13:07:30,852 - AeroBrain - INFO - Detected: truck (ID: 7, Conf: 0.78, Area: 30561)
2026-05-25 13:07:30,852 - AeroBrain - INFO - Detected: truck (ID: 7, Conf: 0.47, Area: 5005)
2026-05-25 13:07:30,854 - AeroBrain - INFO - 🎯 TARGET (truck) | YAW RIGHT ➔ | MOVE FORWARD ⬆⬆ | Area: 30561
2026-05-25 13:07:31,024 - AeroBrain - INFO - Detected: truck (ID: 7, Conf: 0.73, Area: 31842)
2026-05-25 13:07:31,025 - AeroBrain - INFO - Detected: car (ID: 2, Conf: 0.67, Area: 1332)
2026-05-25 13:07:31,025 - AeroBrain - INFO - Detected: truck (ID: 7, Conf: 0.56, Area: 31980)
2026-05-25 13:07:31,025 - AeroBrain - INFO - Detected: car (ID: 2, Conf: 0.47, Area: 2756)
2026-05-25 13:07:31,026 - AeroBrain - INFO - Detected: person (ID: 0, Conf: 0.44, Area: 1380)
2026-05-25 13:07:31,026 - AeroBrain - INFO - Detected: truck (ID: 7, Conf: 0.43, Area: 3666)
2026-05-25 13:07:31,028 - AeroBrain - INFO - 🎯 TARGET (truck) | CENTERED = | MOVE FORWARD ⬆⬆ | Area: 31980
2026-05-25 13:07:31,184 - AeroBrain - INFO - Detected: truck (ID: 7, Conf: 0.71, Area: 32396)
2026-05-25 13:07:31,185 - AeroBrain - INFO - Detected: car (ID: 2, Conf: 0.51, Area: 1404)
2026-05-25 13:07:31,185 - AeroBrain - INFO - Detected: truck (ID: 7, Conf: 0.50, Area: 37327)
2026-05-25 13:07:31,186 - AeroBrain - INFO - Detected: person (ID: 0, Conf: 0.50, Area: 1980)
2026-05-25 13:07:31,187 - AeroBrain - INFO - 🎯 TARGET (truck) | CENTERED = | MOVE FORWARD ⬆⬆ | Area: 37327
2026-05-25 13:07:31,378 - AeroBrain - INFO - Detected: truck (ID: 7, Conf: 0.86, Area: 36750)
2026-05-25 13:07:31,378 - AeroBrain - INFO - Detected: truck (ID: 7, Conf: 0.56, Area: 35880)
2026-05-25 13:07:31,380 - AeroBrain - INFO - Detected: car (ID: 2, Conf: 0.48, Area: 1505)
2026-05-25 13:07:31,381 - AeroBrain - INFO - 🎯 TARGET (truck) | CENTERED = | MOVE FORWARD ⬆⬆ | Area: 36750
2026-05-25 13:07:31,546 - AeroBrain - INFO - Detected: truck (ID: 7, Conf: 0.85, Area: 41949)
2026-05-25 13:07:31,546 - AeroBrain - INFO - Detected: car (ID: 2, Conf: 0.70, Area: 1628)
2026-05-25 13:07:31,546 - AeroBrain - INFO - Detected: truck (ID: 7, Conf: 0.62, Area: 34571)
2026-05-25 13:07:31,547 - AeroBrain - INFO - Detected: person (ID: 0, Conf: 0.46, Area: 1782)
2026-05-25 13:07:31,547 - AeroBrain - INFO - Detected: truck (ID: 7, Conf: 0.41, Area: 3936)
2026-05-25 13:07:31,549 - AeroBrain - INFO - 🎯 TARGET (truck) | YAW LEFT ⬅ | HOLD DISTANCE = | Area: 41949
2026-05-25 13:07:31,706 - AeroBrain - INFO - Detected: truck (ID: 7, Conf: 0.74, Area: 35400)
2026-05-25 13:07:31,707 - AeroBrain - INFO - Detected: car (ID: 2, Conf: 0.66, Area: 1596)
2026-05-25 13:07:31,707 - AeroBrain - INFO - Detected: truck (ID: 7, Conf: 0.52, Area: 41825)
2026-05-25 13:07:31,708 - AeroBrain - INFO - 🎯 TARGET (truck) | YAW LEFT ⬅ | HOLD DISTANCE = | Area: 41825
2026-05-25 13:07:31,890 - AeroBrain - INFO - Detected: truck (ID: 7, Conf: 0.58, Area: 34815)
2026-05-25 13:07:31,891 - AeroBrain - INFO - Detected: car (ID: 2, Conf: 0.53, Area: 1794)
2026-05-25 13:07:31,891 - AeroBrain - INFO - Detected: truck (ID: 7, Conf: 0.45, Area: 47138)
2026-05-25 13:07:31,891 - AeroBrain - INFO - Detected: car (ID: 2, Conf: 0.43, Area: 5757)
2026-05-25 13:07:31,891 - AeroBrain - INFO - Detected: person (ID: 0, Conf: 0.40, Area: 455)
2026-05-25 13:07:31,893 - AeroBrain - INFO - 🎯 TARGET (truck) | YAW LEFT ⬅ | HOLD DISTANCE = | Area: 47138
2026-05-25 13:07:32,101 - AeroBrain - INFO - Detected: truck (ID: 7, Conf: 0.82, Area: 49728)
2026-05-25 13:07:32,101 - AeroBrain - INFO - Detected: car (ID: 2, Conf: 0.62, Area: 24090)
2026-05-25 13:07:32,101 - AeroBrain - INFO - Detected: car (ID: 2, Conf: 0.59, Area: 1599)
2026-05-25 13:07:32,102 - AeroBrain - INFO - Detected: truck (ID: 7, Conf: 0.49, Area: 6525)
2026-05-25 13:07:32,102 - AeroBrain - INFO - Detected: car (ID: 2, Conf: 0.41, Area: 5673)
2026-05-25 13:07:32,104 - AeroBrain - INFO - 🎯 TARGET (truck) | YAW LEFT ⬅ | HOLD DISTANCE = | Area: 49728
2026-05-25 13:07:32,268 - AeroBrain - INFO - Detected: car (ID: 2, Conf: 0.55, Area: 7150)
2026-05-25 13:07:32,269 - AeroBrain - INFO - Detected: bus (ID: 5, Conf: 0.50, Area: 6106)
2026-05-25 13:07:32,269 - AeroBrain - INFO - Detected: truck (ID: 7, Conf: 0.49, Area: 6048)
2026-05-25 13:07:32,269 - AeroBrain - INFO - Detected: truck (ID: 7, Conf: 0.42, Area: 22098)
2026-05-25 13:07:32,271 - AeroBrain - INFO - 🎯 TARGET (truck) | YAW RIGHT ➔ | MOVE FORWARD ⬆⬆ | Area: 22098
2026-05-25 13:07:32,419 - AeroBrain - INFO - Detected: car (ID: 2, Conf: 0.67, Area: 1156)
2026-05-25 13:07:32,419 - AeroBrain - INFO - Detected: truck (ID: 7, Conf: 0.61, Area: 53972)
2026-05-25 13:07:32,421 - AeroBrain - INFO - 🎯 TARGET (truck) | CENTERED = | HOLD DISTANCE = | Area: 53972
2026-05-25 13:07:32,576 - AeroBrain - INFO - Detected: car (ID: 2, Conf: 0.62, Area: 1482)
2026-05-25 13:07:32,577 - AeroBrain - INFO - Detected: truck (ID: 7, Conf: 0.47, Area: 55760)
2026-05-25 13:07:32,578 - AeroBrain - INFO - 🎯 TARGET (truck) | CENTERED = | HOLD DISTANCE = | Area: 55760
2026-05-25 13:07:32,734 - AeroBrain - INFO - Detected: truck (ID: 7, Conf: 0.66, Area: 57753)
2026-05-25 13:07:32,735 - AeroBrain - INFO - Detected: truck (ID: 7, Conf: 0.50, Area: 2112)
2026-05-25 13:07:32,735 - AeroBrain - INFO - Detected: truck (ID: 7, Conf: 0.45, Area: 98468)
2026-05-25 13:07:32,737 - AeroBrain - INFO - 🎯 TARGET (truck) | CENTERED = | MOVE BACKWARD ⬇ | Area: 98468
2026-05-25 13:07:32,884 - AeroBrain - INFO - Detected: truck (ID: 7, Conf: 0.48, Area: 57936)
2026-05-25 13:07:32,884 - AeroBrain - INFO - Detected: truck (ID: 7, Conf: 0.48, Area: 5986)
2026-05-25 13:07:32,887 - AeroBrain - INFO - 🎯 TARGET (truck) | CENTERED = | HOLD DISTANCE = | Area: 57936
2026-05-25 13:07:33,044 - AeroBrain - INFO - Detected: car (ID: 2, Conf: 0.57, Area: 1600)
2026-05-25 13:07:33,045 - AeroBrain - INFO - Detected: truck (ID: 7, Conf: 0.57, Area: 67260)
2026-05-25 13:07:33,047 - AeroBrain - INFO - 🎯 TARGET (truck) | CENTERED = | HOLD DISTANCE = | Area: 67260
2026-05-25 13:07:33,201 - AeroBrain - INFO - Detected: truck (ID: 7, Conf: 0.63, Area: 69300)
2026-05-25 13:07:33,203 - AeroBrain - INFO - Detected: person (ID: 0, Conf: 0.49, Area: 319)
2026-05-25 13:07:33,207 - AeroBrain - INFO - 🎯 TARGET (truck) | CENTERED = | HOLD DISTANCE = | Area: 69300
2026-05-25 13:07:33,383 - AeroBrain - INFO - Detected: car (ID: 2, Conf: 0.56, Area: 1560)
2026-05-25 13:07:33,383 - AeroBrain - INFO - Detected: person (ID: 0, Conf: 0.51, Area: 775)
2026-05-25 13:07:33,383 - AeroBrain - INFO - Detected: car (ID: 2, Conf: 0.47, Area: 5050)
2026-05-25 13:07:33,385 - AeroBrain - INFO - 🎯 TARGET (car) | YAW RIGHT ➔ | MOVE FORWARD ⬆⬆ | Area: 5050
2026-05-25 13:07:33,535 - AeroBrain - INFO - Detected: truck (ID: 7, Conf: 0.77, Area: 74951)
2026-05-25 13:07:33,536 - AeroBrain - INFO - Detected: car (ID: 2, Conf: 0.54, Area: 1295)
2026-05-25 13:07:33,536 - AeroBrain - INFO - Detected: car (ID: 2, Conf: 0.48, Area: 6392)
2026-05-25 13:07:33,538 - AeroBrain - INFO - 🎯 TARGET (truck) | CENTERED = | HOLD DISTANCE = | Area: 74951
2026-05-25 13:07:33,695 - AeroBrain - INFO - Detected: truck (ID: 7, Conf: 0.84, Area: 75802)
2026-05-25 13:07:33,696 - AeroBrain - INFO - Detected: truck (ID: 7, Conf: 0.40, Area: 5589)
2026-05-25 13:07:33,697 - AeroBrain - INFO - 🎯 TARGET (truck) | CENTERED = | HOLD DISTANCE = | Area: 75802
2026-05-25 13:07:33,881 - AeroBrain - INFO - Detected: truck (ID: 7, Conf: 0.77, Area: 84915)
2026-05-25 13:07:33,882 - AeroBrain - INFO - Detected: person (ID: 0, Conf: 0.41, Area: 910)
2026-05-25 13:07:33,884 - AeroBrain - INFO - 🎯 TARGET (truck) | CENTERED = | HOLD DISTANCE = | Area: 84915
2026-05-25 13:07:34,035 - AeroBrain - INFO - Detected: truck (ID: 7, Conf: 0.59, Area: 84624)
2026-05-25 13:07:34,036 - AeroBrain - INFO - Detected: car (ID: 2, Conf: 0.55, Area: 1599)
2026-05-25 13:07:34,036 - AeroBrain - INFO - Detected: truck (ID: 7, Conf: 0.46, Area: 6216)
2026-05-25 13:07:34,038 - AeroBrain - INFO - 🎯 TARGET (truck) | CENTERED = | HOLD DISTANCE = | Area: 84624
2026-05-25 13:07:34,193 - AeroBrain - INFO - Detected: truck (ID: 7, Conf: 0.75, Area: 85067)
2026-05-25 13:07:34,194 - AeroBrain - INFO - Detected: bus (ID: 5, Conf: 0.46, Area: 6006)
2026-05-25 13:07:34,194 - AeroBrain - INFO - Detected: car (ID: 2, Conf: 0.44, Area: 4592)
2026-05-25 13:07:34,196 - AeroBrain - INFO - 🎯 TARGET (truck) | CENTERED = | HOLD DISTANCE = | Area: 85067
2026-05-25 13:07:34,347 - AeroBrain - INFO - Detected: truck (ID: 7, Conf: 0.69, Area: 83634)
2026-05-25 13:07:34,347 - AeroBrain - INFO - Detected: motorcycle (ID: 3, Conf: 0.53, Area: 3990)
2026-05-25 13:07:34,348 - AeroBrain - INFO - Detected: truck (ID: 7, Conf: 0.46, Area: 118636)
2026-05-25 13:07:34,349 - AeroBrain - INFO - 🎯 TARGET (truck) | CENTERED = | MOVE BACKWARD ⬇ | Area: 118636
2026-05-25 13:07:34,508 - AeroBrain - INFO - Detected: truck (ID: 7, Conf: 0.73, Area: 79833)
2026-05-25 13:07:34,508 - AeroBrain - INFO - Detected: car (ID: 2, Conf: 0.51, Area: 1365)
2026-05-25 13:07:34,510 - AeroBrain - INFO - Detected: person (ID: 0, Conf: 0.40, Area: 615)
2026-05-25 13:07:34,512 - AeroBrain - INFO - 🎯 TARGET (truck) | CENTERED = | HOLD DISTANCE = | Area: 79833
2026-05-25 13:07:34,661 - AeroBrain - INFO - Detected: truck (ID: 7, Conf: 0.52, Area: 92274)
2026-05-25 13:07:34,662 - AeroBrain - INFO - Detected: car (ID: 2, Conf: 0.49, Area: 1443)
2026-05-25 13:07:34,664 - AeroBrain - INFO - 🎯 TARGET (truck) | CENTERED = | MOVE BACKWARD ⬇ | Area: 92274
2026-05-25 13:07:34,818 - AeroBrain - INFO - Detected: truck (ID: 7, Conf: 0.77, Area: 93564)
2026-05-25 13:07:34,818 - AeroBrain - INFO - Detected: motorcycle (ID: 3, Conf: 0.58, Area: 1763)
2026-05-25 13:07:34,818 - AeroBrain - INFO - Detected: truck (ID: 7, Conf: 0.50, Area: 6474)
2026-05-25 13:07:34,820 - AeroBrain - INFO - 🎯 TARGET (truck) | CENTERED = | MOVE BACKWARD ⬇ | Area: 93564
2026-05-25 13:07:34,975 - AeroBrain - INFO - Detected: truck (ID: 7, Conf: 0.74, Area: 87216)
2026-05-25 13:07:34,976 - AeroBrain - INFO - Detected: car (ID: 2, Conf: 0.51, Area: 1760)
2026-05-25 13:07:34,976 - AeroBrain - INFO - Detected: person (ID: 0, Conf: 0.41, Area: 476)
2026-05-25 13:07:34,977 - AeroBrain - INFO - 🎯 TARGET (truck) | CENTERED = | HOLD DISTANCE = | Area: 87216
2026-05-25 13:07:35,131 - AeroBrain - INFO - Detected: truck (ID: 7, Conf: 0.81, Area: 93500)
2026-05-25 13:07:35,132 - AeroBrain - INFO - Detected: motorcycle (ID: 3, Conf: 0.61, Area: 1935)
2026-05-25 13:07:35,135 - AeroBrain - INFO - 🎯 TARGET (truck) | CENTERED = | MOVE BACKWARD ⬇ | Area: 93500
2026-05-25 13:07:35,439 - AeroBrain - INFO - Detected: truck (ID: 7, Conf: 0.80, Area: 92349)
2026-05-25 13:07:35,440 - AeroBrain - INFO - Detected: truck (ID: 7, Conf: 0.66, Area: 6241)
2026-05-25 13:07:35,442 - AeroBrain - INFO - 🎯 TARGET (truck) | CENTERED = | MOVE BACKWARD ⬇ | Area: 92349
2026-05-25 13:07:35,594 - AeroBrain - INFO - Detected: truck (ID: 7, Conf: 0.81, Area: 98175)
2026-05-25 13:07:35,596 - AeroBrain - INFO - 🎯 TARGET (truck) | CENTERED = | MOVE BACKWARD ⬇ | Area: 98175
2026-05-25 13:07:35,750 - AeroBrain - INFO - Detected: motorcycle (ID: 3, Conf: 0.52, Area: 2016)
2026-05-25 13:07:35,750 - AeroBrain - INFO - Detected: truck (ID: 7, Conf: 0.49, Area: 129519)
2026-05-25 13:07:35,750 - AeroBrain - INFO - Detected: person (ID: 0, Conf: 0.40, Area: 476)
2026-05-25 13:07:35,753 - AeroBrain - INFO - 🎯 TARGET (truck) | CENTERED = | MOVE BACKWARD ⬇ | Area: 129519
2026-05-25 13:07:35,904 - AeroBrain - INFO - Detected: truck (ID: 7, Conf: 0.66, Area: 91191)
2026-05-25 13:07:35,905 - AeroBrain - INFO - Detected: motorcycle (ID: 3, Conf: 0.65, Area: 1804)
2026-05-25 13:07:35,907 - AeroBrain - INFO - 🎯 TARGET (truck) | CENTERED = | MOVE BACKWARD ⬇ | Area: 91191
2026-05-25 13:07:36,061 - AeroBrain - INFO - Detected: truck (ID: 7, Conf: 0.80, Area: 93420)
2026-05-25 13:07:36,063 - AeroBrain - INFO - 🎯 TARGET (truck) | CENTERED = | MOVE BACKWARD ⬇ | Area: 93420
2026-05-25 13:07:36,219 - AeroBrain - INFO - Detected: truck (ID: 7, Conf: 0.82, Area: 93632)
2026-05-25 13:07:36,219 - AeroBrain - INFO - Detected: truck (ID: 7, Conf: 0.65, Area: 6004)
2026-05-25 13:07:36,222 - AeroBrain - INFO - 🎯 TARGET (truck) | CENTERED = | MOVE BACKWARD ⬇ | Area: 93632
2026-05-25 13:07:36,378 - AeroBrain - INFO - Detected: truck (ID: 7, Conf: 0.67, Area: 86273)
2026-05-25 13:07:36,378 - AeroBrain - INFO - Detected: car (ID: 2, Conf: 0.45, Area: 3638)
2026-05-25 13:07:36,381 - AeroBrain - INFO - 🎯 TARGET (truck) | CENTERED = | HOLD DISTANCE = | Area: 86273
2026-05-25 13:07:36,533 - AeroBrain - INFO - Detected: truck (ID: 7, Conf: 0.69, Area: 82560)
2026-05-25 13:07:36,535 - AeroBrain - INFO - 🎯 TARGET (truck) | CENTERED = | HOLD DISTANCE = | Area: 82560
2026-05-25 13:07:36,687 - AeroBrain - INFO - Detected: truck (ID: 7, Conf: 0.64, Area: 81855)
2026-05-25 13:07:36,687 - AeroBrain - INFO - Detected: truck (ID: 7, Conf: 0.54, Area: 120870)
2026-05-25 13:07:36,687 - AeroBrain - INFO - Detected: car (ID: 2, Conf: 0.43, Area: 7840)
2026-05-25 13:07:36,688 - AeroBrain - INFO - 🎯 TARGET (truck) | CENTERED = | MOVE BACKWARD ⬇ | Area: 120870
2026-05-25 13:07:36,844 - AeroBrain - INFO - Detected: truck (ID: 7, Conf: 0.80, Area: 77216)
2026-05-25 13:07:36,844 - AeroBrain - INFO - Detected: truck (ID: 7, Conf: 0.45, Area: 5472)
2026-05-25 13:07:36,846 - AeroBrain - INFO - 🎯 TARGET (truck) | CENTERED = | HOLD DISTANCE = | Area: 77216
2026-05-25 13:07:37,018 - AeroBrain - INFO - Detected: truck (ID: 7, Conf: 0.72, Area: 76817)
2026-05-25 13:07:37,018 - AeroBrain - INFO - Detected: car (ID: 2, Conf: 0.53, Area: 1806)
2026-05-25 13:07:37,020 - AeroBrain - INFO - 🎯 TARGET (truck) | CENTERED = | HOLD DISTANCE = | Area: 76817
2026-05-25 13:07:37,179 - AeroBrain - INFO - Detected: truck (ID: 7, Conf: 0.64, Area: 73688)
2026-05-25 13:07:37,181 - AeroBrain - INFO - Detected: car (ID: 2, Conf: 0.55, Area: 14833)
2026-05-25 13:07:37,181 - AeroBrain - INFO - Detected: car (ID: 2, Conf: 0.53, Area: 9656)
2026-05-25 13:07:37,183 - AeroBrain - INFO - 🎯 TARGET (truck) | CENTERED = | HOLD DISTANCE = | Area: 73688
2026-05-25 13:07:37,334 - AeroBrain - INFO - Detected: truck (ID: 7, Conf: 0.86, Area: 71248)
2026-05-25 13:07:37,335 - AeroBrain - INFO - Detected: car (ID: 2, Conf: 0.58, Area: 9443)
2026-05-25 13:07:37,335 - AeroBrain - INFO - Detected: motorcycle (ID: 3, Conf: 0.49, Area: 4118)
2026-05-25 13:07:37,335 - AeroBrain - INFO - Detected: car (ID: 2, Conf: 0.46, Area: 7992)
2026-05-25 13:07:37,337 - AeroBrain - INFO - 🎯 TARGET (truck) | CENTERED = | HOLD DISTANCE = | Area: 71248
2026-05-25 13:07:37,493 - AeroBrain - INFO - Detected: truck (ID: 7, Conf: 0.79, Area: 68444)
2026-05-25 13:07:37,493 - AeroBrain - INFO - Detected: car (ID: 2, Conf: 0.44, Area: 9855)
2026-05-25 13:07:37,495 - AeroBrain - INFO - 🎯 TARGET (truck) | CENTERED = | HOLD DISTANCE = | Area: 68444
2026-05-25 13:07:37,647 - AeroBrain - INFO - Detected: truck (ID: 7, Conf: 0.77, Area: 68244)
2026-05-25 13:07:37,648 - AeroBrain - INFO - Detected: car (ID: 2, Conf: 0.48, Area: 1804)
2026-05-25 13:07:37,648 - AeroBrain - INFO - Detected: car (ID: 2, Conf: 0.48, Area: 10147)
2026-05-25 13:07:37,650 - AeroBrain - INFO - 🎯 TARGET (truck) | CENTERED = | HOLD DISTANCE = | Area: 68244
2026-05-25 13:07:37,796 - AeroBrain - INFO - Detected: car (ID: 2, Conf: 0.54, Area: 13244)
2026-05-25 13:07:37,796 - AeroBrain - INFO - Detected: truck (ID: 7, Conf: 0.48, Area: 71744)
2026-05-25 13:07:37,797 - AeroBrain - INFO - Detected: person (ID: 0, Conf: 0.42, Area: 759)
2026-05-25 13:07:37,798 - AeroBrain - INFO - 🎯 TARGET (truck) | CENTERED = | HOLD DISTANCE = | Area: 71744
2026-05-25 13:07:37,950 - AeroBrain - INFO - Detected: truck (ID: 7, Conf: 0.75, Area: 76714)
2026-05-25 13:07:37,951 - AeroBrain - INFO - Detected: car (ID: 2, Conf: 0.59, Area: 9936)
2026-05-25 13:07:37,952 - AeroBrain - INFO - Detected: truck (ID: 7, Conf: 0.51, Area: 5760)
2026-05-25 13:07:37,953 - AeroBrain - INFO - 🎯 TARGET (truck) | CENTERED = | HOLD DISTANCE = | Area: 76714
2026-05-25 13:07:38,104 - AeroBrain - INFO - Detected: car (ID: 2, Conf: 0.74, Area: 1720)
2026-05-25 13:07:38,105 - AeroBrain - INFO - Detected: truck (ID: 7, Conf: 0.72, Area: 69649)
2026-05-25 13:07:38,106 - AeroBrain - INFO - 🎯 TARGET (truck) | CENTERED = | HOLD DISTANCE = | Area: 69649
2026-05-25 13:07:38,263 - AeroBrain - INFO - Detected: truck (ID: 7, Conf: 0.77, Area: 71685)
2026-05-25 13:07:38,263 - AeroBrain - INFO - Detected: car (ID: 2, Conf: 0.51, Area: 1764)
2026-05-25 13:07:38,264 - AeroBrain - INFO - Detected: car (ID: 2, Conf: 0.47, Area: 9246)
2026-05-25 13:07:38,264 - AeroBrain - INFO - Detected: person (ID: 0, Conf: 0.42, Area: 748)
2026-05-25 13:07:38,266 - AeroBrain - INFO - 🎯 TARGET (truck) | CENTERED = | HOLD DISTANCE = | Area: 71685
2026-05-25 13:07:38,418 - AeroBrain - INFO - Detected: truck (ID: 7, Conf: 0.84, Area: 74420)
2026-05-25 13:07:38,419 - AeroBrain - INFO - Detected: car (ID: 2, Conf: 0.44, Area: 1404)
2026-05-25 13:07:38,421 - AeroBrain - INFO - 🎯 TARGET (truck) | CENTERED = | HOLD DISTANCE = | Area: 74420
2026-05-25 13:07:38,570 - AeroBrain - INFO - Detected: truck (ID: 7, Conf: 0.82, Area: 76930)
2026-05-25 13:07:38,572 - AeroBrain - INFO - 🎯 TARGET (truck) | CENTERED = | HOLD DISTANCE = | Area: 76930
2026-05-25 13:07:38,726 - AeroBrain - INFO - Detected: truck (ID: 7, Conf: 0.85, Area: 70315)
2026-05-25 13:07:38,726 - AeroBrain - INFO - Detected: car (ID: 2, Conf: 0.43, Area: 12555)
2026-05-25 13:07:38,727 - AeroBrain - INFO - Detected: car (ID: 2, Conf: 0.42, Area: 8062)
2026-05-25 13:07:38,730 - AeroBrain - INFO - 🎯 TARGET (truck) | CENTERED = | HOLD DISTANCE = | Area: 70315
2026-05-25 13:07:38,874 - AeroBrain - INFO - Detected: truck (ID: 7, Conf: 0.71, Area: 77750)
2026-05-25 13:07:38,876 - AeroBrain - INFO - 🎯 TARGET (truck) | CENTERED = | HOLD DISTANCE = | Area: 77750
2026-05-25 13:07:39,020 - AeroBrain - INFO - Detected: truck (ID: 7, Conf: 0.82, Area: 76555)
2026-05-25 13:07:39,022 - AeroBrain - INFO - 🎯 TARGET (truck) | CENTERED = | HOLD DISTANCE = | Area: 76555
2026-05-25 13:07:39,170 - AeroBrain - INFO - Detected: truck (ID: 7, Conf: 0.84, Area: 75558)
2026-05-25 13:07:39,170 - AeroBrain - INFO - Detected: car (ID: 2, Conf: 0.47, Area: 1440)
2026-05-25 13:07:39,171 - AeroBrain - INFO - Detected: car (ID: 2, Conf: 0.44, Area: 6768)
2026-05-25 13:07:39,173 - AeroBrain - INFO - 🎯 TARGET (truck) | CENTERED = | HOLD DISTANCE = | Area: 75558
2026-05-25 13:07:39,318 - AeroBrain - INFO - Detected: truck (ID: 7, Conf: 0.74, Area: 87360)
2026-05-25 13:07:39,320 - AeroBrain - INFO - 🎯 TARGET (truck) | CENTERED = | HOLD DISTANCE = | Area: 87360
2026-05-25 13:07:39,472 - AeroBrain - INFO - Detected: truck (ID: 7, Conf: 0.81, Area: 86868)
2026-05-25 13:07:39,475 - AeroBrain - INFO - 🎯 TARGET (truck) | CENTERED = | HOLD DISTANCE = | Area: 86868
2026-05-25 13:07:39,624 - AeroBrain - INFO - Detected: truck (ID: 7, Conf: 0.71, Area: 96725)
2026-05-25 13:07:39,624 - AeroBrain - INFO - Detected: car (ID: 2, Conf: 0.53, Area: 3605)
2026-05-25 13:07:39,625 - AeroBrain - INFO - Detected: truck (ID: 7, Conf: 0.44, Area: 6474)
2026-05-25 13:07:39,625 - AeroBrain - INFO - Detected: motorcycle (ID: 3, Conf: 0.41, Area: 1720)
2026-05-25 13:07:39,627 - AeroBrain - INFO - 🎯 TARGET (truck) | CENTERED = | MOVE BACKWARD ⬇ | Area: 96725
2026-05-25 13:07:39,773 - AeroBrain - INFO - Detected: truck (ID: 7, Conf: 0.78, Area: 99799)
2026-05-25 13:07:39,773 - AeroBrain - INFO - Detected: car (ID: 2, Conf: 0.55, Area: 3161)
2026-05-25 13:07:39,773 - AeroBrain - INFO - Detected: car (ID: 2, Conf: 0.48, Area: 8424)
2026-05-25 13:07:39,775 - AeroBrain - INFO - 🎯 TARGET (truck) | CENTERED = | MOVE BACKWARD ⬇ | Area: 99799
2026-05-25 13:07:39,923 - AeroBrain - INFO - Detected: truck (ID: 7, Conf: 0.70, Area: 91425)
2026-05-25 13:07:39,924 - AeroBrain - INFO - Detected: motorcycle (ID: 3, Conf: 0.54, Area: 1936)
2026-05-25 13:07:39,926 - AeroBrain - INFO - 🎯 TARGET (truck) | CENTERED = | MOVE BACKWARD ⬇ | Area: 91425
2026-05-25 13:07:40,084 - AeroBrain - INFO - Detected: truck (ID: 7, Conf: 0.81, Area: 92125)
2026-05-25 13:07:40,085 - AeroBrain - INFO - Detected: bus (ID: 5, Conf: 0.53, Area: 6162)
2026-05-25 13:07:40,087 - AeroBrain - INFO - 🎯 TARGET (truck) | CENTERED = | MOVE BACKWARD ⬇ | Area: 92125
2026-05-25 13:07:40,245 - AeroBrain - INFO - Detected: truck (ID: 7, Conf: 0.82, Area: 94050)
2026-05-25 13:07:40,246 - AeroBrain - INFO - Detected: motorcycle (ID: 3, Conf: 0.54, Area: 1848)
2026-05-25 13:07:40,247 - AeroBrain - INFO - Detected: car (ID: 2, Conf: 0.47, Area: 1672)
2026-05-25 13:07:40,249 - AeroBrain - INFO - 🎯 TARGET (truck) | CENTERED = | MOVE BACKWARD ⬇ | Area: 94050
2026-05-25 13:07:40,437 - AeroBrain - INFO - Detected: truck (ID: 7, Conf: 0.73, Area: 89050)
2026-05-25 13:07:40,438 - AeroBrain - INFO - 🎯 TARGET (truck) | CENTERED = | HOLD DISTANCE = | Area: 89050
2026-05-25 13:07:40,655 - AeroBrain - INFO - Detected: truck (ID: 7, Conf: 0.73, Area: 88770)
2026-05-25 13:07:40,656 - AeroBrain - INFO - Detected: motorcycle (ID: 3, Conf: 0.63, Area: 1804)
2026-05-25 13:07:40,656 - AeroBrain - INFO - Detected: car (ID: 2, Conf: 0.56, Area: 1599)
2026-05-25 13:07:40,658 - AeroBrain - INFO - 🎯 TARGET (truck) | CENTERED = | HOLD DISTANCE = | Area: 88770
2026-05-25 13:07:40,855 - AeroBrain - INFO - Detected: truck (ID: 7, Conf: 0.81, Area: 88232)
2026-05-25 13:07:40,857 - AeroBrain - INFO - 🎯 TARGET (truck) | CENTERED = | HOLD DISTANCE = | Area: 88232
2026-05-25 13:07:41,013 - AeroBrain - INFO - Detected: truck (ID: 7, Conf: 0.73, Area: 87368)
2026-05-25 13:07:41,014 - AeroBrain - INFO - Detected: car (ID: 2, Conf: 0.41, Area: 1440)
2026-05-25 13:07:41,016 - AeroBrain - INFO - 🎯 TARGET (truck) | CENTERED = | HOLD DISTANCE = | Area: 87368
2026-05-25 13:07:41,167 - AeroBrain - INFO - Detected: truck (ID: 7, Conf: 0.70, Area: 92536)
2026-05-25 13:07:41,168 - AeroBrain - INFO - Detected: car (ID: 2, Conf: 0.56, Area: 1394)
2026-05-25 13:07:41,170 - AeroBrain - INFO - 🎯 TARGET (truck) | CENTERED = | MOVE BACKWARD ⬇ | Area: 92536
2026-05-25 13:07:41,347 - AeroBrain - INFO - Detected: truck (ID: 7, Conf: 0.69, Area: 86184)
2026-05-25 13:07:41,347 - AeroBrain - INFO - Detected: truck (ID: 7, Conf: 0.54, Area: 136544)
2026-05-25 13:07:41,349 - AeroBrain - INFO - 🎯 TARGET (truck) | CENTERED = | MOVE BACKWARD ⬇ | Area: 136544
2026-05-25 13:07:41,497 - AeroBrain - INFO - Detected: truck (ID: 7, Conf: 0.54, Area: 75300)
2026-05-25 13:07:41,497 - AeroBrain - INFO - Detected: person (ID: 0, Conf: 0.49, Area: 936)
2026-05-25 13:07:41,500 - AeroBrain - INFO - 🎯 TARGET (truck) | CENTERED = | HOLD DISTANCE = | Area: 75300
2026-05-25 13:07:41,646 - AeroBrain - INFO - Detected: person (ID: 0, Conf: 0.53, Area: 2604)
2026-05-25 13:07:41,646 - AeroBrain - INFO - Detected: truck (ID: 7, Conf: 0.43, Area: 73023)
2026-05-25 13:07:41,648 - AeroBrain - INFO - 🎯 TARGET (truck) | CENTERED = | HOLD DISTANCE = | Area: 73023
2026-05-25 13:07:41,785 - AeroBrain - INFO - Detected: truck (ID: 7, Conf: 0.84, Area: 74292)
2026-05-25 13:07:41,785 - AeroBrain - INFO - Detected: car (ID: 2, Conf: 0.66, Area: 1333)
2026-05-25 13:07:41,786 - AeroBrain - INFO - Detected: car (ID: 2, Conf: 0.42, Area: 1776)
2026-05-25 13:07:41,788 - AeroBrain - INFO - 🎯 TARGET (truck) | YAW LEFT ⬅ | HOLD DISTANCE = | Area: 74292
2026-05-25 13:07:41,928 - AeroBrain - INFO - Detected: truck (ID: 7, Conf: 0.90, Area: 68640)
2026-05-25 13:07:41,929 - AeroBrain - INFO - Detected: car (ID: 2, Conf: 0.59, Area: 1312)
2026-05-25 13:07:41,929 - AeroBrain - INFO - Detected: person (ID: 0, Conf: 0.45, Area: 1140)
2026-05-25 13:07:41,931 - AeroBrain - INFO - 🎯 TARGET (truck) | YAW LEFT ⬅ | HOLD DISTANCE = | Area: 68640
2026-05-25 13:07:42,067 - AeroBrain - INFO - Detected: truck (ID: 7, Conf: 0.83, Area: 61640)
2026-05-25 13:07:42,067 - AeroBrain - INFO - Detected: person (ID: 0, Conf: 0.49, Area: 832)
2026-05-25 13:07:42,067 - AeroBrain - INFO - Detected: truck (ID: 7, Conf: 0.43, Area: 12470)
2026-05-25 13:07:42,068 - AeroBrain - INFO - Detected: motorcycle (ID: 3, Conf: 0.41, Area: 3720)
2026-05-25 13:07:42,070 - AeroBrain - INFO - 🎯 TARGET (truck) | YAW LEFT ⬅ | HOLD DISTANCE = | Area: 61640
2026-05-25 13:07:42,215 - AeroBrain - INFO - Detected: truck (ID: 7, Conf: 0.93, Area: 56026)
2026-05-25 13:07:42,216 - AeroBrain - INFO - Detected: car (ID: 2, Conf: 0.52, Area: 1353)
2026-05-25 13:07:42,217 - AeroBrain - INFO - Detected: truck (ID: 7, Conf: 0.45, Area: 27642)
2026-05-25 13:07:42,217 - AeroBrain - INFO - Detected: person (ID: 0, Conf: 0.44, Area: 952)
2026-05-25 13:07:42,217 - AeroBrain - INFO - Detected: person (ID: 0, Conf: 0.40, Area: 2400)
2026-05-25 13:07:42,220 - AeroBrain - INFO - 🎯 TARGET (truck) | YAW LEFT ⬅ | HOLD DISTANCE = | Area: 56026
2026-05-25 13:07:42,358 - AeroBrain - INFO - Detected: truck (ID: 7, Conf: 0.94, Area: 51030)
2026-05-25 13:07:42,359 - AeroBrain - INFO - Detected: person (ID: 0, Conf: 0.42, Area: 1189)
2026-05-25 13:07:42,359 - AeroBrain - INFO - Detected: truck (ID: 7, Conf: 0.41, Area: 20532)
2026-05-25 13:07:42,361 - AeroBrain - INFO - 🎯 TARGET (truck) | YAW LEFT ⬅ | HOLD DISTANCE = | Area: 51030
2026-05-25 13:07:42,511 - AeroBrain - INFO - Detected: truck (ID: 7, Conf: 0.91, Area: 44974)
2026-05-25 13:07:42,512 - AeroBrain - INFO - Detected: truck (ID: 7, Conf: 0.70, Area: 26112)
2026-05-25 13:07:42,513 - AeroBrain - INFO - Detected: person (ID: 0, Conf: 0.41, Area: 1360)
2026-05-25 13:07:42,515 - AeroBrain - INFO - 🎯 TARGET (truck) | YAW LEFT ⬅ | HOLD DISTANCE = | Area: 44974
2026-05-25 13:07:42,686 - AeroBrain - INFO - Detected: truck (ID: 7, Conf: 0.77, Area: 39919)
2026-05-25 13:07:42,686 - AeroBrain - INFO - Detected: person (ID: 0, Conf: 0.62, Area: 2960)
2026-05-25 13:07:42,687 - AeroBrain - INFO - Detected: car (ID: 2, Conf: 0.45, Area: 31073)
2026-05-25 13:07:42,689 - AeroBrain - INFO - 🎯 TARGET (truck) | YAW LEFT ⬅ | MOVE FORWARD ⬆⬆ | Area: 39919
2026-05-25 13:07:42,855 - AeroBrain - INFO - Detected: truck (ID: 7, Conf: 0.70, Area: 35126)
2026-05-25 13:07:42,856 - AeroBrain - INFO - Detected: person (ID: 0, Conf: 0.58, Area: 961)
2026-05-25 13:07:42,856 - AeroBrain - INFO - Detected: truck (ID: 7, Conf: 0.49, Area: 39270)
2026-05-25 13:07:42,858 - AeroBrain - INFO - 🎯 TARGET (truck) | YAW RIGHT ➔ | MOVE FORWARD ⬆⬆ | Area: 39270
2026-05-25 13:07:43,006 - AeroBrain - INFO - Detected: truck (ID: 7, Conf: 0.88, Area: 32016)
2026-05-25 13:07:43,007 - AeroBrain - INFO - Detected: truck (ID: 7, Conf: 0.88, Area: 54327)
2026-05-25 13:07:43,009 - AeroBrain - INFO - 🎯 TARGET (truck) | YAW RIGHT ➔ | HOLD DISTANCE = | Area: 54327
2026-05-25 13:07:43,148 - AeroBrain - INFO - Detected: truck (ID: 7, Conf: 0.95, Area: 28392)
2026-05-25 13:07:43,150 - AeroBrain - INFO - Detected: truck (ID: 7, Conf: 0.74, Area: 60828)
2026-05-25 13:07:43,152 - AeroBrain - INFO - 🎯 TARGET (truck) | YAW RIGHT ➔ | HOLD DISTANCE = | Area: 60828
2026-05-25 13:07:43,292 - AeroBrain - INFO - Detected: truck (ID: 7, Conf: 0.90, Area: 26569)
2026-05-25 13:07:43,293 - AeroBrain - INFO - Detected: truck (ID: 7, Conf: 0.58, Area: 70315)
2026-05-25 13:07:43,293 - AeroBrain - INFO - Detected: car (ID: 2, Conf: 0.52, Area: 1292)
2026-05-25 13:07:43,293 - AeroBrain - INFO - Detected: person (ID: 0, Conf: 0.41, Area: 1058)
2026-05-25 13:07:43,295 - AeroBrain - INFO - 🎯 TARGET (truck) | YAW RIGHT ➔ | HOLD DISTANCE = | Area: 70315
2026-05-25 13:07:43,440 - AeroBrain - INFO - Detected: truck (ID: 7, Conf: 0.92, Area: 26235)
2026-05-25 13:07:43,440 - AeroBrain - INFO - Detected: truck (ID: 7, Conf: 0.75, Area: 80784)
2026-05-25 13:07:43,441 - AeroBrain - INFO - Detected: car (ID: 2, Conf: 0.50, Area: 1710)
2026-05-25 13:07:43,441 - AeroBrain - INFO - Detected: person (ID: 0, Conf: 0.46, Area: 828)
2026-05-25 13:07:43,443 - AeroBrain - INFO - 🎯 TARGET (truck) | YAW RIGHT ➔ | HOLD DISTANCE = | Area: 80784
2026-05-25 13:07:43,581 - AeroBrain - INFO - Detected: truck (ID: 7, Conf: 0.91, Area: 27888)
2026-05-25 13:07:43,582 - AeroBrain - INFO - Detected: truck (ID: 7, Conf: 0.80, Area: 90280)
2026-05-25 13:07:43,582 - AeroBrain - INFO - Detected: car (ID: 2, Conf: 0.62, Area: 2142)
2026-05-25 13:07:43,583 - AeroBrain - INFO - 🎯 TARGET (truck) | YAW RIGHT ➔ | MOVE BACKWARD ⬇ | Area: 90280
2026-05-25 13:07:43,737 - AeroBrain - INFO - Detected: truck (ID: 7, Conf: 0.91, Area: 28900)
2026-05-25 13:07:43,738 - AeroBrain - INFO - Detected: truck (ID: 7, Conf: 0.68, Area: 104975)
2026-05-25 13:07:43,738 - AeroBrain - INFO - Detected: motorcycle (ID: 3, Conf: 0.47, Area: 2646)
2026-05-25 13:07:43,738 - AeroBrain - INFO - Detected: traffic light (ID: 9, Conf: 0.42, Area: 340)
2026-05-25 13:07:43,741 - AeroBrain - INFO - 🎯 TARGET (truck) | YAW RIGHT ➔ | MOVE BACKWARD ⬇ | Area: 104975
2026-05-25 13:07:43,881 - AeroBrain - INFO - Detected: truck (ID: 7, Conf: 0.91, Area: 108768)
2026-05-25 13:07:43,881 - AeroBrain - INFO - Detected: truck (ID: 7, Conf: 0.85, Area: 31200)
2026-05-25 13:07:43,883 - AeroBrain - INFO - 🎯 TARGET (truck) | YAW RIGHT ➔ | MOVE BACKWARD ⬇ | Area: 108768
2026-05-25 13:07:44,060 - AeroBrain - INFO - Detected: truck (ID: 7, Conf: 0.84, Area: 32390)
2026-05-25 13:07:44,061 - AeroBrain - INFO - Detected: truck (ID: 7, Conf: 0.83, Area: 107797)
2026-05-25 13:07:44,063 - AeroBrain - INFO - 🎯 TARGET (truck) | YAW RIGHT ➔ | MOVE BACKWARD ⬇ | Area: 107797
2026-05-25 13:07:44,215 - AeroBrain - INFO - Detected: truck (ID: 7, Conf: 0.84, Area: 93456)
2026-05-25 13:07:44,216 - AeroBrain - INFO - Detected: truck (ID: 7, Conf: 0.61, Area: 26195)
2026-05-25 13:07:44,216 - AeroBrain - INFO - Detected: truck (ID: 7, Conf: 0.60, Area: 2268)
2026-05-25 13:07:44,217 - AeroBrain - INFO - Detected: motorcycle (ID: 3, Conf: 0.58, Area: 2337)
2026-05-25 13:07:44,219 - AeroBrain - INFO - 🎯 TARGET (truck) | YAW RIGHT ➔ | MOVE BACKWARD ⬇ | Area: 93456
2026-05-25 13:07:44,360 - AeroBrain - INFO - Detected: truck (ID: 7, Conf: 0.79, Area: 71820)
2026-05-25 13:07:44,361 - AeroBrain - INFO - Detected: truck (ID: 7, Conf: 0.55, Area: 18422)
2026-05-25 13:07:44,363 - AeroBrain - INFO - 🎯 TARGET (truck) | CENTERED = | HOLD DISTANCE = | Area: 71820
2026-05-25 13:07:44,515 - AeroBrain - INFO - Detected: truck (ID: 7, Conf: 0.74, Area: 59080)
2026-05-25 13:07:44,516 - AeroBrain - INFO - Detected: bus (ID: 5, Conf: 0.56, Area: 59572)
2026-05-25 13:07:44,516 - AeroBrain - INFO - Detected: person (ID: 0, Conf: 0.51, Area: 363)
2026-05-25 13:07:44,516 - AeroBrain - INFO - Detected: person (ID: 0, Conf: 0.49, Area: 1464)
2026-05-25 13:07:44,517 - AeroBrain - INFO - Detected: car (ID: 2, Conf: 0.43, Area: 504)
2026-05-25 13:07:44,517 - AeroBrain - INFO - Detected: motorcycle (ID: 3, Conf: 0.40, Area: 2040)
2026-05-25 13:07:44,519 - AeroBrain - INFO - 🎯 TARGET (bus) | CENTERED = | HOLD DISTANCE = | Area: 59572
2026-05-25 13:07:44,663 - AeroBrain - INFO - Detected: truck (ID: 7, Conf: 0.86, Area: 49087)
2026-05-25 13:07:44,664 - AeroBrain - INFO - Detected: person (ID: 0, Conf: 0.66, Area: 2294)
2026-05-25 13:07:44,665 - AeroBrain - INFO - Detected: person (ID: 0, Conf: 0.47, Area: 1479)
2026-05-25 13:07:44,665 - AeroBrain - INFO - Detected: car (ID: 2, Conf: 0.45, Area: 17228)
2026-05-25 13:07:44,665 - AeroBrain - INFO - Detected: truck (ID: 7, Conf: 0.40, Area: 17228)
2026-05-25 13:07:44,668 - AeroBrain - INFO - 🎯 TARGET (truck) | YAW LEFT ⬅ | HOLD DISTANCE = | Area: 49087
2026-05-25 13:07:44,844 - AeroBrain - INFO - Detected: truck (ID: 7, Conf: 0.67, Area: 42064)
2026-05-25 13:07:44,845 - AeroBrain - INFO - Detected: person (ID: 0, Conf: 0.62, Area: 1711)
2026-05-25 13:07:44,848 - AeroBrain - INFO - 🎯 TARGET (truck) | YAW LEFT ⬅ | HOLD DISTANCE = | Area: 42064
2026-05-25 13:07:44,995 - AeroBrain - INFO - Detected: truck (ID: 7, Conf: 0.84, Area: 39208)
2026-05-25 13:07:44,996 - AeroBrain - INFO - Detected: truck (ID: 7, Conf: 0.83, Area: 51338)
2026-05-25 13:07:44,996 - AeroBrain - INFO - Detected: person (ID: 0, Conf: 0.53, Area: 1568)
2026-05-25 13:07:44,996 - AeroBrain - INFO - Detected: truck (ID: 7, Conf: 0.43, Area: 5460)
2026-05-25 13:07:44,999 - AeroBrain - INFO - 🎯 TARGET (truck) | YAW RIGHT ➔ | HOLD DISTANCE = | Area: 51338
2026-05-25 13:07:45,172 - AeroBrain - INFO - Detected: truck (ID: 7, Conf: 0.74, Area: 33945)
2026-05-25 13:07:45,173 - AeroBrain - INFO - Detected: truck (ID: 7, Conf: 0.73, Area: 54272)
2026-05-25 13:07:45,173 - AeroBrain - INFO - Detected: person (ID: 0, Conf: 0.64, Area: 1539)
2026-05-25 13:07:45,174 - AeroBrain - INFO - Detected: truck (ID: 7, Conf: 0.51, Area: 8840)
2026-05-25 13:07:45,176 - AeroBrain - INFO - 🎯 TARGET (truck) | YAW RIGHT ➔ | HOLD DISTANCE = | Area: 54272
2026-05-25 13:07:45,316 - AeroBrain - INFO - Detected: truck (ID: 7, Conf: 0.85, Area: 55930)
2026-05-25 13:07:45,317 - AeroBrain - INFO - Detected: car (ID: 2, Conf: 0.53, Area: 4872)
2026-05-25 13:07:45,318 - AeroBrain - INFO - Detected: truck (ID: 7, Conf: 0.44, Area: 29930)
2026-05-25 13:07:45,319 - AeroBrain - INFO - 🎯 TARGET (truck) | YAW RIGHT ➔ | HOLD DISTANCE = | Area: 55930
2026-05-25 13:07:45,463 - AeroBrain - INFO - Detected: truck (ID: 7, Conf: 0.70, Area: 28512)
2026-05-25 13:07:45,464 - AeroBrain - INFO - Detected: truck (ID: 7, Conf: 0.55, Area: 84249)
2026-05-25 13:07:45,466 - AeroBrain - INFO - 🎯 TARGET (truck) | YAW RIGHT ➔ | HOLD DISTANCE = | Area: 84249
2026-05-25 13:07:45,633 - AeroBrain - INFO - Detected: car (ID: 2, Conf: 0.91, Area: 26864)
2026-05-25 13:07:45,633 - AeroBrain - INFO - Detected: truck (ID: 7, Conf: 0.69, Area: 26634)
2026-05-25 13:07:45,634 - AeroBrain - INFO - Detected: truck (ID: 7, Conf: 0.61, Area: 58905)
2026-05-25 13:07:45,636 - AeroBrain - INFO - 🎯 TARGET (truck) | YAW RIGHT ➔ | HOLD DISTANCE = | Area: 58905
2026-05-25 13:07:45,778 - AeroBrain - INFO - Detected: car (ID: 2, Conf: 0.85, Area: 34484)
2026-05-25 13:07:45,779 - AeroBrain - INFO - Detected: truck (ID: 7, Conf: 0.72, Area: 23936)
2026-05-25 13:07:45,780 - AeroBrain - INFO - Detected: truck (ID: 7, Conf: 0.60, Area: 14637)
2026-05-25 13:07:45,780 - AeroBrain - INFO - Detected: truck (ID: 7, Conf: 0.44, Area: 59664)
2026-05-25 13:07:45,782 - AeroBrain - INFO - 🎯 TARGET (truck) | YAW RIGHT ➔ | HOLD DISTANCE = | Area: 59664
2026-05-25 13:07:45,929 - AeroBrain - INFO - Detected: car (ID: 2, Conf: 0.72, Area: 7245)
2026-05-25 13:07:45,929 - AeroBrain - INFO - Detected: truck (ID: 7, Conf: 0.49, Area: 12276)
2026-05-25 13:07:45,930 - AeroBrain - INFO - Detected: car (ID: 2, Conf: 0.44, Area: 42228)
2026-05-25 13:07:45,932 - AeroBrain - INFO - 🎯 TARGET (car) | YAW RIGHT ➔ | HOLD DISTANCE = | Area: 42228
2026-05-25 13:07:46,069 - AeroBrain - INFO - Detected: car (ID: 2, Conf: 0.75, Area: 43212)
2026-05-25 13:07:46,070 - AeroBrain - INFO - Detected: truck (ID: 7, Conf: 0.62, Area: 16800)
2026-05-25 13:07:46,073 - AeroBrain - INFO - 🎯 TARGET (car) | YAW RIGHT ➔ | HOLD DISTANCE = | Area: 43212
2026-05-25 13:07:46,216 - AeroBrain - INFO - Detected: car (ID: 2, Conf: 0.79, Area: 35856)
2026-05-25 13:07:46,217 - AeroBrain - INFO - Detected: truck (ID: 7, Conf: 0.53, Area: 9282)
2026-05-25 13:07:46,218 - AeroBrain - INFO - Detected: car (ID: 2, Conf: 0.43, Area: 3712)
2026-05-25 13:07:46,220 - AeroBrain - INFO - 🎯 TARGET (car) | YAW RIGHT ➔ | MOVE FORWARD ⬆⬆ | Area: 35856
2026-05-25 13:07:46,387 - AeroBrain - INFO - Detected: car (ID: 2, Conf: 0.91, Area: 29925)
2026-05-25 13:07:46,388 - AeroBrain - INFO - Detected: truck (ID: 7, Conf: 0.50, Area: 5810)
2026-05-25 13:07:46,392 - AeroBrain - INFO - 🎯 TARGET (car) | CENTERED = | MOVE FORWARD ⬆⬆ | Area: 29925
2026-05-25 13:07:46,536 - AeroBrain - INFO - Detected: car (ID: 2, Conf: 0.83, Area: 26660)
2026-05-25 13:07:46,537 - AeroBrain - INFO - Detected: truck (ID: 7, Conf: 0.61, Area: 84458)
2026-05-25 13:07:46,538 - AeroBrain - INFO - Detected: truck (ID: 7, Conf: 0.53, Area: 4290)
2026-05-25 13:07:46,540 - AeroBrain - INFO - 🎯 TARGET (truck) | YAW RIGHT ➔ | HOLD DISTANCE = | Area: 84458
2026-05-25 13:07:46,690 - AeroBrain - INFO - Detected: car (ID: 2, Conf: 0.84, Area: 26596)
2026-05-25 13:07:46,691 - AeroBrain - INFO - Detected: truck (ID: 7, Conf: 0.79, Area: 85320)
2026-05-25 13:07:46,693 - AeroBrain - INFO - 🎯 TARGET (truck) | YAW RIGHT ➔ | HOLD DISTANCE = | Area: 85320
2026-05-25 13:07:46,831 - AeroBrain - INFO - Detected: car (ID: 2, Conf: 0.78, Area: 26100)
2026-05-25 13:07:46,831 - AeroBrain - INFO - Detected: person (ID: 0, Conf: 0.58, Area: 1012)
2026-05-25 13:07:46,832 - AeroBrain - INFO - Detected: truck (ID: 7, Conf: 0.40, Area: 3360)
2026-05-25 13:07:46,833 - AeroBrain - INFO - 🎯 TARGET (car) | YAW LEFT ⬅ | MOVE FORWARD ⬆⬆ | Area: 26100
2026-05-25 13:07:46,979 - AeroBrain - INFO - Detected: car (ID: 2, Conf: 0.73, Area: 29646)
2026-05-25 13:07:46,980 - AeroBrain - INFO - Detected: truck (ID: 7, Conf: 0.72, Area: 95172)
2026-05-25 13:07:46,982 - AeroBrain - INFO - 🎯 TARGET (truck) | CENTERED = | MOVE BACKWARD ⬇ | Area: 95172
2026-05-25 13:07:47,144 - AeroBrain - INFO - Detected: car (ID: 2, Conf: 0.88, Area: 23353)
2026-05-25 13:07:47,145 - AeroBrain - INFO - Detected: truck (ID: 7, Conf: 0.44, Area: 93751)
2026-05-25 13:07:47,148 - AeroBrain - INFO - 🎯 TARGET (truck) | YAW RIGHT ➔ | MOVE BACKWARD ⬇ | Area: 93751
2026-05-25 13:07:47,287 - AeroBrain - INFO - Detected: car (ID: 2, Conf: 0.79, Area: 19221)
2026-05-25 13:07:47,288 - AeroBrain - INFO - Detected: truck (ID: 7, Conf: 0.51, Area: 91350)
2026-05-25 13:07:47,290 - AeroBrain - INFO - 🎯 TARGET (truck) | CENTERED = | MOVE BACKWARD ⬇ | Area: 91350
2026-05-25 13:07:47,433 - AeroBrain - INFO - Detected: car (ID: 2, Conf: 0.78, Area: 13400)
2026-05-25 13:07:47,434 - AeroBrain - INFO - Detected: truck (ID: 7, Conf: 0.76, Area: 93380)
2026-05-25 13:07:47,434 - AeroBrain - INFO - Detected: truck (ID: 7, Conf: 0.43, Area: 14375)
2026-05-25 13:07:47,436 - AeroBrain - INFO - 🎯 TARGET (truck) | CENTERED = | MOVE BACKWARD ⬇ | Area: 93380
2026-05-25 13:07:47,612 - AeroBrain - INFO - Detected: truck (ID: 7, Conf: 0.82, Area: 94479)
2026-05-25 13:07:47,612 - AeroBrain - INFO - Detected: car (ID: 2, Conf: 0.56, Area: 3672)
2026-05-25 13:07:47,614 - AeroBrain - INFO - 🎯 TARGET (truck) | YAW LEFT ⬅ | MOVE BACKWARD ⬇ | Area: 94479
2026-05-25 13:07:47,756 - AeroBrain - INFO - Detected: truck (ID: 7, Conf: 0.45, Area: 65780)
2026-05-25 13:07:47,757 - AeroBrain - INFO - Detected: car (ID: 2, Conf: 0.44, Area: 32706)
2026-05-25 13:07:47,760 - AeroBrain - INFO - 🎯 TARGET (truck) | YAW LEFT ⬅ | HOLD DISTANCE = | Area: 65780
2026-05-25 13:07:47,896 - AeroBrain - INFO - Detected: car (ID: 2, Conf: 0.59, Area: 44660)
2026-05-25 13:07:47,898 - AeroBrain - INFO - 🎯 TARGET (car) | YAW RIGHT ➔ | HOLD DISTANCE = | Area: 44660
2026-05-25 13:07:48,037 - AeroBrain - INFO - Detected: car (ID: 2, Conf: 0.92, Area: 50736)
2026-05-25 13:07:48,037 - AeroBrain - INFO - Detected: truck (ID: 7, Conf: 0.91, Area: 59675)
2026-05-25 13:07:48,040 - AeroBrain - INFO - 🎯 TARGET (truck) | YAW LEFT ⬅ | HOLD DISTANCE = | Area: 59675
2026-05-25 13:07:48,176 - AeroBrain - INFO - Detected: car (ID: 2, Conf: 0.89, Area: 67200)
2026-05-25 13:07:48,177 - AeroBrain - INFO - Detected: truck (ID: 7, Conf: 0.42, Area: 91434)
2026-05-25 13:07:48,179 - AeroBrain - INFO - 🎯 TARGET (truck) | YAW LEFT ⬅ | MOVE BACKWARD ⬇ | Area: 91434
2026-05-25 13:07:48,343 - AeroBrain - INFO - Detected: car (ID: 2, Conf: 0.89, Area: 66038)
2026-05-25 13:07:48,344 - AeroBrain - INFO - Detected: truck (ID: 7, Conf: 0.83, Area: 56070)
2026-05-25 13:07:48,346 - AeroBrain - INFO - 🎯 TARGET (car) | CENTERED = | HOLD DISTANCE = | Area: 66038
2026-05-25 13:07:48,492 - AeroBrain - INFO - Detected: car (ID: 2, Conf: 0.86, Area: 63545)
2026-05-25 13:07:48,493 - AeroBrain - INFO - Detected: car (ID: 2, Conf: 0.80, Area: 12065)
2026-05-25 13:07:48,493 - AeroBrain - INFO - Detected: truck (ID: 7, Conf: 0.77, Area: 54648)
2026-05-25 13:07:48,495 - AeroBrain - INFO - 🎯 TARGET (car) | CENTERED = | HOLD DISTANCE = | Area: 63545
2026-05-25 13:07:48,659 - AeroBrain - INFO - Detected: car (ID: 2, Conf: 0.92, Area: 51359)
2026-05-25 13:07:48,659 - AeroBrain - INFO - Detected: car (ID: 2, Conf: 0.77, Area: 14415)
2026-05-25 13:07:48,660 - AeroBrain - INFO - Detected: truck (ID: 7, Conf: 0.62, Area: 73066)
2026-05-25 13:07:48,661 - AeroBrain - INFO - Detected: person (ID: 0, Conf: 0.45, Area: 1560)
2026-05-25 13:07:48,663 - AeroBrain - INFO - 🎯 TARGET (truck) | YAW LEFT ⬅ | HOLD DISTANCE = | Area: 73066
2026-05-25 13:07:48,830 - AeroBrain - INFO - Detected: car (ID: 2, Conf: 0.92, Area: 45135)
2026-05-25 13:07:48,831 - AeroBrain - INFO - Detected: car (ID: 2, Conf: 0.84, Area: 16490)
2026-05-25 13:07:48,832 - AeroBrain - INFO - 🎯 TARGET (car) | YAW LEFT ⬅ | HOLD DISTANCE = | Area: 45135
2026-05-25 13:07:48,976 - AeroBrain - INFO - Detected: car (ID: 2, Conf: 0.93, Area: 42316)
2026-05-25 13:07:48,977 - AeroBrain - INFO - Detected: car (ID: 2, Conf: 0.77, Area: 21726)
2026-05-25 13:07:48,979 - AeroBrain - INFO - 🎯 TARGET (car) | YAW LEFT ⬅ | HOLD DISTANCE = | Area: 42316
2026-05-25 13:07:49,143 - AeroBrain - INFO - Detected: car (ID: 2, Conf: 0.92, Area: 36448)
2026-05-25 13:07:49,145 - AeroBrain - INFO - Detected: car (ID: 2, Conf: 0.69, Area: 19176)
2026-05-25 13:07:49,145 - AeroBrain - INFO - Detected: person (ID: 0, Conf: 0.67, Area: 4264)
2026-05-25 13:07:49,147 - AeroBrain - INFO - 🎯 TARGET (car) | YAW LEFT ⬅ | MOVE FORWARD ⬆⬆ | Area: 36448
2026-05-25 13:07:49,313 - AeroBrain - INFO - Detected: car (ID: 2, Conf: 0.90, Area: 32768)
2026-05-25 13:07:49,314 - AeroBrain - INFO - Detected: car (ID: 2, Conf: 0.81, Area: 19502)
2026-05-25 13:07:49,314 - AeroBrain - INFO - Detected: person (ID: 0, Conf: 0.63, Area: 3478)
2026-05-25 13:07:49,316 - AeroBrain - INFO - 🎯 TARGET (car) | YAW LEFT ⬅ | MOVE FORWARD ⬆⬆ | Area: 32768
2026-05-25 13:07:49,457 - AeroBrain - INFO - Detected: car (ID: 2, Conf: 0.90, Area: 28438)
2026-05-25 13:07:49,458 - AeroBrain - INFO - Detected: car (ID: 2, Conf: 0.77, Area: 17484)
2026-05-25 13:07:49,458 - AeroBrain - INFO - Detected: person (ID: 0, Conf: 0.71, Area: 4459)
2026-05-25 13:07:49,460 - AeroBrain - INFO - 🎯 TARGET (car) | YAW LEFT ⬅ | MOVE FORWARD ⬆⬆ | Area: 28438
2026-05-25 13:07:49,622 - AeroBrain - INFO - Detected: car (ID: 2, Conf: 0.89, Area: 25645)
2026-05-25 13:07:49,623 - AeroBrain - INFO - Detected: person (ID: 0, Conf: 0.76, Area: 4277)
2026-05-25 13:07:49,623 - AeroBrain - INFO - Detected: truck (ID: 7, Conf: 0.51, Area: 17184)
2026-05-25 13:07:49,624 - AeroBrain - INFO - Detected: car (ID: 2, Conf: 0.48, Area: 16920)
2026-05-25 13:07:49,626 - AeroBrain - INFO - 🎯 TARGET (car) | YAW LEFT ⬅ | MOVE FORWARD ⬆⬆ | Area: 25645
2026-05-25 13:07:49,760 - AeroBrain - INFO - Detected: car (ID: 2, Conf: 0.86, Area: 21420)
2026-05-25 13:07:49,761 - AeroBrain - INFO - Detected: car (ID: 2, Conf: 0.76, Area: 14022)
2026-05-25 13:07:49,761 - AeroBrain - INFO - Detected: person (ID: 0, Conf: 0.60, Area: 3306)
2026-05-25 13:07:49,763 - AeroBrain - INFO - 🎯 TARGET (car) | YAW LEFT ⬅ | MOVE FORWARD ⬆⬆ | Area: 21420
2026-05-25 13:07:49,929 - AeroBrain - INFO - Detected: car (ID: 2, Conf: 0.84, Area: 19200)
2026-05-25 13:07:49,930 - AeroBrain - INFO - Detected: car (ID: 2, Conf: 0.77, Area: 13356)
2026-05-25 13:07:49,930 - AeroBrain - INFO - Detected: person (ID: 0, Conf: 0.62, Area: 3486)
2026-05-25 13:07:49,933 - AeroBrain - INFO - 🎯 TARGET (car) | YAW LEFT ⬅ | MOVE FORWARD ⬆⬆ | Area: 19200
2026-05-25 13:07:50,101 - AeroBrain - INFO - Detected: car (ID: 2, Conf: 0.71, Area: 13260)
2026-05-25 13:07:50,102 - AeroBrain - INFO - Detected: car (ID: 2, Conf: 0.67, Area: 16100)
2026-05-25 13:07:50,102 - AeroBrain - INFO - Detected: person (ID: 0, Conf: 0.61, Area: 3913)
2026-05-25 13:07:50,104 - AeroBrain - INFO - 🎯 TARGET (car) | YAW LEFT ⬅ | MOVE FORWARD ⬆⬆ | Area: 16100
2026-05-25 13:07:50,250 - AeroBrain - INFO - Detected: car (ID: 2, Conf: 0.80, Area: 13920)
2026-05-25 13:07:50,251 - AeroBrain - INFO - Detected: car (ID: 2, Conf: 0.75, Area: 11920)
2026-05-25 13:07:50,251 - AeroBrain - INFO - Detected: person (ID: 0, Conf: 0.71, Area: 4418)
2026-05-25 13:07:50,252 - AeroBrain - INFO - Detected: car (ID: 2, Conf: 0.44, Area: 624)
2026-05-25 13:07:50,253 - AeroBrain - INFO - 🎯 TARGET (car) | YAW LEFT ⬅ | MOVE FORWARD ⬆⬆ | Area: 13920
2026-05-25 13:07:50,395 - AeroBrain - INFO - Detected: car (ID: 2, Conf: 0.76, Area: 10998)
2026-05-25 13:07:50,396 - AeroBrain - INFO - Detected: person (ID: 0, Conf: 0.76, Area: 4743)
2026-05-25 13:07:50,396 - AeroBrain - INFO - Detected: truck (ID: 7, Conf: 0.58, Area: 13024)
2026-05-25 13:07:50,398 - AeroBrain - INFO - 🎯 TARGET (truck) | YAW LEFT ⬅ | MOVE FORWARD ⬆⬆ | Area: 13024
2026-05-25 13:07:50,571 - AeroBrain - INFO - Detected: car (ID: 2, Conf: 0.79, Area: 10240)
2026-05-25 13:07:50,571 - AeroBrain - INFO - Detected: person (ID: 0, Conf: 0.79, Area: 6138)
2026-05-25 13:07:50,571 - AeroBrain - INFO - Detected: car (ID: 2, Conf: 0.66, Area: 9600)
2026-05-25 13:07:50,572 - AeroBrain - INFO - Detected: car (ID: 2, Conf: 0.46, Area: 805)
2026-05-25 13:07:50,572 - AeroBrain - INFO - Detected: truck (ID: 7, Conf: 0.45, Area: 1232)
2026-05-25 13:07:50,572 - AeroBrain - INFO - Detected: truck (ID: 7, Conf: 0.42, Area: 9600)
2026-05-25 13:07:50,574 - AeroBrain - INFO - 🎯 TARGET (car) | YAW LEFT ⬅ | MOVE FORWARD ⬆⬆ | Area: 10240
2026-05-25 13:07:50,728 - AeroBrain - INFO - Detected: car (ID: 2, Conf: 0.79, Area: 8094)
2026-05-25 13:07:50,729 - AeroBrain - INFO - Detected: person (ID: 0, Conf: 0.74, Area: 7085)
2026-05-25 13:07:50,733 - AeroBrain - INFO - Detected: car (ID: 2, Conf: 0.69, Area: 8024)
2026-05-25 13:07:50,735 - AeroBrain - INFO - 🎯 TARGET (car) | YAW LEFT ⬅ | MOVE FORWARD ⬆⬆ | Area: 8094
2026-05-25 13:07:50,887 - AeroBrain - INFO - Detected: car (ID: 2, Conf: 0.82, Area: 8190)
2026-05-25 13:07:50,887 - AeroBrain - INFO - Detected: person (ID: 0, Conf: 0.80, Area: 7722)
2026-05-25 13:07:50,887 - AeroBrain - INFO - Detected: car (ID: 2, Conf: 0.73, Area: 5427)
2026-05-25 13:07:50,891 - AeroBrain - INFO - 🎯 TARGET (car) | YAW LEFT ⬅ | MOVE FORWARD ⬆⬆ | Area: 8190
2026-05-25 13:07:51,053 - AeroBrain - INFO - Detected: car (ID: 2, Conf: 0.83, Area: 8892)
2026-05-25 13:07:51,054 - AeroBrain - INFO - Detected: car (ID: 2, Conf: 0.80, Area: 4875)
2026-05-25 13:07:51,054 - AeroBrain - INFO - Detected: person (ID: 0, Conf: 0.49, Area: 4095)
2026-05-25 13:07:51,054 - AeroBrain - INFO - Detected: car (ID: 2, Conf: 0.44, Area: 567)
2026-05-25 13:07:51,056 - AeroBrain - INFO - 🎯 TARGET (car) | YAW LEFT ⬅ | MOVE FORWARD ⬆⬆ | Area: 8892
2026-05-25 13:07:51,206 - AeroBrain - INFO - Detected: car (ID: 2, Conf: 0.78, Area: 4464)
2026-05-25 13:07:51,206 - AeroBrain - INFO - Detected: car (ID: 2, Conf: 0.73, Area: 9438)
2026-05-25 13:07:51,208 - AeroBrain - INFO - 🎯 TARGET (car) | CENTERED = | MOVE FORWARD ⬆⬆ | Area: 9438
2026-05-25 13:07:51,375 - AeroBrain - INFO - Detected: car (ID: 2, Conf: 0.71, Area: 9801)
2026-05-25 13:07:51,375 - AeroBrain - INFO - Detected: car (ID: 2, Conf: 0.66, Area: 4248)
2026-05-25 13:07:51,376 - AeroBrain - INFO - Detected: car (ID: 2, Conf: 0.42, Area: 456)
2026-05-25 13:07:51,377 - AeroBrain - INFO - 🎯 TARGET (car) | CENTERED = | MOVE FORWARD ⬆⬆ | Area: 9801
2026-05-25 13:07:51,547 - AeroBrain - INFO - Detected: car (ID: 2, Conf: 0.69, Area: 10625)
2026-05-25 13:07:51,547 - AeroBrain - INFO - Detected: car (ID: 2, Conf: 0.49, Area: 4130)
2026-05-25 13:07:51,550 - AeroBrain - INFO - 🎯 TARGET (car) | CENTERED = | MOVE FORWARD ⬆⬆ | Area: 10625
2026-05-25 13:07:51,718 - AeroBrain - INFO - Detected: car (ID: 2, Conf: 0.82, Area: 11739)
2026-05-25 13:07:51,718 - AeroBrain - INFO - Detected: car (ID: 2, Conf: 0.72, Area: 2337)
2026-05-25 13:07:51,720 - AeroBrain - INFO - 🎯 TARGET (car) | CENTERED = | MOVE FORWARD ⬆⬆ | Area: 11739
2026-05-25 13:07:51,912 - AeroBrain - INFO - Detected: car (ID: 2, Conf: 0.79, Area: 12690)
2026-05-25 13:07:51,912 - AeroBrain - INFO - Detected: car (ID: 2, Conf: 0.70, Area: 3234)
2026-05-25 13:07:51,914 - AeroBrain - INFO - 🎯 TARGET (car) | CENTERED = | MOVE FORWARD ⬆⬆ | Area: 12690
2026-05-25 13:07:52,079 - AeroBrain - INFO - Detected: car (ID: 2, Conf: 0.74, Area: 13536)
2026-05-25 13:07:52,080 - AeroBrain - INFO - Detected: car (ID: 2, Conf: 0.48, Area: 1855)
2026-05-25 13:07:52,080 - AeroBrain - INFO - Detected: person (ID: 0, Conf: 0.43, Area: 1128)
2026-05-25 13:07:52,081 - AeroBrain - INFO - 🎯 TARGET (car) | CENTERED = | MOVE FORWARD ⬆⬆ | Area: 13536
2026-05-25 13:07:52,248 - AeroBrain - INFO - Detected: car (ID: 2, Conf: 0.82, Area: 14994)
2026-05-25 13:07:52,249 - AeroBrain - INFO - Detected: car (ID: 2, Conf: 0.48, Area: 1536)
2026-05-25 13:07:52,251 - AeroBrain - INFO - 🎯 TARGET (car) | CENTERED = | MOVE FORWARD ⬆⬆ | Area: 14994
2026-05-25 13:07:52,409 - AeroBrain - INFO - Detected: car (ID: 2, Conf: 0.84, Area: 16200)
2026-05-25 13:07:52,410 - AeroBrain - INFO - Detected: car (ID: 2, Conf: 0.50, Area: 1147)
2026-05-25 13:07:52,411 - AeroBrain - INFO - 🎯 TARGET (car) | CENTERED = | MOVE FORWARD ⬆⬆ | Area: 16200
2026-05-25 13:07:52,586 - AeroBrain - INFO - Detected: car (ID: 2, Conf: 0.87, Area: 14729)
2026-05-25 13:07:52,586 - AeroBrain - INFO - Detected: person (ID: 0, Conf: 0.52, Area: 600)
2026-05-25 13:07:52,591 - AeroBrain - INFO - 🎯 TARGET (car) | CENTERED = | MOVE FORWARD ⬆⬆ | Area: 14729
2026-05-25 13:07:52,757 - AeroBrain - INFO - Detected: car (ID: 2, Conf: 0.75, Area: 10030)
2026-05-25 13:07:52,758 - AeroBrain - INFO - Detected: person (ID: 0, Conf: 0.40, Area: 2277)
2026-05-25 13:07:52,760 - AeroBrain - INFO - 🎯 TARGET (car) | YAW LEFT ⬅ | MOVE FORWARD ⬆⬆ | Area: 10030
2026-05-25 13:07:52,926 - AeroBrain - INFO - Detected: person (ID: 0, Conf: 0.66, Area: 2765)
2026-05-25 13:07:52,927 - AeroBrain - INFO - Detected: car (ID: 2, Conf: 0.66, Area: 2112)
2026-05-25 13:07:52,927 - AeroBrain - INFO - Detected: car (ID: 2, Conf: 0.66, Area: 6930)
2026-05-25 13:07:52,928 - AeroBrain - INFO - Detected: car (ID: 2, Conf: 0.57, Area: 704)
2026-05-25 13:07:52,930 - AeroBrain - INFO - 🎯 TARGET (car) | YAW LEFT ⬅ | MOVE FORWARD ⬆⬆ | Area: 6930
2026-05-25 13:07:53,103 - AeroBrain - INFO - Detected: person (ID: 0, Conf: 0.75, Area: 3549)
2026-05-25 13:07:53,104 - AeroBrain - INFO - Detected: car (ID: 2, Conf: 0.67, Area: 1708)
2026-05-25 13:07:53,104 - AeroBrain - INFO - Detected: car (ID: 2, Conf: 0.64, Area: 5220)
2026-05-25 13:07:53,109 - AeroBrain - INFO - 🎯 TARGET (car) | YAW LEFT ⬅ | MOVE FORWARD ⬆⬆ | Area: 5220
2026-05-25 13:07:53,302 - AeroBrain - INFO - Detected: person (ID: 0, Conf: 0.62, Area: 3784)
2026-05-25 13:07:53,302 - AeroBrain - INFO - Detected: motorcycle (ID: 3, Conf: 0.49, Area: 1014)
2026-05-25 13:07:53,303 - AeroBrain - INFO - Detected: car (ID: 2, Conf: 0.48, Area: 819)
2026-05-25 13:07:53,303 - AeroBrain - INFO - Detected: car (ID: 2, Conf: 0.44, Area: 2067)
2026-05-25 13:07:53,303 - AeroBrain - INFO - Detected: car (ID: 2, Conf: 0.41, Area: 3430)
2026-05-25 13:07:53,305 - AeroBrain - INFO - 🎯 TARGET (person) | CENTERED = | MOVE FORWARD ⬆⬆ | Area: 3784
2026-05-25 13:07:53,469 - AeroBrain - INFO - Detected: person (ID: 0, Conf: 0.72, Area: 5232)
2026-05-25 13:07:53,469 - AeroBrain - INFO - Detected: car (ID: 2, Conf: 0.70, Area: 1428)
2026-05-25 13:07:53,470 - AeroBrain - INFO - Detected: bicycle (ID: 1, Conf: 0.60, Area: 6384)
2026-05-25 13:07:53,470 - AeroBrain - INFO - Detected: car (ID: 2, Conf: 0.59, Area: 2196)
2026-05-25 13:07:53,470 - AeroBrain - INFO - Detected: car (ID: 2, Conf: 0.58, Area: 680)
2026-05-25 13:07:53,471 - AeroBrain - INFO - Detected: car (ID: 2, Conf: 0.49, Area: 1176)
2026-05-25 13:07:53,474 - AeroBrain - INFO - 🎯 TARGET (bicycle) | CENTERED = | MOVE FORWARD ⬆⬆ | Area: 6384
2026-05-25 13:07:53,637 - AeroBrain - INFO - Detected: car (ID: 2, Conf: 0.74, Area: 1215)
2026-05-25 13:07:53,637 - AeroBrain - INFO - Detected: person (ID: 0, Conf: 0.73, Area: 4650)
2026-05-25 13:07:53,638 - AeroBrain - INFO - Detected: car (ID: 2, Conf: 0.60, Area: 2006)
2026-05-25 13:07:53,640 - AeroBrain - INFO - 🎯 TARGET (person) | YAW RIGHT ➔ | MOVE FORWARD ⬆⬆ | Area: 4650
2026-05-25 13:07:53,838 - AeroBrain - INFO - Detected: person (ID: 0, Conf: 0.63, Area: 6105)
2026-05-25 13:07:53,838 - AeroBrain - INFO - Detected: car (ID: 2, Conf: 0.52, Area: 1760)
2026-05-25 13:07:53,838 - AeroBrain - INFO - Detected: car (ID: 2, Conf: 0.43, Area: 819)
2026-05-25 13:07:53,840 - AeroBrain - INFO - Detected: motorcycle (ID: 3, Conf: 0.42, Area: 999)
2026-05-25 13:07:53,841 - AeroBrain - INFO - 🎯 TARGET (person) | YAW RIGHT ➔ | MOVE FORWARD ⬆⬆ | Area: 6105
2026-05-25 13:07:53,999 - AeroBrain - INFO - Detected: person (ID: 0, Conf: 0.62, Area: 6322)
2026-05-25 13:07:54,000 - AeroBrain - INFO - Detected: person (ID: 0, Conf: 0.55, Area: 980)
2026-05-25 13:07:54,000 - AeroBrain - INFO - Detected: car (ID: 2, Conf: 0.54, Area: 703)
2026-05-25 13:07:54,000 - AeroBrain - INFO - Detected: person (ID: 0, Conf: 0.50, Area: 1440)
2026-05-25 13:07:54,001 - AeroBrain - INFO - Detected: car (ID: 2, Conf: 0.41, Area: 1666)
2026-05-25 13:07:54,003 - AeroBrain - INFO - 🎯 TARGET (person) | YAW RIGHT ➔ | MOVE FORWARD ⬆⬆ | Area: 6322
2026-05-25 13:07:54,157 - AeroBrain - INFO - Detected: person (ID: 0, Conf: 0.66, Area: 7080)
2026-05-25 13:07:54,157 - AeroBrain - INFO - Detected: car (ID: 2, Conf: 0.53, Area: 551)
2026-05-25 13:07:54,157 - AeroBrain - INFO - Detected: car (ID: 2, Conf: 0.48, Area: 200)
2026-05-25 13:07:54,158 - AeroBrain - INFO - Detected: car (ID: 2, Conf: 0.42, Area: 27694)
2026-05-25 13:07:54,160 - AeroBrain - INFO - 🎯 TARGET (car) | YAW RIGHT ➔ | MOVE FORWARD ⬆⬆ | Area: 27694
2026-05-25 13:07:54,306 - AeroBrain - INFO - Detected: car (ID: 2, Conf: 0.86, Area: 70896)
2026-05-25 13:07:54,307 - AeroBrain - INFO - Detected: person (ID: 0, Conf: 0.82, Area: 7371)
2026-05-25 13:07:54,309 - AeroBrain - INFO - 🎯 TARGET (car) | YAW RIGHT ➔ | HOLD DISTANCE = | Area: 70896
2026-05-25 13:07:54,464 - AeroBrain - INFO - Detected: car (ID: 2, Conf: 0.90, Area: 95344)
2026-05-25 13:07:54,465 - AeroBrain - INFO - Detected: person (ID: 0, Conf: 0.46, Area: 5005)
2026-05-25 13:07:54,466 - AeroBrain - INFO - 🎯 TARGET (car) | YAW RIGHT ➔ | MOVE BACKWARD ⬇ | Area: 95344
2026-05-25 13:07:54,626 - AeroBrain - INFO - Detected: car (ID: 2, Conf: 0.88, Area: 89586)
2026-05-25 13:07:54,627 - AeroBrain - INFO - Detected: person (ID: 0, Conf: 0.62, Area: 2024)
2026-05-25 13:07:54,627 - AeroBrain - INFO - Detected: person (ID: 0, Conf: 0.44, Area: 1988)
2026-05-25 13:07:54,630 - AeroBrain - INFO - 🎯 TARGET (car) | YAW RIGHT ➔ | HOLD DISTANCE = | Area: 89586
2026-05-25 13:07:54,788 - AeroBrain - INFO - Detected: car (ID: 2, Conf: 0.67, Area: 45980)
2026-05-25 13:07:54,788 - AeroBrain - INFO - Detected: person (ID: 0, Conf: 0.47, Area: 3250)
2026-05-25 13:07:54,791 - AeroBrain - INFO - 🎯 TARGET (car) | CENTERED = | HOLD DISTANCE = | Area: 45980
2026-05-25 13:07:54,954 - AeroBrain - INFO - Detected: person (ID: 0, Conf: 0.81, Area: 9900)
2026-05-25 13:07:54,954 - AeroBrain - INFO - Detected: car (ID: 2, Conf: 0.76, Area: 45600)
2026-05-25 13:07:54,955 - AeroBrain - INFO - Detected: car (ID: 2, Conf: 0.44, Area: 1034)
2026-05-25 13:07:54,957 - AeroBrain - INFO - 🎯 TARGET (car) | CENTERED = | HOLD DISTANCE = | Area: 45600
2026-05-25 13:07:55,141 - AeroBrain - INFO - Detected: car (ID: 2, Conf: 0.80, Area: 25116)
2026-05-25 13:07:55,142 - AeroBrain - INFO - Detected: person (ID: 0, Conf: 0.77, Area: 13031)
2026-05-25 13:07:55,142 - AeroBrain - INFO - Detected: person (ID: 0, Conf: 0.68, Area: 2754)
2026-05-25 13:07:55,142 - AeroBrain - INFO - Detected: bicycle (ID: 1, Conf: 0.66, Area: 16912)
2026-05-25 13:07:55,144 - AeroBrain - INFO - 🎯 TARGET (car) | YAW LEFT ⬅ | MOVE FORWARD ⬆⬆ | Area: 25116
2026-05-25 13:07:55,333 - AeroBrain - INFO - Detected: person (ID: 0, Conf: 0.83, Area: 12240)
2026-05-25 13:07:55,333 - AeroBrain - INFO - Detected: car (ID: 2, Conf: 0.65, Area: 13923)
2026-05-25 13:07:55,334 - AeroBrain - INFO - Detected: person (ID: 0, Conf: 0.43, Area: 2291)
2026-05-25 13:07:55,335 - AeroBrain - INFO - 🎯 TARGET (car) | YAW LEFT ⬅ | MOVE FORWARD ⬆⬆ | Area: 13923
2026-05-25 13:07:55,496 - AeroBrain - INFO - Detected: car (ID: 2, Conf: 0.89, Area: 9500)
2026-05-25 13:07:55,496 - AeroBrain - INFO - Detected: person (ID: 0, Conf: 0.79, Area: 12087)
2026-05-25 13:07:55,497 - AeroBrain - INFO - Detected: person (ID: 0, Conf: 0.56, Area: 2695)
2026-05-25 13:07:55,497 - AeroBrain - INFO - Detected: bicycle (ID: 1, Conf: 0.45, Area: 16459)
2026-05-25 13:07:55,499 - AeroBrain - INFO - 🎯 TARGET (bicycle) | CENTERED = | MOVE FORWARD ⬆⬆ | Area: 16459
2026-05-25 13:07:55,664 - AeroBrain - INFO - Detected: car (ID: 2, Conf: 0.89, Area: 5776)
2026-05-25 13:07:55,665 - AeroBrain - INFO - Detected: person (ID: 0, Conf: 0.76, Area: 11775)
2026-05-25 13:07:55,665 - AeroBrain - INFO - Detected: person (ID: 0, Conf: 0.62, Area: 2464)
2026-05-25 13:07:55,665 - AeroBrain - INFO - Detected: car (ID: 2, Conf: 0.54, Area: 1170)
2026-05-25 13:07:55,666 - AeroBrain - INFO - Detected: person (ID: 0, Conf: 0.41, Area: 836)
2026-05-25 13:07:55,666 - AeroBrain - INFO - Detected: bicycle (ID: 1, Conf: 0.40, Area: 15080)
2026-05-25 13:07:55,668 - AeroBrain - INFO - 🎯 TARGET (bicycle) | CENTERED = | MOVE FORWARD ⬆⬆ | Area: 15080
2026-05-25 13:07:55,848 - AeroBrain - INFO - Detected: person (ID: 0, Conf: 0.74, Area: 9591)
2026-05-25 13:07:55,849 - AeroBrain - INFO - Detected: bicycle (ID: 1, Conf: 0.58, Area: 15768)
2026-05-25 13:07:55,849 - AeroBrain - INFO - Detected: car (ID: 2, Conf: 0.49, Area: 4599)
2026-05-25 13:07:55,849 - AeroBrain - INFO - Detected: car (ID: 2, Conf: 0.45, Area: 990)
2026-05-25 13:07:55,849 - AeroBrain - INFO - Detected: car (ID: 2, Conf: 0.42, Area: 1716)
2026-05-25 13:07:55,851 - AeroBrain - INFO - 🎯 TARGET (bicycle) | CENTERED = | MOVE FORWARD ⬆⬆ | Area: 15768
2026-05-25 13:07:55,999 - AeroBrain - INFO - Detected: bicycle (ID: 1, Conf: 0.67, Area: 14659)
2026-05-25 13:07:55,999 - AeroBrain - INFO - Detected: person (ID: 0, Conf: 0.65, Area: 14476)
2026-05-25 13:07:55,999 - AeroBrain - INFO - Detected: car (ID: 2, Conf: 0.58, Area: 1632)
2026-05-25 13:07:56,000 - AeroBrain - INFO - Detected: car (ID: 2, Conf: 0.46, Area: 1140)
2026-05-25 13:07:56,000 - AeroBrain - INFO - Detected: person (ID: 0, Conf: 0.43, Area: 574)
2026-05-25 13:07:56,001 - AeroBrain - INFO - Detected: car (ID: 2, Conf: 0.40, Area: 1222)
2026-05-25 13:07:56,002 - AeroBrain - INFO - 🎯 TARGET (bicycle) | CENTERED = | MOVE FORWARD ⬆⬆ | Area: 14659
2026-05-25 13:07:56,149 - AeroBrain - INFO - Detected: bicycle (ID: 1, Conf: 0.74, Area: 13770)
2026-05-25 13:07:56,150 - AeroBrain - INFO - Detected: person (ID: 0, Conf: 0.71, Area: 12692)
2026-05-25 13:07:56,150 - AeroBrain - INFO - Detected: person (ID: 0, Conf: 0.62, Area: 714)
2026-05-25 13:07:56,150 - AeroBrain - INFO - Detected: person (ID: 0, Conf: 0.43, Area: 588)
2026-05-25 13:07:56,152 - AeroBrain - INFO - 🎯 TARGET (bicycle) | YAW LEFT ⬅ | MOVE FORWARD ⬆⬆ | Area: 13770
2026-05-25 13:07:56,299 - AeroBrain - INFO - Detected: person (ID: 0, Conf: 0.80, Area: 14691)
2026-05-25 13:07:56,299 - AeroBrain - INFO - Detected: bicycle (ID: 1, Conf: 0.61, Area: 11616)
2026-05-25 13:07:56,300 - AeroBrain - INFO - Detected: car (ID: 2, Conf: 0.52, Area: 1280)
2026-05-25 13:07:56,302 - AeroBrain - INFO - 🎯 TARGET (person) | YAW LEFT ⬅ | MOVE FORWARD ⬆⬆ | Area: 14691
2026-05-25 13:07:56,456 - AeroBrain - INFO - Detected: person (ID: 0, Conf: 0.77, Area: 12166)
2026-05-25 13:07:56,457 - AeroBrain - INFO - Detected: person (ID: 0, Conf: 0.61, Area: 1000)
2026-05-25 13:07:56,457 - AeroBrain - INFO - Detected: bicycle (ID: 1, Conf: 0.56, Area: 9963)
2026-05-25 13:07:56,457 - AeroBrain - INFO - Detected: car (ID: 2, Conf: 0.41, Area: 783)
2026-05-25 13:07:56,459 - AeroBrain - INFO - 🎯 TARGET (person) | YAW LEFT ⬅ | MOVE FORWARD ⬆⬆ | Area: 12166
2026-05-25 13:07:56,610 - AeroBrain - INFO - Detected: bicycle (ID: 1, Conf: 0.70, Area: 8520)
2026-05-25 13:07:56,611 - AeroBrain - INFO - Detected: car (ID: 2, Conf: 0.65, Area: 1292)
2026-05-25 13:07:56,611 - AeroBrain - INFO - Detected: person (ID: 0, Conf: 0.65, Area: 10790)
2026-05-25 13:07:56,611 - AeroBrain - INFO - Detected: car (ID: 2, Conf: 0.53, Area: 962)
2026-05-25 13:07:56,612 - AeroBrain - INFO - Detected: car (ID: 2, Conf: 0.47, Area: 782)
2026-05-25 13:07:56,614 - AeroBrain - INFO - 🎯 TARGET (person) | YAW LEFT ⬅ | MOVE FORWARD ⬆⬆ | Area: 10790
2026-05-25 13:07:56,762 - AeroBrain - INFO - Detected: person (ID: 0, Conf: 0.77, Area: 4968)
2026-05-25 13:07:56,762 - AeroBrain - INFO - Detected: car (ID: 2, Conf: 0.66, Area: 1058)
2026-05-25 13:07:56,762 - AeroBrain - INFO - Detected: car (ID: 2, Conf: 0.61, Area: 550)
2026-05-25 13:07:56,763 - AeroBrain - INFO - Detected: bicycle (ID: 1, Conf: 0.51, Area: 3432)
2026-05-25 13:07:56,763 - AeroBrain - INFO - Detected: boat (ID: 8, Conf: 0.46, Area: 1036)
2026-05-25 13:07:56,765 - AeroBrain - INFO - 🎯 TARGET (person) | YAW LEFT ⬅ | MOVE FORWARD ⬆⬆ | Area: 4968
2026-05-25 13:07:56,936 - AeroBrain - INFO - Detected: car (ID: 2, Conf: 0.51, Area: 828)
2026-05-25 13:07:56,938 - AeroBrain - INFO - 🎯 TARGET (car) | CENTERED = | MOVE FORWARD ⬆⬆ | Area: 828
2026-05-25 13:07:57,123 - AeroBrain - INFO - 🔍 SEARCHING FOR OBJECTS
2026-05-25 13:07:57,448 - AeroBrain - INFO - Detected: car (ID: 2, Conf: 0.91, Area: 80605)
2026-05-25 13:07:57,448 - AeroBrain - INFO - Detected: person (ID: 0, Conf: 0.52, Area: 2838)
2026-05-25 13:07:57,448 - AeroBrain - INFO - Detected: person (ID: 0, Conf: 0.42, Area: 798)
2026-05-25 13:07:57,451 - AeroBrain - INFO - 🎯 TARGET (car) | YAW LEFT ⬅ | HOLD DISTANCE = | Area: 80605
2026-05-25 13:07:57,628 - AeroBrain - INFO - Detected: car (ID: 2, Conf: 0.80, Area: 27435)
2026-05-25 13:07:57,629 - AeroBrain - INFO - Detected: person (ID: 0, Conf: 0.43, Area: 4440)
2026-05-25 13:07:57,631 - AeroBrain - INFO - 🎯 TARGET (car) | YAW LEFT ⬅ | MOVE FORWARD ⬆⬆ | Area: 27435
2026-05-25 13:07:57,780 - AeroBrain - INFO - Detected: car (ID: 2, Conf: 0.79, Area: 19698)
2026-05-25 13:07:57,781 - AeroBrain - INFO - Detected: bicycle (ID: 1, Conf: 0.67, Area: 4796)
2026-05-25 13:07:57,781 - AeroBrain - INFO - Detected: person (ID: 0, Conf: 0.61, Area: 5805)
2026-05-25 13:07:57,781 - AeroBrain - INFO - Detected: car (ID: 2, Conf: 0.49, Area: 884)
2026-05-25 13:07:57,784 - AeroBrain - INFO - 🎯 TARGET (car) | YAW LEFT ⬅ | MOVE FORWARD ⬆⬆ | Area: 19698
2026-05-25 13:07:57,930 - AeroBrain - INFO - Detected: car (ID: 2, Conf: 0.80, Area: 11856)
2026-05-25 13:07:57,931 - AeroBrain - INFO - Detected: person (ID: 0, Conf: 0.71, Area: 5332)
2026-05-25 13:07:57,931 - AeroBrain - INFO - Detected: bicycle (ID: 1, Conf: 0.62, Area: 4752)
2026-05-25 13:07:57,931 - AeroBrain - INFO - Detected: car (ID: 2, Conf: 0.48, Area: 810)
2026-05-25 13:07:57,932 - AeroBrain - INFO - Detected: car (ID: 2, Conf: 0.45, Area: 672)
2026-05-25 13:07:57,934 - AeroBrain - INFO - 🎯 TARGET (car) | YAW LEFT ⬅ | MOVE FORWARD ⬆⬆ | Area: 11856
2026-05-25 13:07:58,083 - AeroBrain - INFO - Detected: person (ID: 0, Conf: 0.79, Area: 6072)
2026-05-25 13:07:58,084 - AeroBrain - INFO - Detected: car (ID: 2, Conf: 0.71, Area: 8811)
2026-05-25 13:07:58,084 - AeroBrain - INFO - Detected: car (ID: 2, Conf: 0.55, Area: 1728)
2026-05-25 13:07:58,084 - AeroBrain - INFO - Detected: bicycle (ID: 1, Conf: 0.52, Area: 3900)
2026-05-25 13:07:58,087 - AeroBrain - INFO - 🎯 TARGET (car) | YAW LEFT ⬅ | MOVE FORWARD ⬆⬆ | Area: 8811
2026-05-25 13:07:58,250 - AeroBrain - INFO - Detected: car (ID: 2, Conf: 0.78, Area: 7469)
2026-05-25 13:07:58,250 - AeroBrain - INFO - Detected: bicycle (ID: 1, Conf: 0.73, Area: 3610)
2026-05-25 13:07:58,251 - AeroBrain - INFO - Detected: person (ID: 0, Conf: 0.71, Area: 5280)
2026-05-25 13:07:58,251 - AeroBrain - INFO - Detected: car (ID: 2, Conf: 0.42, Area: 960)
2026-05-25 13:07:58,253 - AeroBrain - INFO - 🎯 TARGET (car) | CENTERED = | MOVE FORWARD ⬆⬆ | Area: 7469
2026-05-25 13:07:58,421 - AeroBrain - INFO - Detected: car (ID: 2, Conf: 0.73, Area: 6596)
2026-05-25 13:07:58,421 - AeroBrain - INFO - Detected: person (ID: 0, Conf: 0.71, Area: 5808)
2026-05-25 13:07:58,422 - AeroBrain - INFO - Detected: bicycle (ID: 1, Conf: 0.56, Area: 3535)
2026-05-25 13:07:58,423 - AeroBrain - INFO - 🎯 TARGET (car) | CENTERED = | MOVE FORWARD ⬆⬆ | Area: 6596
2026-05-25 13:07:58,576 - AeroBrain - INFO - Detected: person (ID: 0, Conf: 0.69, Area: 5850)
2026-05-25 13:07:58,577 - AeroBrain - INFO - Detected: bicycle (ID: 1, Conf: 0.63, Area: 3876)
2026-05-25 13:07:58,577 - AeroBrain - INFO - Detected: car (ID: 2, Conf: 0.59, Area: 384)
2026-05-25 13:07:58,577 - AeroBrain - INFO - Detected: car (ID: 2, Conf: 0.44, Area: 5307)
2026-05-25 13:07:58,578 - AeroBrain - INFO - Detected: person (ID: 0, Conf: 0.43, Area: 585)
2026-05-25 13:07:58,585 - AeroBrain - INFO - 🎯 TARGET (person) | YAW LEFT ⬅ | MOVE FORWARD ⬆⬆ | Area: 5850
2026-05-25 13:07:58,729 - AeroBrain - INFO - Detected: person (ID: 0, Conf: 0.81, Area: 5207)
2026-05-25 13:07:58,730 - AeroBrain - INFO - Detected: car (ID: 2, Conf: 0.53, Area: 860)
2026-05-25 13:07:58,733 - AeroBrain - INFO - Detected: car (ID: 2, Conf: 0.45, Area: 1824)
2026-05-25 13:07:58,734 - AeroBrain - INFO - Detected: bicycle (ID: 1, Conf: 0.43, Area: 3200)
2026-05-25 13:07:58,735 - AeroBrain - INFO - 🎯 TARGET (person) | YAW LEFT ⬅ | MOVE FORWARD ⬆⬆ | Area: 5207
2026-05-25 13:07:58,908 - AeroBrain - INFO - Detected: person (ID: 0, Conf: 0.83, Area: 5226)
2026-05-25 13:07:58,908 - AeroBrain - INFO - Detected: car (ID: 2, Conf: 0.59, Area: 1260)
2026-05-25 13:07:58,910 - AeroBrain - INFO - Detected: car (ID: 2, Conf: 0.54, Area: 2496)
2026-05-25 13:07:58,910 - AeroBrain - INFO - Detected: person (ID: 0, Conf: 0.49, Area: 576)
2026-05-25 13:07:58,910 - AeroBrain - INFO - Detected: car (ID: 2, Conf: 0.44, Area: 1035)
2026-05-25 13:07:58,910 - AeroBrain - INFO - Detected: person (ID: 0, Conf: 0.42, Area: 392)
2026-05-25 13:07:58,911 - AeroBrain - INFO - Detected: truck (ID: 7, Conf: 0.42, Area: 1540)
2026-05-25 13:07:58,912 - AeroBrain - INFO - 🎯 TARGET (person) | YAW LEFT ⬅ | MOVE FORWARD ⬆⬆ | Area: 5226
2026-05-25 13:07:59,097 - AeroBrain - INFO - Detected: car (ID: 2, Conf: 0.75, Area: 2340)
2026-05-25 13:07:59,097 - AeroBrain - INFO - Detected: person (ID: 0, Conf: 0.70, Area: 4218)
2026-05-25 13:07:59,098 - AeroBrain - INFO - Detected: car (ID: 2, Conf: 0.56, Area: 675)
2026-05-25 13:07:59,098 - AeroBrain - INFO - Detected: car (ID: 2, Conf: 0.52, Area: 936)
2026-05-25 13:07:59,098 - AeroBrain - INFO - Detected: car (ID: 2, Conf: 0.52, Area: 988)
2026-05-25 13:07:59,098 - AeroBrain - INFO - Detected: car (ID: 2, Conf: 0.46, Area: 1104)
2026-05-25 13:07:59,098 - AeroBrain - INFO - Detected: bicycle (ID: 1, Conf: 0.41, Area: 2816)
2026-05-25 13:07:59,100 - AeroBrain - INFO - 🎯 TARGET (person) | YAW LEFT ⬅ | MOVE FORWARD ⬆⬆ | Area: 4218
2026-05-25 13:07:59,248 - AeroBrain - INFO - Detected: person (ID: 0, Conf: 0.83, Area: 4140)
2026-05-25 13:07:59,249 - AeroBrain - INFO - Detected: car (ID: 2, Conf: 0.49, Area: 968)
2026-05-25 13:07:59,249 - AeroBrain - INFO - Detected: person (ID: 0, Conf: 0.43, Area: 756)
2026-05-25 13:07:59,250 - AeroBrain - INFO - 🎯 TARGET (person) | YAW LEFT ⬅ | MOVE FORWARD ⬆⬆ | Area: 4140
2026-05-25 13:07:59,402 - AeroBrain - INFO - Detected: person (ID: 0, Conf: 0.75, Area: 3604)
2026-05-25 13:07:59,403 - AeroBrain - INFO - Detected: bicycle (ID: 1, Conf: 0.60, Area: 2581)
2026-05-25 13:07:59,403 - AeroBrain - INFO - Detected: car (ID: 2, Conf: 0.59, Area: 2646)
2026-05-25 13:07:59,403 - AeroBrain - INFO - Detected: person (ID: 0, Conf: 0.49, Area: 518)
2026-05-25 13:07:59,405 - AeroBrain - INFO - 🎯 TARGET (person) | YAW LEFT ⬅ | MOVE FORWARD ⬆⬆ | Area: 3604
2026-05-25 13:07:59,562 - AeroBrain - INFO - Detected: person (ID: 0, Conf: 0.81, Area: 3090)
2026-05-25 13:07:59,563 - AeroBrain - INFO - Detected: car (ID: 2, Conf: 0.57, Area: 2520)
2026-05-25 13:07:59,564 - AeroBrain - INFO - Detected: bicycle (ID: 1, Conf: 0.46, Area: 1976)
2026-05-25 13:07:59,564 - AeroBrain - INFO - Detected: person (ID: 0, Conf: 0.46, Area: 525)
2026-05-25 13:07:59,566 - AeroBrain - INFO - 🎯 TARGET (person) | YAW LEFT ⬅ | MOVE FORWARD ⬆⬆ | Area: 3090
2026-05-25 13:07:59,730 - AeroBrain - INFO - Detected: person (ID: 0, Conf: 0.78, Area: 2376)
2026-05-25 13:07:59,730 - AeroBrain - INFO - Detected: car (ID: 2, Conf: 0.62, Area: 18720)
2026-05-25 13:07:59,731 - AeroBrain - INFO - Detected: car (ID: 2, Conf: 0.56, Area: 1650)
2026-05-25 13:07:59,731 - AeroBrain - INFO - Detected: bicycle (ID: 1, Conf: 0.52, Area: 1633)
2026-05-25 13:07:59,731 - AeroBrain - INFO - Detected: car (ID: 2, Conf: 0.49, Area: 1175)
2026-05-25 13:07:59,732 - AeroBrain - INFO - Detected: car (ID: 2, Conf: 0.43, Area: 650)
2026-05-25 13:07:59,732 - AeroBrain - INFO - Detected: car (ID: 2, Conf: 0.42, Area: 529)
2026-05-25 13:07:59,734 - AeroBrain - INFO - 🎯 TARGET (car) | YAW RIGHT ➔ | MOVE FORWARD ⬆⬆ | Area: 18720
2026-05-25 13:07:59,905 - AeroBrain - INFO - Detected: car (ID: 2, Conf: 0.69, Area: 1242)
2026-05-25 13:07:59,906 - AeroBrain - INFO - Detected: car (ID: 2, Conf: 0.64, Area: 1479)
2026-05-25 13:07:59,907 - AeroBrain - INFO - Detected: bicycle (ID: 1, Conf: 0.50, Area: 1159)
2026-05-25 13:07:59,907 - AeroBrain - INFO - Detected: bicycle (ID: 1, Conf: 0.47, Area: 697)
2026-05-25 13:07:59,911 - AeroBrain - INFO - Detected: person (ID: 0, Conf: 0.44, Area: 1575)
2026-05-25 13:07:59,915 - AeroBrain - INFO - 🎯 TARGET (person) | YAW LEFT ⬅ | MOVE FORWARD ⬆⬆ | Area: 1575
2026-05-25 13:08:00,151 - AeroBrain - INFO - Detected: person (ID: 0, Conf: 0.75, Area: 1702)
2026-05-25 13:08:00,152 - AeroBrain - INFO - Detected: car (ID: 2, Conf: 0.63, Area: 1650)
2026-05-25 13:08:00,153 - AeroBrain - INFO - Detected: car (ID: 2, Conf: 0.53, Area: 736)
2026-05-25 13:08:00,153 - AeroBrain - INFO - Detected: person (ID: 0, Conf: 0.48, Area: 611)
2026-05-25 13:08:00,153 - AeroBrain - INFO - Detected: person (ID: 0, Conf: 0.42, Area: 574)
2026-05-25 13:08:00,156 - AeroBrain - INFO - 🎯 TARGET (person) | YAW LEFT ⬅ | MOVE FORWARD ⬆⬆ | Area: 1702
2026-05-25 13:08:00,387 - AeroBrain - INFO - Detected: person (ID: 0, Conf: 0.70, Area: 1428)
2026-05-25 13:08:00,388 - AeroBrain - INFO - Detected: car (ID: 2, Conf: 0.67, Area: 1225)
2026-05-25 13:08:00,388 - AeroBrain - INFO - Detected: car (ID: 2, Conf: 0.60, Area: 1860)
2026-05-25 13:08:00,388 - AeroBrain - INFO - Detected: car (ID: 2, Conf: 0.52, Area: 644)
2026-05-25 13:08:00,389 - AeroBrain - INFO - Detected: person (ID: 0, Conf: 0.47, Area: 1100)
2026-05-25 13:08:00,395 - AeroBrain - INFO - 🎯 TARGET (car) | YAW LEFT ⬅ | MOVE FORWARD ⬆⬆ | Area: 1860
2026-05-25 13:08:00,553 - AeroBrain - INFO - Detected: car (ID: 2, Conf: 0.53, Area: 1848)
2026-05-25 13:08:00,555 - AeroBrain - INFO - Detected: truck (ID: 7, Conf: 0.51, Area: 2706)
2026-05-25 13:08:00,556 - AeroBrain - INFO - Detected: car (ID: 2, Conf: 0.51, Area: 1770)
2026-05-25 13:08:00,556 - AeroBrain - INFO - Detected: car (ID: 2, Conf: 0.42, Area: 1254)
2026-05-25 13:08:00,559 - AeroBrain - INFO - 🎯 TARGET (truck) | YAW RIGHT ➔ | MOVE FORWARD ⬆⬆ | Area: 2706
2026-05-25 13:08:00,736 - AeroBrain - INFO - Detected: car (ID: 2, Conf: 0.65, Area: 1856)
2026-05-25 13:08:00,736 - AeroBrain - INFO - Detected: truck (ID: 7, Conf: 0.56, Area: 2709)
2026-05-25 13:08:00,736 - AeroBrain - INFO - Detected: truck (ID: 7, Conf: 0.53, Area: 5110)
2026-05-25 13:08:00,737 - AeroBrain - INFO - Detected: person (ID: 0, Conf: 0.42, Area: 690)
2026-05-25 13:08:00,742 - AeroBrain - INFO - 🎯 TARGET (truck) | YAW RIGHT ➔ | MOVE FORWARD ⬆⬆ | Area: 5110
2026-05-25 13:08:00,917 - AeroBrain - INFO - Detected: person (ID: 0, Conf: 0.80, Area: 7504)
2026-05-25 13:08:00,918 - AeroBrain - INFO - Detected: car (ID: 2, Conf: 0.65, Area: 2079)
2026-05-25 13:08:00,919 - AeroBrain - INFO - Detected: car (ID: 2, Conf: 0.56, Area: 1798)
2026-05-25 13:08:00,919 - AeroBrain - INFO - Detected: car (ID: 2, Conf: 0.55, Area: 1326)
2026-05-25 13:08:00,919 - AeroBrain - INFO - Detected: truck (ID: 7, Conf: 0.53, Area: 3243)
2026-05-25 13:08:00,919 - AeroBrain - INFO - Detected: person (ID: 0, Conf: 0.48, Area: 1098)
2026-05-25 13:08:00,919 - AeroBrain - INFO - Detected: person (ID: 0, Conf: 0.46, Area: 10758)
2026-05-25 13:08:00,919 - AeroBrain - INFO - Detected: car (ID: 2, Conf: 0.44, Area: 825)
2026-05-25 13:08:00,922 - AeroBrain - INFO - 🎯 TARGET (person) | YAW LEFT ⬅ | MOVE FORWARD ⬆⬆ | Area: 10758
2026-05-25 13:08:01,134 - AeroBrain - INFO - Detected: bicycle (ID: 1, Conf: 0.61, Area: 17372)
2026-05-25 13:08:01,134 - AeroBrain - INFO - Detected: car (ID: 2, Conf: 0.61, Area: 840)
2026-05-25 13:08:01,135 - AeroBrain - INFO - Detected: car (ID: 2, Conf: 0.51, Area: 1275)
2026-05-25 13:08:01,135 - AeroBrain - INFO - Detected: car (ID: 2, Conf: 0.49, Area: 2112)
2026-05-25 13:08:01,135 - AeroBrain - INFO - Detected: car (ID: 2, Conf: 0.44, Area: 1152)
2026-05-25 13:08:01,135 - AeroBrain - INFO - Detected: person (ID: 0, Conf: 0.43, Area: 900)
2026-05-25 13:08:01,137 - AeroBrain - INFO - 🎯 TARGET (bicycle) | YAW LEFT ⬅ | MOVE FORWARD ⬆⬆ | Area: 17372
2026-05-25 13:08:01,314 - AeroBrain - INFO - Detected: bicycle (ID: 1, Conf: 0.82, Area: 14616)
2026-05-25 13:08:01,315 - AeroBrain - INFO - Detected: person (ID: 0, Conf: 0.72, Area: 12551)
2026-05-25 13:08:01,315 - AeroBrain - INFO - Detected: car (ID: 2, Conf: 0.65, Area: 1512)
2026-05-25 13:08:01,316 - AeroBrain - INFO - Detected: person (ID: 0, Conf: 0.63, Area: 969)
2026-05-25 13:08:01,317 - AeroBrain - INFO - Detected: car (ID: 2, Conf: 0.55, Area: 2275)
2026-05-25 13:08:01,317 - AeroBrain - INFO - Detected: car (ID: 2, Conf: 0.53, Area: 992)
2026-05-25 13:08:01,318 - AeroBrain - INFO - Detected: car (ID: 2, Conf: 0.51, Area: 1444)
2026-05-25 13:08:01,318 - AeroBrain - INFO - Detected: person (ID: 0, Conf: 0.49, Area: 935)
2026-05-25 13:08:01,319 - AeroBrain - INFO - Detected: car (ID: 2, Conf: 0.45, Area: 2176)
2026-05-25 13:08:01,321 - AeroBrain - INFO - 🎯 TARGET (bicycle) | YAW LEFT ⬅ | MOVE FORWARD ⬆⬆ | Area: 14616
2026-05-25 13:08:01,479 - AeroBrain - INFO - Detected: person (ID: 0, Conf: 0.80, Area: 9272)
2026-05-25 13:08:01,480 - AeroBrain - INFO - Detected: bicycle (ID: 1, Conf: 0.61, Area: 7788)
2026-05-25 13:08:01,480 - AeroBrain - INFO - Detected: car (ID: 2, Conf: 0.59, Area: 2345)
2026-05-25 13:08:01,480 - AeroBrain - INFO - Detected: car (ID: 2, Conf: 0.55, Area: 700)
2026-05-25 13:08:01,482 - AeroBrain - INFO - 🎯 TARGET (person) | YAW LEFT ⬅ | MOVE FORWARD ⬆⬆ | Area: 9272
2026-05-25 13:08:01,668 - AeroBrain - INFO - Detected: person (ID: 0, Conf: 0.72, Area: 4956)
2026-05-25 13:08:01,669 - AeroBrain - INFO - Detected: bicycle (ID: 1, Conf: 0.58, Area: 3762)
2026-05-25 13:08:01,669 - AeroBrain - INFO - Detected: person (ID: 0, Conf: 0.57, Area: 1003)
2026-05-25 13:08:01,669 - AeroBrain - INFO - Detected: car (ID: 2, Conf: 0.55, Area: 1512)
2026-05-25 13:08:01,670 - AeroBrain - INFO - Detected: person (ID: 0, Conf: 0.46, Area: 1008)
2026-05-25 13:08:01,670 - AeroBrain - INFO - Detected: bicycle (ID: 1, Conf: 0.44, Area: 1971)
2026-05-25 13:08:01,670 - AeroBrain - INFO - Detected: truck (ID: 7, Conf: 0.41, Area: 3525)
2026-05-25 13:08:01,672 - AeroBrain - INFO - 🎯 TARGET (person) | YAW LEFT ⬅ | MOVE FORWARD ⬆⬆ | Area: 4956
2026-05-25 13:08:01,858 - AeroBrain - INFO - Detected: car (ID: 2, Conf: 0.75, Area: 1711)
2026-05-25 13:08:01,858 - AeroBrain - INFO - Detected: car (ID: 2, Conf: 0.68, Area: 2982)
2026-05-25 13:08:01,859 - AeroBrain - INFO - Detected: truck (ID: 7, Conf: 0.66, Area: 3871)
2026-05-25 13:08:01,859 - AeroBrain - INFO - Detected: car (ID: 2, Conf: 0.65, Area: 1470)
2026-05-25 13:08:01,859 - AeroBrain - INFO - Detected: person (ID: 0, Conf: 0.64, Area: 3604)
2026-05-25 13:08:01,861 - AeroBrain - INFO - 🎯 TARGET (truck) | YAW RIGHT ➔ | MOVE FORWARD ⬆⬆ | Area: 3871
2026-05-25 13:08:02,044 - AeroBrain - INFO - Detected: truck (ID: 7, Conf: 0.76, Area: 4437)
2026-05-25 13:08:02,045 - AeroBrain - INFO - Detected: car (ID: 2, Conf: 0.67, Area: 2016)
2026-05-25 13:08:02,045 - AeroBrain - INFO - Detected: car (ID: 2, Conf: 0.63, Area: 2812)
2026-05-25 13:08:02,045 - AeroBrain - INFO - Detected: car (ID: 2, Conf: 0.62, Area: 1050)
2026-05-25 13:08:02,046 - AeroBrain - INFO - Detected: person (ID: 0, Conf: 0.58, Area: 1408)
2026-05-25 13:08:02,046 - AeroBrain - INFO - Detected: person (ID: 0, Conf: 0.43, Area: 3072)
2026-05-25 13:08:02,046 - AeroBrain - INFO - Detected: person (ID: 0, Conf: 0.41, Area: 2080)
2026-05-25 13:08:02,048 - AeroBrain - INFO - 🎯 TARGET (truck) | YAW RIGHT ➔ | MOVE FORWARD ⬆⬆ | Area: 4437
2026-05-25 13:08:02,207 - AeroBrain - INFO - Detected: person (ID: 0, Conf: 0.70, Area: 1180)
2026-05-25 13:08:02,208 - AeroBrain - INFO - Detected: truck (ID: 7, Conf: 0.69, Area: 4361)
2026-05-25 13:08:02,208 - AeroBrain - INFO - Detected: person (ID: 0, Conf: 0.65, Area: 1386)
2026-05-25 13:08:02,208 - AeroBrain - INFO - Detected: person (ID: 0, Conf: 0.47, Area: 2314)
2026-05-25 13:08:02,208 - AeroBrain - INFO - Detected: car (ID: 2, Conf: 0.46, Area: 494)
2026-05-25 13:08:02,208 - AeroBrain - INFO - Detected: car (ID: 2, Conf: 0.43, Area: 3081)
2026-05-25 13:08:02,210 - AeroBrain - INFO - Detected: car (ID: 2, Conf: 0.41, Area: 651)
2026-05-25 13:08:02,211 - AeroBrain - INFO - 🎯 TARGET (truck) | YAW RIGHT ➔ | MOVE FORWARD ⬆⬆ | Area: 4361
2026-05-25 13:08:02,391 - AeroBrain - INFO - Detected: truck (ID: 7, Conf: 0.66, Area: 4590)
2026-05-25 13:08:02,392 - AeroBrain - INFO - Detected: person (ID: 0, Conf: 0.57, Area: 1140)
2026-05-25 13:08:02,392 - AeroBrain - INFO - Detected: car (ID: 2, Conf: 0.52, Area: 2108)
2026-05-25 13:08:02,393 - AeroBrain - INFO - Detected: car (ID: 2, Conf: 0.46, Area: 612)
2026-05-25 13:08:02,393 - AeroBrain - INFO - Detected: person (ID: 0, Conf: 0.46, Area: 429)
2026-05-25 13:08:02,393 - AeroBrain - INFO - Detected: person (ID: 0, Conf: 0.41, Area: 931)
2026-05-25 13:08:02,394 - AeroBrain - INFO - 🎯 TARGET (truck) | YAW RIGHT ➔ | MOVE FORWARD ⬆⬆ | Area: 4590
2026-05-25 13:08:02,588 - AeroBrain - INFO - Detected: truck (ID: 7, Conf: 0.67, Area: 4250)
2026-05-25 13:08:02,589 - AeroBrain - INFO - Detected: car (ID: 2, Conf: 0.62, Area: 1536)
2026-05-25 13:08:02,589 - AeroBrain - INFO - Detected: car (ID: 2, Conf: 0.61, Area: 1140)
2026-05-25 13:08:02,589 - AeroBrain - INFO - Detected: person (ID: 0, Conf: 0.56, Area: 1344)
2026-05-25 13:08:02,590 - AeroBrain - INFO - Detected: car (ID: 2, Conf: 0.56, Area: 3002)
2026-05-25 13:08:02,591 - AeroBrain - INFO - 🎯 TARGET (truck) | YAW RIGHT ➔ | MOVE FORWARD ⬆⬆ | Area: 4250
2026-05-25 13:08:02,761 - AeroBrain - INFO - Detected: car (ID: 2, Conf: 0.76, Area: 1290)
2026-05-25 13:08:02,762 - AeroBrain - INFO - Detected: person (ID: 0, Conf: 0.65, Area: 1254)
2026-05-25 13:08:02,762 - AeroBrain - INFO - Detected: car (ID: 2, Conf: 0.54, Area: 3198)
2026-05-25 13:08:02,763 - AeroBrain - INFO - Detected: person (ID: 0, Conf: 0.49, Area: 952)
2026-05-25 13:08:02,764 - AeroBrain - INFO - Detected: truck (ID: 7, Conf: 0.43, Area: 4050)
2026-05-25 13:08:02,764 - AeroBrain - INFO - Detected: car (ID: 2, Conf: 0.42, Area: 756)
2026-05-25 13:08:02,764 - AeroBrain - INFO - Detected: person (ID: 0, Conf: 0.40, Area: 1320)
2026-05-25 13:08:02,766 - AeroBrain - INFO - 🎯 TARGET (truck) | YAW RIGHT ➔ | MOVE FORWARD ⬆⬆ | Area: 4050
2026-05-25 13:08:02,965 - AeroBrain - INFO - Detected: car (ID: 2, Conf: 0.72, Area: 2552)
2026-05-25 13:08:02,965 - AeroBrain - INFO - Detected: person (ID: 0, Conf: 0.68, Area: 1794)
2026-05-25 13:08:02,965 - AeroBrain - INFO - Detected: person (ID: 0, Conf: 0.66, Area: 1292)
2026-05-25 13:08:02,966 - AeroBrain - INFO - Detected: car (ID: 2, Conf: 0.65, Area: 3360)
2026-05-25 13:08:02,966 - AeroBrain - INFO - Detected: car (ID: 2, Conf: 0.64, Area: 2016)
2026-05-25 13:08:02,966 - AeroBrain - INFO - Detected: truck (ID: 7, Conf: 0.53, Area: 4131)
2026-05-25 13:08:02,967 - AeroBrain - INFO - Detected: person (ID: 0, Conf: 0.47, Area: 384)
2026-05-25 13:08:02,968 - AeroBrain - INFO - 🎯 TARGET (truck) | YAW RIGHT ➔ | MOVE FORWARD ⬆⬆ | Area: 4131
2026-05-25 13:08:03,162 - AeroBrain - INFO - Detected: car (ID: 2, Conf: 0.74, Area: 2920)
2026-05-25 13:08:03,163 - AeroBrain - INFO - Detected: person (ID: 0, Conf: 0.65, Area: 1500)
2026-05-25 13:08:03,163 - AeroBrain - INFO - Detected: car (ID: 2, Conf: 0.64, Area: 3256)
2026-05-25 13:08:03,163 - AeroBrain - INFO - Detected: person (ID: 0, Conf: 0.62, Area: 1260)
2026-05-25 13:08:03,164 - AeroBrain - INFO - Detected: person (ID: 0, Conf: 0.59, Area: 1863)
2026-05-25 13:08:03,164 - AeroBrain - INFO - Detected: person (ID: 0, Conf: 0.48, Area: 380)
2026-05-25 13:08:03,164 - AeroBrain - INFO - Detected: car (ID: 2, Conf: 0.43, Area: 2176)
2026-05-25 13:08:03,166 - AeroBrain - INFO - 🎯 TARGET (car) | CENTERED = | MOVE FORWARD ⬆⬆ | Area: 3256
2026-05-25 13:08:03,357 - AeroBrain - INFO - Detected: person (ID: 0, Conf: 0.70, Area: 1794)
2026-05-25 13:08:03,358 - AeroBrain - INFO - Detected: person (ID: 0, Conf: 0.66, Area: 1240)
2026-05-25 13:08:03,358 - AeroBrain - INFO - Detected: car (ID: 2, Conf: 0.64, Area: 3276)
2026-05-25 13:08:03,358 - AeroBrain - INFO - Detected: person (ID: 0, Conf: 0.52, Area: 1694)
2026-05-25 13:08:03,358 - AeroBrain - INFO - Detected: car (ID: 2, Conf: 0.50, Area: 3105)
2026-05-25 13:08:03,358 - AeroBrain - INFO - Detected: car (ID: 2, Conf: 0.47, Area: 1984)
2026-05-25 13:08:03,358 - AeroBrain - INFO - Detected: car (ID: 2, Conf: 0.45, Area: 1152)
2026-05-25 13:08:03,360 - AeroBrain - INFO - Detected: car (ID: 2, Conf: 0.42, Area: 812)
2026-05-25 13:08:03,361 - AeroBrain - INFO - 🎯 TARGET (car) | CENTERED = | MOVE FORWARD ⬆⬆ | Area: 3276
2026-05-25 13:08:03,568 - AeroBrain - INFO - Detected: person (ID: 0, Conf: 0.76, Area: 2016)
2026-05-25 13:08:03,569 - AeroBrain - INFO - Detected: car (ID: 2, Conf: 0.74, Area: 2232)
2026-05-25 13:08:03,569 - AeroBrain - INFO - Detected: car (ID: 2, Conf: 0.70, Area: 3492)
2026-05-25 13:08:03,570 - AeroBrain - INFO - Detected: person (ID: 0, Conf: 0.68, Area: 1992)
2026-05-25 13:08:03,570 - AeroBrain - INFO - Detected: car (ID: 2, Conf: 0.51, Area: 2747)
2026-05-25 13:08:03,573 - AeroBrain - INFO - 🎯 TARGET (car) | YAW LEFT ⬅ | MOVE FORWARD ⬆⬆ | Area: 3492
2026-05-25 13:08:03,744 - AeroBrain - INFO - Detected: person (ID: 0, Conf: 0.72, Area: 1968)
2026-05-25 13:08:03,744 - AeroBrain - INFO - Detected: person (ID: 0, Conf: 0.69, Area: 2784)
2026-05-25 13:08:03,745 - AeroBrain - INFO - Detected: car (ID: 2, Conf: 0.69, Area: 2622)
2026-05-25 13:08:03,745 - AeroBrain - INFO - Detected: car (ID: 2, Conf: 0.64, Area: 2048)
2026-05-25 13:08:03,745 - AeroBrain - INFO - Detected: car (ID: 2, Conf: 0.64, Area: 5252)
2026-05-25 13:08:03,747 - AeroBrain - INFO - 🎯 TARGET (car) | YAW LEFT ⬅ | MOVE FORWARD ⬆⬆ | Area: 5252
2026-05-25 13:08:03,893 - AeroBrain - INFO - Detected: person (ID: 0, Conf: 0.64, Area: 2054)
2026-05-25 13:08:03,893 - AeroBrain - INFO - Detected: truck (ID: 7, Conf: 0.55, Area: 3626)
2026-05-25 13:08:03,894 - AeroBrain - INFO - Detected: car (ID: 2, Conf: 0.54, Area: 4692)
2026-05-25 13:08:03,894 - AeroBrain - INFO - Detected: car (ID: 2, Conf: 0.44, Area: 2184)
2026-05-25 13:08:03,895 - AeroBrain - INFO - 🎯 TARGET (car) | YAW LEFT ⬅ | MOVE FORWARD ⬆⬆ | Area: 4692
2026-05-25 13:08:04,054 - AeroBrain - INFO - Detected: person (ID: 0, Conf: 0.80, Area: 3132)
2026-05-25 13:08:04,055 - AeroBrain - INFO - Detected: car (ID: 2, Conf: 0.76, Area: 2442)
2026-05-25 13:08:04,055 - AeroBrain - INFO - Detected: car (ID: 2, Conf: 0.75, Area: 3212)
2026-05-25 13:08:04,055 - AeroBrain - INFO - Detected: car (ID: 2, Conf: 0.75, Area: 4773)
2026-05-25 13:08:04,056 - AeroBrain - INFO - Detected: person (ID: 0, Conf: 0.74, Area: 2160)
2026-05-25 13:08:04,056 - AeroBrain - INFO - Detected: truck (ID: 7, Conf: 0.59, Area: 3724)
2026-05-25 13:08:04,056 - AeroBrain - INFO - Detected: car (ID: 2, Conf: 0.50, Area: 1558)
2026-05-25 13:08:04,058 - AeroBrain - INFO - 🎯 TARGET (car) | YAW LEFT ⬅ | MOVE FORWARD ⬆⬆ | Area: 4773
2026-05-25 13:08:04,204 - AeroBrain - INFO - Detected: person (ID: 0, Conf: 0.77, Area: 2268)
2026-05-25 13:08:04,204 - AeroBrain - INFO - Detected: person (ID: 0, Conf: 0.76, Area: 4060)
2026-05-25 13:08:04,205 - AeroBrain - INFO - Detected: car (ID: 2, Conf: 0.75, Area: 2345)
2026-05-25 13:08:04,205 - AeroBrain - INFO - Detected: car (ID: 2, Conf: 0.53, Area: 5382)
2026-05-25 13:08:04,205 - AeroBrain - INFO - Detected: car (ID: 2, Conf: 0.42, Area: 1218)
2026-05-25 13:08:04,207 - AeroBrain - INFO - 🎯 TARGET (car) | YAW LEFT ⬅ | MOVE FORWARD ⬆⬆ | Area: 5382
2026-05-25 13:08:04,408 - AeroBrain - INFO - Detected: person (ID: 0, Conf: 0.81, Area: 6256)
2026-05-25 13:08:04,408 - AeroBrain - INFO - Detected: car (ID: 2, Conf: 0.77, Area: 868)
2026-05-25 13:08:04,409 - AeroBrain - INFO - Detected: person (ID: 0, Conf: 0.71, Area: 1909)
2026-05-25 13:08:04,409 - AeroBrain - INFO - Detected: car (ID: 2, Conf: 0.70, Area: 2622)
2026-05-25 13:08:04,409 - AeroBrain - INFO - Detected: truck (ID: 7, Conf: 0.61, Area: 4730)
2026-05-25 13:08:04,411 - AeroBrain - INFO - 🎯 TARGET (person) | CENTERED = | MOVE FORWARD ⬆⬆ | Area: 6256
2026-05-25 13:08:04,593 - AeroBrain - INFO - Detected: person (ID: 0, Conf: 0.84, Area: 5688)
2026-05-25 13:08:04,593 - AeroBrain - INFO - Detected: truck (ID: 7, Conf: 0.67, Area: 5278)
2026-05-25 13:08:04,594 - AeroBrain - INFO - Detected: person (ID: 0, Conf: 0.67, Area: 2079)
2026-05-25 13:08:04,594 - AeroBrain - INFO - Detected: car (ID: 2, Conf: 0.62, Area: 2535)
2026-05-25 13:08:04,596 - AeroBrain - INFO - 🎯 TARGET (person) | CENTERED = | MOVE FORWARD ⬆⬆ | Area: 5688
2026-05-25 13:08:04,768 - AeroBrain - INFO - Detected: person (ID: 0, Conf: 0.78, Area: 2295)
2026-05-25 13:08:04,768 - AeroBrain - INFO - Detected: person (ID: 0, Conf: 0.74, Area: 6970)
2026-05-25 13:08:04,768 - AeroBrain - INFO - Detected: truck (ID: 7, Conf: 0.70, Area: 5940)
2026-05-25 13:08:04,769 - AeroBrain - INFO - Detected: car (ID: 2, Conf: 0.63, Area: 3850)
2026-05-25 13:08:04,769 - AeroBrain - INFO - Detected: car (ID: 2, Conf: 0.59, Area: 3003)
2026-05-25 13:08:04,769 - AeroBrain - INFO - Detected: car (ID: 2, Conf: 0.51, Area: 840)
2026-05-25 13:08:04,771 - AeroBrain - INFO - 🎯 TARGET (person) | CENTERED = | MOVE FORWARD ⬆⬆ | Area: 6970
2026-05-25 13:08:04,998 - AeroBrain - INFO - Detected: person (ID: 0, Conf: 0.79, Area: 8955)
2026-05-25 13:08:04,998 - AeroBrain - INFO - Detected: person (ID: 0, Conf: 0.75, Area: 2088)
2026-05-25 13:08:04,998 - AeroBrain - INFO - Detected: car (ID: 2, Conf: 0.52, Area: 550)
2026-05-25 13:08:05,000 - AeroBrain - INFO - Detected: car (ID: 2, Conf: 0.50, Area: 3200)
2026-05-25 13:08:05,000 - AeroBrain - INFO - Detected: car (ID: 2, Conf: 0.43, Area: 8618)
2026-05-25 13:08:05,000 - AeroBrain - INFO - Detected: truck (ID: 7, Conf: 0.40, Area: 4900)
2026-05-25 13:08:05,001 - AeroBrain - INFO - 🎯 TARGET (person) | CENTERED = | MOVE FORWARD ⬆⬆ | Area: 8955
2026-05-25 13:08:05,201 - AeroBrain - INFO - Detected: person (ID: 0, Conf: 0.88, Area: 20550)
2026-05-25 13:08:05,201 - AeroBrain - INFO - Detected: car (ID: 2, Conf: 0.82, Area: 8990)
2026-05-25 13:08:05,202 - AeroBrain - INFO - Detected: car (ID: 2, Conf: 0.70, Area: 3652)
2026-05-25 13:08:05,202 - AeroBrain - INFO - Detected: person (ID: 0, Conf: 0.61, Area: 1992)
2026-05-25 13:08:05,202 - AeroBrain - INFO - Detected: truck (ID: 7, Conf: 0.60, Area: 5775)
2026-05-25 13:08:05,202 - AeroBrain - INFO - Detected: car (ID: 2, Conf: 0.54, Area: 396)
2026-05-25 13:08:05,204 - AeroBrain - INFO - 🎯 TARGET (person) | CENTERED = | MOVE FORWARD ⬆⬆ | Area: 20550
2026-05-25 13:08:05,375 - AeroBrain - INFO - Detected: person (ID: 0, Conf: 0.88, Area: 38368)
2026-05-25 13:08:05,377 - AeroBrain - INFO - Detected: car (ID: 2, Conf: 0.78, Area: 12006)
2026-05-25 13:08:05,377 - AeroBrain - INFO - Detected: person (ID: 0, Conf: 0.75, Area: 2494)
2026-05-25 13:08:05,378 - AeroBrain - INFO - Detected: truck (ID: 7, Conf: 0.73, Area: 6848)
2026-05-25 13:08:05,378 - AeroBrain - INFO - Detected: car (ID: 2, Conf: 0.69, Area: 2537)
2026-05-25 13:08:05,380 - AeroBrain - INFO - 🎯 TARGET (person) | CENTERED = | MOVE FORWARD ⬆⬆ | Area: 38368
2026-05-25 13:08:05,544 - AeroBrain - INFO - Detected: person (ID: 0, Conf: 0.91, Area: 45540)
2026-05-25 13:08:05,545 - AeroBrain - INFO - Detected: car (ID: 2, Conf: 0.68, Area: 1452)
2026-05-25 13:08:05,546 - AeroBrain - INFO - Detected: person (ID: 0, Conf: 0.63, Area: 2619)
2026-05-25 13:08:05,546 - AeroBrain - INFO - Detected: person (ID: 0, Conf: 0.59, Area: 918)
2026-05-25 13:08:05,546 - AeroBrain - INFO - Detected: car (ID: 2, Conf: 0.55, Area: 9150)
2026-05-25 13:08:05,547 - AeroBrain - INFO - Detected: person (ID: 0, Conf: 0.51, Area: 648)
2026-05-25 13:08:05,553 - AeroBrain - INFO - 🎯 TARGET (person) | YAW RIGHT ➔ | HOLD DISTANCE = | Area: 45540
2026-05-25 13:08:05,756 - AeroBrain - INFO - Detected: person (ID: 0, Conf: 0.80, Area: 62010)
2026-05-25 13:08:05,757 - AeroBrain - INFO - Detected: car (ID: 2, Conf: 0.79, Area: 2820)
2026-05-25 13:08:05,757 - AeroBrain - INFO - Detected: person (ID: 0, Conf: 0.68, Area: 2457)
2026-05-25 13:08:05,757 - AeroBrain - INFO - Detected: truck (ID: 7, Conf: 0.60, Area: 7700)
2026-05-25 13:08:05,757 - AeroBrain - INFO - Detected: car (ID: 2, Conf: 0.49, Area: 12390)
2026-05-25 13:08:05,760 - AeroBrain - INFO - 🎯 TARGET (person) | YAW RIGHT ➔ | HOLD DISTANCE = | Area: 62010
2026-05-25 13:08:05,931 - AeroBrain - INFO - Detected: truck (ID: 7, Conf: 0.74, Area: 8352)
2026-05-25 13:08:05,932 - AeroBrain - INFO - Detected: person (ID: 0, Conf: 0.72, Area: 2697)
2026-05-25 13:08:05,932 - AeroBrain - INFO - Detected: car (ID: 2, Conf: 0.53, Area: 5200)
2026-05-25 13:08:05,933 - AeroBrain - INFO - Detected: car (ID: 2, Conf: 0.42, Area: 14964)
2026-05-25 13:08:05,934 - AeroBrain - INFO - 🎯 TARGET (car) | YAW LEFT ⬅ | MOVE FORWARD ⬆⬆ | Area: 14964
2026-05-25 13:08:06,124 - AeroBrain - INFO - Detected: person (ID: 0, Conf: 0.73, Area: 3016)
2026-05-25 13:08:06,125 - AeroBrain - INFO - Detected: car (ID: 2, Conf: 0.68, Area: 5665)
2026-05-25 13:08:06,126 - AeroBrain - INFO - Detected: car (ID: 2, Conf: 0.62, Area: 896)
2026-05-25 13:08:06,127 - AeroBrain - INFO - Detected: truck (ID: 7, Conf: 0.61, Area: 8591)
2026-05-25 13:08:06,128 - AeroBrain - INFO - 🎯 TARGET (truck) | YAW RIGHT ➔ | MOVE FORWARD ⬆⬆ | Area: 8591
2026-05-25 13:08:06,323 - AeroBrain - INFO - Detected: truck (ID: 7, Conf: 0.85, Area: 9009)
2026-05-25 13:08:06,324 - AeroBrain - INFO - Detected: car (ID: 2, Conf: 0.63, Area: 5720)
2026-05-25 13:08:06,325 - AeroBrain - INFO - Detected: car (ID: 2, Conf: 0.47, Area: 17763)
2026-05-25 13:08:06,325 - AeroBrain - INFO - Detected: truck (ID: 7, Conf: 0.41, Area: 5720)
2026-05-25 13:08:06,330 - AeroBrain - INFO - 🎯 TARGET (car) | YAW LEFT ⬅ | MOVE FORWARD ⬆⬆ | Area: 17763
2026-05-25 13:08:06,518 - AeroBrain - INFO - Detected: truck (ID: 7, Conf: 0.89, Area: 9272)
2026-05-25 13:08:06,518 - AeroBrain - INFO - Detected: car (ID: 2, Conf: 0.67, Area: 5885)
2026-05-25 13:08:06,520 - AeroBrain - INFO - 🎯 TARGET (truck) | YAW RIGHT ➔ | MOVE FORWARD ⬆⬆ | Area: 9272
2026-05-25 13:08:06,716 - AeroBrain - INFO - Detected: truck (ID: 7, Conf: 0.77, Area: 9075)
2026-05-25 13:08:06,716 - AeroBrain - INFO - Detected: car (ID: 2, Conf: 0.60, Area: 6327)
2026-05-25 13:08:06,717 - AeroBrain - INFO - Detected: bus (ID: 5, Conf: 0.60, Area: 16744)
2026-05-25 13:08:06,717 - AeroBrain - INFO - Detected: truck (ID: 7, Conf: 0.54, Area: 6438)
2026-05-25 13:08:06,720 - AeroBrain - INFO - 🎯 TARGET (bus) | YAW LEFT ⬅ | MOVE FORWARD ⬆⬆ | Area: 16744
2026-05-25 13:08:06,922 - AeroBrain - INFO - Detected: truck (ID: 7, Conf: 0.84, Area: 9594)
2026-05-25 13:08:06,922 - AeroBrain - INFO - Detected: car (ID: 2, Conf: 0.63, Area: 6549)
2026-05-25 13:08:06,923 - AeroBrain - INFO - Detected: car (ID: 2, Conf: 0.62, Area: 1040)
2026-05-25 13:08:06,923 - AeroBrain - INFO - Detected: car (ID: 2, Conf: 0.57, Area: 16992)
2026-05-25 13:08:06,925 - AeroBrain - INFO - 🎯 TARGET (car) | YAW LEFT ⬅ | MOVE FORWARD ⬆⬆ | Area: 16992
2026-05-25 13:08:07,073 - AeroBrain - INFO - Detected: car (ID: 2, Conf: 0.69, Area: 16704)
2026-05-25 13:08:07,073 - AeroBrain - INFO - Detected: truck (ID: 7, Conf: 0.67, Area: 10160)
2026-05-25 13:08:07,074 - AeroBrain - INFO - Detected: truck (ID: 7, Conf: 0.55, Area: 6441)
2026-05-25 13:08:07,074 - AeroBrain - INFO - Detected: person (ID: 0, Conf: 0.41, Area: 936)
2026-05-25 13:08:07,076 - AeroBrain - INFO - 🎯 TARGET (car) | YAW LEFT ⬅ | MOVE FORWARD ⬆⬆ | Area: 16704
2026-05-25 13:08:07,227 - AeroBrain - INFO - Detected: truck (ID: 7, Conf: 0.85, Area: 11135)
2026-05-25 13:08:07,228 - AeroBrain - INFO - Detected: car (ID: 2, Conf: 0.67, Area: 17072)
2026-05-25 13:08:07,228 - AeroBrain - INFO - Detected: truck (ID: 7, Conf: 0.57, Area: 7139)
2026-05-25 13:08:07,229 - AeroBrain - INFO - Detected: car (ID: 2, Conf: 0.47, Area: 6600)
2026-05-25 13:08:07,231 - AeroBrain - INFO - 🎯 TARGET (car) | YAW LEFT ⬅ | MOVE FORWARD ⬆⬆ | Area: 17072
2026-05-25 13:08:07,383 - AeroBrain - INFO - Detected: truck (ID: 7, Conf: 0.85, Area: 11832)
2026-05-25 13:08:07,384 - AeroBrain - INFO - Detected: truck (ID: 7, Conf: 0.68, Area: 8107)
2026-05-25 13:08:07,384 - AeroBrain - INFO - Detected: car (ID: 2, Conf: 0.62, Area: 17640)
2026-05-25 13:08:07,385 - AeroBrain - INFO - Detected: person (ID: 0, Conf: 0.61, Area: 1144)
2026-05-25 13:08:07,387 - AeroBrain - INFO - 🎯 TARGET (car) | YAW LEFT ⬅ | MOVE FORWARD ⬆⬆ | Area: 17640
2026-05-25 13:08:07,537 - AeroBrain - INFO - Detected: car (ID: 2, Conf: 0.72, Area: 18800)
2026-05-25 13:08:07,538 - AeroBrain - INFO - Detected: person (ID: 0, Conf: 0.71, Area: 1176)
2026-05-25 13:08:07,538 - AeroBrain - INFO - Detected: truck (ID: 7, Conf: 0.66, Area: 8520)
2026-05-25 13:08:07,538 - AeroBrain - INFO - Detected: truck (ID: 7, Conf: 0.50, Area: 8064)
2026-05-25 13:08:07,540 - AeroBrain - INFO - 🎯 TARGET (car) | YAW LEFT ⬅ | MOVE FORWARD ⬆⬆ | Area: 18800
2026-05-25 13:08:07,695 - AeroBrain - INFO - Detected: car (ID: 2, Conf: 0.79, Area: 19998)
2026-05-25 13:08:07,698 - AeroBrain - INFO - Detected: truck (ID: 7, Conf: 0.69, Area: 7178)
2026-05-25 13:08:07,698 - AeroBrain - INFO - Detected: car (ID: 2, Conf: 0.53, Area: 9443)
2026-05-25 13:08:07,698 - AeroBrain - INFO - Detected: truck (ID: 7, Conf: 0.46, Area: 9443)
2026-05-25 13:08:07,700 - AeroBrain - INFO - 🎯 TARGET (car) | YAW LEFT ⬅ | MOVE FORWARD ⬆⬆ | Area: 19998
2026-05-25 13:08:07,842 - AeroBrain - INFO - Detected: car (ID: 2, Conf: 0.77, Area: 21735)
2026-05-25 13:08:07,842 - AeroBrain - INFO - Detected: truck (ID: 7, Conf: 0.63, Area: 5767)
2026-05-25 13:08:07,843 - AeroBrain - INFO - Detected: truck (ID: 7, Conf: 0.51, Area: 10716)
2026-05-25 13:08:07,843 - AeroBrain - INFO - Detected: car (ID: 2, Conf: 0.44, Area: 10792)
2026-05-25 13:08:07,845 - AeroBrain - INFO - 🎯 TARGET (car) | YAW LEFT ⬅ | MOVE FORWARD ⬆⬆ | Area: 21735
2026-05-25 13:08:08,011 - AeroBrain - INFO - Detected: car (ID: 2, Conf: 0.82, Area: 23108)
2026-05-25 13:08:08,012 - AeroBrain - INFO - Detected: person (ID: 0, Conf: 0.66, Area: 1363)
2026-05-25 13:08:08,012 - AeroBrain - INFO - Detected: truck (ID: 7, Conf: 0.53, Area: 3724)
2026-05-25 13:08:08,012 - AeroBrain - INFO - Detected: car (ID: 2, Conf: 0.48, Area: 3724)
2026-05-25 13:08:08,013 - AeroBrain - INFO - Detected: car (ID: 2, Conf: 0.47, Area: 2058)
2026-05-25 13:08:08,013 - AeroBrain - INFO - Detected: person (ID: 0, Conf: 0.44, Area: 1045)
2026-05-25 13:08:08,013 - AeroBrain - INFO - Detected: person (ID: 0, Conf: 0.43, Area: 1003)
2026-05-25 13:08:08,015 - AeroBrain - INFO - 🎯 TARGET (car) | YAW LEFT ⬅ | MOVE FORWARD ⬆⬆ | Area: 23108
2026-05-25 13:08:08,163 - AeroBrain - INFO - Detected: car (ID: 2, Conf: 0.82, Area: 25086)
2026-05-25 13:08:08,164 - AeroBrain - INFO - Detected: car (ID: 2, Conf: 0.51, Area: 1180)
2026-05-25 13:08:08,165 - AeroBrain - INFO - Detected: person (ID: 0, Conf: 0.46, Area: 770)
2026-05-25 13:08:08,165 - AeroBrain - INFO - Detected: truck (ID: 7, Conf: 0.45, Area: 11280)
2026-05-25 13:08:08,167 - AeroBrain - INFO - 🎯 TARGET (car) | YAW LEFT ⬅ | MOVE FORWARD ⬆⬆ | Area: 25086
2026-05-25 13:08:08,318 - AeroBrain - INFO - Detected: car (ID: 2, Conf: 0.88, Area: 26793)
2026-05-25 13:08:08,318 - AeroBrain - INFO - Detected: person (ID: 0, Conf: 0.78, Area: 1100)
2026-05-25 13:08:08,318 - AeroBrain - INFO - Detected: person (ID: 0, Conf: 0.71, Area: 1121)
2026-05-25 13:08:08,319 - AeroBrain - INFO - Detected: car (ID: 2, Conf: 0.60, Area: 11730)
2026-05-25 13:08:08,320 - AeroBrain - INFO - Detected: person (ID: 0, Conf: 0.47, Area: 920)
2026-05-25 13:08:08,320 - AeroBrain - INFO - Detected: person (ID: 0, Conf: 0.43, Area: 408)
2026-05-25 13:08:08,321 - AeroBrain - INFO - Detected: person (ID: 0, Conf: 0.40, Area: 410)
2026-05-25 13:08:08,322 - AeroBrain - INFO - 🎯 TARGET (car) | YAW LEFT ⬅ | MOVE FORWARD ⬆⬆ | Area: 26793
2026-05-25 13:08:08,472 - AeroBrain - INFO - Detected: car (ID: 2, Conf: 0.59, Area: 15842)
2026-05-25 13:08:08,472 - AeroBrain - INFO - Detected: person (ID: 0, Conf: 0.58, Area: 1150)
2026-05-25 13:08:08,472 - AeroBrain - INFO - Detected: car (ID: 2, Conf: 0.55, Area: 27966)
2026-05-25 13:08:08,473 - AeroBrain - INFO - Detected: person (ID: 0, Conf: 0.53, Area: 900)
2026-05-25 13:08:08,474 - AeroBrain - INFO - 🎯 TARGET (car) | YAW LEFT ⬅ | MOVE FORWARD ⬆⬆ | Area: 27966
2026-05-25 13:08:08,657 - AeroBrain - INFO - Detected: car (ID: 2, Conf: 0.78, Area: 6030)
2026-05-25 13:08:08,658 - AeroBrain - INFO - Detected: car (ID: 2, Conf: 0.75, Area: 31616)
2026-05-25 13:08:08,658 - AeroBrain - INFO - Detected: car (ID: 2, Conf: 0.73, Area: 13483)
2026-05-25 13:08:08,658 - AeroBrain - INFO - Detected: person (ID: 0, Conf: 0.65, Area: 960)
2026-05-25 13:08:08,658 - AeroBrain - INFO - Detected: person (ID: 0, Conf: 0.54, Area: 1102)
2026-05-25 13:08:08,658 - AeroBrain - INFO - Detected: person (ID: 0, Conf: 0.52, Area: 520)
2026-05-25 13:08:08,658 - AeroBrain - INFO - Detected: person (ID: 0, Conf: 0.50, Area: 1325)
2026-05-25 13:08:08,662 - AeroBrain - INFO - 🎯 TARGET (car) | YAW LEFT ⬅ | MOVE FORWARD ⬆⬆ | Area: 31616
2026-05-25 13:08:08,803 - AeroBrain - INFO - Detected: car (ID: 2, Conf: 0.87, Area: 33012)
2026-05-25 13:08:08,803 - AeroBrain - INFO - Detected: person (ID: 0, Conf: 0.56, Area: 960)
2026-05-25 13:08:08,805 - AeroBrain - INFO - Detected: person (ID: 0, Conf: 0.56, Area: 585)
2026-05-25 13:08:08,805 - AeroBrain - INFO - Detected: person (ID: 0, Conf: 0.54, Area: 2584)
2026-05-25 13:08:08,805 - AeroBrain - INFO - Detected: truck (ID: 7, Conf: 0.52, Area: 11934)
2026-05-25 13:08:08,806 - AeroBrain - INFO - Detected: car (ID: 2, Conf: 0.47, Area: 9234)
2026-05-25 13:08:08,809 - AeroBrain - INFO - 🎯 TARGET (car) | YAW LEFT ⬅ | MOVE FORWARD ⬆⬆ | Area: 33012
2026-05-25 13:08:08,965 - AeroBrain - INFO - Detected: person (ID: 0, Conf: 0.86, Area: 4033)
2026-05-25 13:08:08,968 - AeroBrain - INFO - Detected: car (ID: 2, Conf: 0.77, Area: 35757)
2026-05-25 13:08:08,969 - AeroBrain - INFO - Detected: person (ID: 0, Conf: 0.58, Area: 1242)
2026-05-25 13:08:08,971 - AeroBrain - INFO - 🎯 TARGET (car) | YAW LEFT ⬅ | MOVE FORWARD ⬆⬆ | Area: 35757
2026-05-25 13:08:09,122 - AeroBrain - INFO - Detected: person (ID: 0, Conf: 0.74, Area: 6560)
2026-05-25 13:08:09,122 - AeroBrain - INFO - Detected: person (ID: 0, Conf: 0.58, Area: 1235)
2026-05-25 13:08:09,123 - AeroBrain - INFO - Detected: person (ID: 0, Conf: 0.50, Area: 1440)
2026-05-25 13:08:09,123 - AeroBrain - INFO - Detected: car (ID: 2, Conf: 0.45, Area: 8784)
2026-05-25 13:08:09,124 - AeroBrain - INFO - Detected: truck (ID: 7, Conf: 0.43, Area: 40176)
2026-05-25 13:08:09,125 - AeroBrain - INFO - 🎯 TARGET (truck) | YAW LEFT ⬅ | HOLD DISTANCE = | Area: 40176
2026-05-25 13:08:09,297 - AeroBrain - INFO - Detected: person (ID: 0, Conf: 0.65, Area: 8415)
2026-05-25 13:08:09,298 - AeroBrain - INFO - Detected: car (ID: 2, Conf: 0.62, Area: 36450)
2026-05-25 13:08:09,298 - AeroBrain - INFO - Detected: person (ID: 0, Conf: 0.56, Area: 1554)
2026-05-25 13:08:09,298 - AeroBrain - INFO - Detected: car (ID: 2, Conf: 0.48, Area: 10300)
2026-05-25 13:08:09,300 - AeroBrain - INFO - Detected: person (ID: 0, Conf: 0.48, Area: 468)
2026-05-25 13:08:09,300 - AeroBrain - INFO - Detected: person (ID: 0, Conf: 0.48, Area: 3726)
2026-05-25 13:08:09,300 - AeroBrain - INFO - Detected: person (ID: 0, Conf: 0.45, Area: 510)
2026-05-25 13:08:09,303 - AeroBrain - INFO - 🎯 TARGET (car) | YAW LEFT ⬅ | MOVE FORWARD ⬆⬆ | Area: 36450
2026-05-25 13:08:09,500 - AeroBrain - INFO - Detected: person (ID: 0, Conf: 0.84, Area: 13514)
2026-05-25 13:08:09,500 - AeroBrain - INFO - Detected: person (ID: 0, Conf: 0.70, Area: 3132)
2026-05-25 13:08:09,501 - AeroBrain - INFO - Detected: person (ID: 0, Conf: 0.67, Area: 1134)
2026-05-25 13:08:09,501 - AeroBrain - INFO - Detected: car (ID: 2, Conf: 0.65, Area: 40424)
2026-05-25 13:08:09,501 - AeroBrain - INFO - Detected: person (ID: 0, Conf: 0.64, Area: 1932)
2026-05-25 13:08:09,501 - AeroBrain - INFO - Detected: person (ID: 0, Conf: 0.56, Area: 2232)
2026-05-25 13:08:09,503 - AeroBrain - INFO - 🎯 TARGET (car) | YAW LEFT ⬅ | HOLD DISTANCE = | Area: 40424
2026-05-25 13:08:09,745 - AeroBrain - INFO - Detected: person (ID: 0, Conf: 0.87, Area: 34608)
2026-05-25 13:08:09,745 - AeroBrain - INFO - Detected: person (ID: 0, Conf: 0.78, Area: 3503)
2026-05-25 13:08:09,746 - AeroBrain - INFO - Detected: car (ID: 2, Conf: 0.72, Area: 4928)
2026-05-25 13:08:09,746 - AeroBrain - INFO - Detected: person (ID: 0, Conf: 0.63, Area: 1817)
2026-05-25 13:08:09,746 - AeroBrain - INFO - Detected: person (ID: 0, Conf: 0.59, Area: 672)
2026-05-25 13:08:09,746 - AeroBrain - INFO - Detected: person (ID: 0, Conf: 0.55, Area: 2350)
2026-05-25 13:08:09,747 - AeroBrain - INFO - Detected: person (ID: 0, Conf: 0.53, Area: 972)
2026-05-25 13:08:09,747 - AeroBrain - INFO - Detected: handbag (ID: 26, Conf: 0.49, Area: 4048)
2026-05-25 13:08:09,747 - AeroBrain - INFO - Detected: handbag (ID: 26, Conf: 0.48, Area: 2898)
2026-05-25 13:08:09,748 - AeroBrain - INFO - Detected: car (ID: 2, Conf: 0.43, Area: 42662)
2026-05-25 13:08:09,752 - AeroBrain - INFO - 🎯 TARGET (car) | YAW LEFT ⬅ | HOLD DISTANCE = | Area: 42662
2026-05-25 13:08:09,984 - AeroBrain - INFO - Detected: person (ID: 0, Conf: 0.90, Area: 63788)
2026-05-25 13:08:09,985 - AeroBrain - INFO - Detected: person (ID: 0, Conf: 0.72, Area: 3955)
2026-05-25 13:08:09,985 - AeroBrain - INFO - Detected: person (ID: 0, Conf: 0.71, Area: 2250)
2026-05-25 13:08:09,985 - AeroBrain - INFO - Detected: car (ID: 2, Conf: 0.67, Area: 5830)
2026-05-25 13:08:09,985 - AeroBrain - INFO - Detected: person (ID: 0, Conf: 0.63, Area: 884)
2026-05-25 13:08:09,986 - AeroBrain - INFO - Detected: car (ID: 2, Conf: 0.46, Area: 460)
2026-05-25 13:08:09,986 - AeroBrain - INFO - Detected: person (ID: 0, Conf: 0.42, Area: 2736)
2026-05-25 13:08:09,986 - AeroBrain - INFO - Detected: person (ID: 0, Conf: 0.41, Area: 1416)
2026-05-25 13:08:09,988 - AeroBrain - INFO - 🎯 TARGET (person) | YAW LEFT ⬅ | HOLD DISTANCE = | Area: 63788
2026-05-25 13:08:10,216 - AeroBrain - INFO - Detected: truck (ID: 7, Conf: 0.78, Area: 22200)
2026-05-25 13:08:10,217 - AeroBrain - INFO - Detected: person (ID: 0, Conf: 0.76, Area: 5054)
2026-05-25 13:08:10,219 - AeroBrain - INFO - Detected: person (ID: 0, Conf: 0.70, Area: 2496)
2026-05-25 13:08:10,219 - AeroBrain - INFO - Detected: person (ID: 0, Conf: 0.64, Area: 992)
2026-05-25 13:08:10,219 - AeroBrain - INFO - Detected: car (ID: 2, Conf: 0.60, Area: 340)
2026-05-25 13:08:10,220 - AeroBrain - INFO - Detected: person (ID: 0, Conf: 0.56, Area: 931)
2026-05-25 13:08:10,220 - AeroBrain - INFO - Detected: car (ID: 2, Conf: 0.51, Area: 11135)
2026-05-25 13:08:10,223 - AeroBrain - INFO - 🎯 TARGET (truck) | YAW LEFT ⬅ | MOVE FORWARD ⬆⬆ | Area: 22200
2026-05-25 13:08:10,406 - AeroBrain - INFO - Detected: person (ID: 0, Conf: 0.80, Area: 5365)
2026-05-25 13:08:10,409 - AeroBrain - INFO - Detected: person (ID: 0, Conf: 0.76, Area: 2754)
2026-05-25 13:08:10,411 - AeroBrain - INFO - Detected: train (ID: 6, Conf: 0.65, Area: 23496)
2026-05-25 13:08:10,412 - AeroBrain - INFO - Detected: truck (ID: 7, Conf: 0.64, Area: 15255)
2026-05-25 13:08:10,412 - AeroBrain - INFO - Detected: person (ID: 0, Conf: 0.47, Area: 1464)
2026-05-25 13:08:10,414 - AeroBrain - INFO - 🎯 TARGET (train) | YAW RIGHT ➔ | MOVE FORWARD ⬆⬆ | Area: 23496
2026-05-25 13:08:10,577 - AeroBrain - INFO - Detected: car (ID: 2, Conf: 0.80, Area: 40454)
2026-05-25 13:08:10,578 - AeroBrain - INFO - Detected: person (ID: 0, Conf: 0.73, Area: 2940)
2026-05-25 13:08:10,582 - AeroBrain - INFO - Detected: person (ID: 0, Conf: 0.71, Area: 7852)
2026-05-25 13:08:10,583 - AeroBrain - INFO - Detected: truck (ID: 7, Conf: 0.61, Area: 10541)
2026-05-25 13:08:10,589 - AeroBrain - INFO - 🎯 TARGET (car) | YAW RIGHT ➔ | HOLD DISTANCE = | Area: 40454
2026-05-25 13:08:10,773 - AeroBrain - INFO - Detected: car (ID: 2, Conf: 0.74, Area: 60000)
2026-05-25 13:08:10,773 - AeroBrain - INFO - Detected: person (ID: 0, Conf: 0.72, Area: 3306)
2026-05-25 13:08:10,774 - AeroBrain - INFO - Detected: person (ID: 0, Conf: 0.70, Area: 9588)
2026-05-25 13:08:10,774 - AeroBrain - INFO - Detected: truck (ID: 7, Conf: 0.58, Area: 6785)
2026-05-25 13:08:10,774 - AeroBrain - INFO - Detected: person (ID: 0, Conf: 0.42, Area: 2782)
2026-05-25 13:08:10,776 - AeroBrain - INFO - 🎯 TARGET (car) | YAW RIGHT ➔ | HOLD DISTANCE = | Area: 60000
2026-05-25 13:08:10,990 - AeroBrain - INFO - Detected: person (ID: 0, Conf: 0.87, Area: 14336)
2026-05-25 13:08:10,991 - AeroBrain - INFO - Detected: person (ID: 0, Conf: 0.77, Area: 2550)
2026-05-25 13:08:10,991 - AeroBrain - INFO - Detected: person (ID: 0, Conf: 0.61, Area: 2190)
2026-05-25 13:08:10,991 - AeroBrain - INFO - Detected: person (ID: 0, Conf: 0.48, Area: 1935)
2026-05-25 13:08:10,991 - AeroBrain - INFO - Detected: truck (ID: 7, Conf: 0.45, Area: 4200)
2026-05-25 13:08:10,992 - AeroBrain - INFO - Detected: car (ID: 2, Conf: 0.43, Area: 98988)
2026-05-25 13:08:10,994 - AeroBrain - INFO - 🎯 TARGET (car) | YAW RIGHT ➔ | MOVE BACKWARD ⬇ | Area: 98988
2026-05-25 13:08:11,186 - AeroBrain - INFO - Detected: person (ID: 0, Conf: 0.72, Area: 1708)
2026-05-25 13:08:11,187 - AeroBrain - INFO - Detected: person (ID: 0, Conf: 0.70, Area: 2013)
2026-05-25 13:08:11,187 - AeroBrain - INFO - Detected: person (ID: 0, Conf: 0.59, Area: 14504)
2026-05-25 13:08:11,188 - AeroBrain - INFO - Detected: car (ID: 2, Conf: 0.50, Area: 133660)
2026-05-25 13:08:11,190 - AeroBrain - INFO - 🎯 TARGET (car) | YAW RIGHT ➔ | MOVE BACKWARD ⬇ | Area: 133660
2026-05-25 13:08:11,364 - AeroBrain - INFO - Detected: person (ID: 0, Conf: 0.82, Area: 13741)
2026-05-25 13:08:11,364 - AeroBrain - INFO - Detected: bus (ID: 5, Conf: 0.63, Area: 141932)
2026-05-25 13:08:11,367 - AeroBrain - INFO - 🎯 TARGET (bus) | YAW RIGHT ➔ | MOVE BACKWARD ⬇ | Area: 141932
2026-05-25 13:08:11,564 - AeroBrain - INFO - Detected: person (ID: 0, Conf: 0.67, Area: 38025)
2026-05-25 13:08:11,565 - AeroBrain - INFO - Detected: car (ID: 2, Conf: 0.63, Area: 147132)
2026-05-25 13:08:11,568 - AeroBrain - INFO - 🎯 TARGET (car) | CENTERED = | MOVE BACKWARD ⬇ | Area: 147132
2026-05-25 13:08:11,743 - AeroBrain - INFO - Detected: person (ID: 0, Conf: 0.84, Area: 49680)
2026-05-25 13:08:11,744 - AeroBrain - INFO - Detected: car (ID: 2, Conf: 0.84, Area: 99462)
2026-05-25 13:08:11,746 - AeroBrain - INFO - 🎯 TARGET (car) | YAW LEFT ⬅ | MOVE BACKWARD ⬇ | Area: 99462
2026-05-25 13:08:11,930 - AeroBrain - INFO - Detected: car (ID: 2, Conf: 0.91, Area: 65487)
2026-05-25 13:08:11,930 - AeroBrain - INFO - Detected: person (ID: 0, Conf: 0.75, Area: 6270)
2026-05-25 13:08:11,930 - AeroBrain - INFO - Detected: person (ID: 0, Conf: 0.60, Area: 1690)
2026-05-25 13:08:11,931 - AeroBrain - INFO - Detected: person (ID: 0, Conf: 0.44, Area: 10857)
2026-05-25 13:08:11,934 - AeroBrain - INFO - 🎯 TARGET (car) | YAW LEFT ⬅ | HOLD DISTANCE = | Area: 65487
2026-05-25 13:08:12,252 - AeroBrain - INFO - Detected: person (ID: 0, Conf: 0.87, Area: 8550)
2026-05-25 13:08:12,257 - AeroBrain - INFO - Detected: car (ID: 2, Conf: 0.71, Area: 18330)
2026-05-25 13:08:12,257 - AeroBrain - INFO - Detected: person (ID: 0, Conf: 0.57, Area: 1062)
2026-05-25 13:08:12,257 - AeroBrain - INFO - Detected: person (ID: 0, Conf: 0.56, Area: 1728)
2026-05-25 13:08:12,258 - AeroBrain - INFO - Detected: bicycle (ID: 1, Conf: 0.42, Area: 1350)
2026-05-25 13:08:12,260 - AeroBrain - INFO - 🎯 TARGET (car) | YAW LEFT ⬅ | MOVE FORWARD ⬆⬆ | Area: 18330
2026-05-25 13:08:12,437 - AeroBrain - INFO - Detected: person (ID: 0, Conf: 0.83, Area: 7310)
2026-05-25 13:08:12,437 - AeroBrain - INFO - Detected: car (ID: 2, Conf: 0.73, Area: 2812)
2026-05-25 13:08:12,438 - AeroBrain - INFO - Detected: person (ID: 0, Conf: 0.58, Area: 1426)
2026-05-25 13:08:12,438 - AeroBrain - INFO - Detected: person (ID: 0, Conf: 0.54, Area: 1260)
2026-05-25 13:08:12,440 - AeroBrain - INFO - 🎯 TARGET (person) | YAW LEFT ⬅ | MOVE FORWARD ⬆⬆ | Area: 7310
2026-05-25 13:08:12,663 - AeroBrain - INFO - Detected: person (ID: 0, Conf: 0.80, Area: 8742)
2026-05-25 13:08:12,663 - AeroBrain - INFO - Detected: truck (ID: 7, Conf: 0.51, Area: 10620)
2026-05-25 13:08:12,663 - AeroBrain - INFO - Detected: car (ID: 2, Conf: 0.49, Area: 2040)
2026-05-25 13:08:12,664 - AeroBrain - INFO - Detected: person (ID: 0, Conf: 0.48, Area: 1159)
2026-05-25 13:08:12,670 - AeroBrain - INFO - 🎯 TARGET (truck) | YAW RIGHT ➔ | MOVE FORWARD ⬆⬆ | Area: 10620
2026-05-25 13:08:12,901 - AeroBrain - INFO - Detected: person (ID: 0, Conf: 0.80, Area: 9447)
2026-05-25 13:08:12,902 - AeroBrain - INFO - Detected: train (ID: 6, Conf: 0.73, Area: 40851)
2026-05-25 13:08:12,902 - AeroBrain - INFO - Detected: car (ID: 2, Conf: 0.48, Area: 1215)
2026-05-25 13:08:12,903 - AeroBrain - INFO - Detected: person (ID: 0, Conf: 0.46, Area: 850)
2026-05-25 13:08:12,905 - AeroBrain - INFO - 🎯 TARGET (train) | YAW RIGHT ➔ | HOLD DISTANCE = | Area: 40851
2026-05-25 13:08:13,126 - AeroBrain - INFO - Detected: person (ID: 0, Conf: 0.83, Area: 11660)
2026-05-25 13:08:13,126 - AeroBrain - INFO - Detected: car (ID: 2, Conf: 0.74, Area: 836)
2026-05-25 13:08:13,127 - AeroBrain - INFO - Detected: truck (ID: 7, Conf: 0.45, Area: 112140)
2026-05-25 13:08:13,131 - AeroBrain - INFO - 🎯 TARGET (truck) | YAW RIGHT ➔ | MOVE BACKWARD ⬇ | Area: 112140
2026-05-25 13:08:13,298 - AeroBrain - INFO - Detected: traffic light (ID: 9, Conf: 0.72, Area: 704)
2026-05-25 13:08:13,301 - AeroBrain - INFO - Detected: car (ID: 2, Conf: 0.69, Area: 680)
2026-05-25 13:08:13,301 - AeroBrain - INFO - Detected: car (ID: 2, Conf: 0.46, Area: 206018)
2026-05-25 13:08:13,301 - AeroBrain - INFO - Detected: truck (ID: 7, Conf: 0.43, Area: 211754)
2026-05-25 13:08:13,303 - AeroBrain - INFO - 🎯 TARGET (truck) | YAW RIGHT ➔ | MOVE BACKWARD ⬇ | Area: 211754
2026-05-25 13:08:13,495 - AeroBrain - INFO - 🔍 SEARCHING FOR OBJECTS
2026-05-25 13:08:13,731 - AeroBrain - INFO - 🔍 SEARCHING FOR OBJECTS
2026-05-25 13:08:13,947 - AeroBrain - INFO - 🔍 SEARCHING FOR OBJECTS
2026-05-25 13:08:14,136 - AeroBrain - INFO - Detected: clock (ID: 74, Conf: 0.67, Area: 15228)
2026-05-25 13:08:14,139 - AeroBrain - INFO - 🎯 TARGET (clock) | CENTERED = | MOVE FORWARD ⬆⬆ | Area: 15228
2026-05-25 13:08:14,316 - AeroBrain - INFO - 🔍 SEARCHING FOR OBJECTS
2026-05-25 13:08:14,504 - AeroBrain - INFO - 🔍 SEARCHING FOR OBJECTS
2026-05-25 13:08:14,667 - AeroBrain - INFO - Detected: clock (ID: 74, Conf: 0.62, Area: 17284)
2026-05-25 13:08:14,670 - AeroBrain - INFO - 🎯 TARGET (clock) | YAW LEFT ⬅ | MOVE FORWARD ⬆⬆ | Area: 17284
2026-05-25 13:08:14,834 - AeroBrain - INFO - 🔍 SEARCHING FOR OBJECTS
2026-05-25 13:08:14,988 - AeroBrain - INFO - 🔍 SEARCHING FOR OBJECTS
2026-05-25 13:08:15,183 - AeroBrain - INFO - 🔍 SEARCHING FOR OBJECTS
2026-05-25 13:08:15,345 - AeroBrain - INFO - 🔍 SEARCHING FOR OBJECTS
2026-05-25 13:08:15,504 - AeroBrain - INFO - Detected: person (ID: 0, Conf: 0.41, Area: 47686)
2026-05-25 13:08:15,506 - AeroBrain - INFO - 🎯 TARGET (person) | YAW LEFT ⬅ | HOLD DISTANCE = | Area: 47686
2026-05-25 13:08:15,661 - AeroBrain - INFO - Detected: person (ID: 0, Conf: 0.63, Area: 29040)
2026-05-25 13:08:15,664 - AeroBrain - INFO - 🎯 TARGET (person) | YAW LEFT ⬅ | MOVE FORWARD ⬆⬆ | Area: 29040
2026-05-25 13:08:15,817 - AeroBrain - INFO - 🔍 SEARCHING FOR OBJECTS
2026-05-25 13:08:15,977 - AeroBrain - INFO - 🔍 SEARCHING FOR OBJECTS
2026-05-25 13:08:16,134 - AeroBrain - INFO - Detected: person (ID: 0, Conf: 0.54, Area: 1474)
2026-05-25 13:08:16,135 - AeroBrain - INFO - Detected: car (ID: 2, Conf: 0.52, Area: 44055)
2026-05-25 13:08:16,137 - AeroBrain - INFO - 🎯 TARGET (car) | YAW RIGHT ➔ | HOLD DISTANCE = | Area: 44055
2026-05-25 13:08:16,297 - AeroBrain - INFO - Detected: person (ID: 0, Conf: 0.75, Area: 2772)
2026-05-25 13:08:16,297 - AeroBrain - INFO - Detected: person (ID: 0, Conf: 0.69, Area: 16445)
2026-05-25 13:08:16,298 - AeroBrain - INFO - Detected: person (ID: 0, Conf: 0.53, Area: 992)
2026-05-25 13:08:16,303 - AeroBrain - INFO - 🎯 TARGET (person) | CENTERED = | MOVE FORWARD ⬆⬆ | Area: 16445
2026-05-25 13:08:16,478 - AeroBrain - INFO - Detected: person (ID: 0, Conf: 0.81, Area: 44550)
2026-05-25 13:08:16,479 - AeroBrain - INFO - Detected: traffic light (ID: 9, Conf: 0.71, Area: 946)
2026-05-25 13:08:16,480 - AeroBrain - INFO - Detected: person (ID: 0, Conf: 0.68, Area: 2400)
2026-05-25 13:08:16,481 - AeroBrain - INFO - Detected: traffic light (ID: 9, Conf: 0.52, Area: 1298)
2026-05-25 13:08:16,481 - AeroBrain - INFO - Detected: person (ID: 0, Conf: 0.49, Area: 992)
2026-05-25 13:08:16,482 - AeroBrain - INFO - Detected: person (ID: 0, Conf: 0.42, Area: 616)
2026-05-25 13:08:16,484 - AeroBrain - INFO - 🎯 TARGET (person) | YAW LEFT ⬅ | HOLD DISTANCE = | Area: 44550
2026-05-25 13:08:16,689 - AeroBrain - INFO - Detected: person (ID: 0, Conf: 0.85, Area: 73625)
2026-05-25 13:08:16,690 - AeroBrain - INFO - Detected: truck (ID: 7, Conf: 0.62, Area: 2544)
2026-05-25 13:08:16,691 - AeroBrain - INFO - Detected: traffic light (ID: 9, Conf: 0.60, Area: 312)
2026-05-25 13:08:16,691 - AeroBrain - INFO - Detected: person (ID: 0, Conf: 0.58, Area: 1785)
2026-05-25 13:08:16,692 - AeroBrain - INFO - Detected: truck (ID: 7, Conf: 0.44, Area: 13651)
2026-05-25 13:08:16,694 - AeroBrain - INFO - 🎯 TARGET (person) | YAW LEFT ⬅ | HOLD DISTANCE = | Area: 73625
2026-05-25 13:08:16,886 - AeroBrain - INFO - Detected: person (ID: 0, Conf: 0.87, Area: 104204)
2026-05-25 13:08:16,888 - AeroBrain - INFO - Detected: person (ID: 0, Conf: 0.55, Area: 528)
2026-05-25 13:08:16,888 - AeroBrain - INFO - Detected: person (ID: 0, Conf: 0.45, Area: 2150)
2026-05-25 13:08:16,891 - AeroBrain - INFO - 🎯 TARGET (person) | YAW LEFT ⬅ | MOVE BACKWARD ⬇ | Area: 104204
2026-05-25 13:08:17,043 - AeroBrain - INFO - Detected: person (ID: 0, Conf: 0.61, Area: 2436)
2026-05-25 13:08:17,044 - AeroBrain - INFO - Detected: person (ID: 0, Conf: 0.59, Area: 59451)
2026-05-25 13:08:17,044 - AeroBrain - INFO - Detected: person (ID: 0, Conf: 0.43, Area: 340)
2026-05-25 13:08:17,046 - AeroBrain - INFO - 🎯 TARGET (person) | YAW LEFT ⬅ | HOLD DISTANCE = | Area: 59451
2026-05-25 13:08:17,201 - AeroBrain - INFO - Detected: person (ID: 0, Conf: 0.62, Area: 546)
2026-05-25 13:08:17,202 - AeroBrain - INFO - Detected: person (ID: 0, Conf: 0.58, Area: 2324)
2026-05-25 13:08:17,204 - AeroBrain - INFO - 🎯 TARGET (person) | YAW RIGHT ➔ | MOVE FORWARD ⬆⬆ | Area: 2324
2026-05-25 13:08:17,363 - AeroBrain - INFO - Detected: person (ID: 0, Conf: 0.73, Area: 2040)
2026-05-25 13:08:17,366 - AeroBrain - INFO - 🎯 TARGET (person) | YAW RIGHT ➔ | MOVE FORWARD ⬆⬆ | Area: 2040
2026-05-25 13:08:17,538 - AeroBrain - INFO - Detected: car (ID: 2, Conf: 0.76, Area: 57456)
2026-05-25 13:08:17,539 - AeroBrain - INFO - Detected: person (ID: 0, Conf: 0.66, Area: 2187)
2026-05-25 13:08:17,540 - AeroBrain - INFO - Detected: car (ID: 2, Conf: 0.43, Area: 1512)
2026-05-25 13:08:17,542 - AeroBrain - INFO - 🎯 TARGET (car) | YAW RIGHT ➔ | HOLD DISTANCE = | Area: 57456
2026-05-25 13:08:17,715 - AeroBrain - INFO - Detected: truck (ID: 7, Conf: 0.43, Area: 6566)
2026-05-25 13:08:17,718 - AeroBrain - INFO - 🎯 TARGET (truck) | YAW LEFT ⬅ | MOVE FORWARD ⬆⬆ | Area: 6566
2026-05-25 13:08:17,910 - AeroBrain - INFO - 🔍 SEARCHING FOR OBJECTS
2026-05-25 13:08:18,068 - AeroBrain - INFO - 🔍 SEARCHING FOR OBJECTS
2026-05-25 13:08:18,224 - AeroBrain - INFO - Detected: cat (ID: 15, Conf: 0.41, Area: 34686)
2026-05-25 13:08:18,226 - AeroBrain - INFO - 🎯 TARGET (cat) | YAW LEFT ⬅ | MOVE FORWARD ⬆⬆ | Area: 34686
2026-05-25 13:08:18,387 - AeroBrain - INFO - Detected: person (ID: 0, Conf: 0.64, Area: 2220)
2026-05-25 13:08:18,387 - AeroBrain - INFO - Detected: train (ID: 6, Conf: 0.51, Area: 201716)
2026-05-25 13:08:18,389 - AeroBrain - INFO - 🎯 TARGET (train) | YAW LEFT ⬅ | MOVE BACKWARD ⬇ | Area: 201716
2026-05-25 13:08:18,606 - AeroBrain - INFO - Detected: person (ID: 0, Conf: 0.48, Area: 176382)
2026-05-25 13:08:18,613 - AeroBrain - INFO - 🎯 TARGET (person) | YAW LEFT ⬅ | MOVE BACKWARD ⬇ | Area: 176382
2026-05-25 13:08:18,798 - AeroBrain - INFO - Detected: car (ID: 2, Conf: 0.43, Area: 25476)
2026-05-25 13:08:18,807 - AeroBrain - INFO - 🎯 TARGET (car) | YAW RIGHT ➔ | MOVE FORWARD ⬆⬆ | Area: 25476
2026-05-25 13:08:19,007 - AeroBrain - INFO - 🔍 SEARCHING FOR OBJECTS
2026-05-25 13:08:19,257 - AeroBrain - INFO - 🔍 SEARCHING FOR OBJECTS
2026-05-25 13:08:19,514 - AeroBrain - INFO - Detected: person (ID: 0, Conf: 0.51, Area: 2054)
2026-05-25 13:08:19,518 - AeroBrain - INFO - 🎯 TARGET (person) | YAW RIGHT ➔ | MOVE FORWARD ⬆⬆ | Area: 2054
2026-05-25 13:08:19,747 - AeroBrain - INFO - 🔍 SEARCHING FOR OBJECTS
2026-05-25 13:08:19,955 - AeroBrain - INFO - Detected: person (ID: 0, Conf: 0.59, Area: 2079)
2026-05-25 13:08:19,958 - AeroBrain - INFO - Detected: person (ID: 0, Conf: 0.47, Area: 1254)
2026-05-25 13:08:19,960 - AeroBrain - INFO - 🎯 TARGET (person) | YAW RIGHT ➔ | MOVE FORWARD ⬆⬆ | Area: 2079
2026-05-25 13:08:20,191 - AeroBrain - INFO - Detected: car (ID: 2, Conf: 0.92, Area: 81405)
2026-05-25 13:08:20,192 - AeroBrain - INFO - Detected: person (ID: 0, Conf: 0.60, Area: 1533)
2026-05-25 13:08:20,193 - AeroBrain - INFO - Detected: car (ID: 2, Conf: 0.58, Area: 864)
2026-05-25 13:08:20,193 - AeroBrain - INFO - Detected: person (ID: 0, Conf: 0.56, Area: 1870)
2026-05-25 13:08:20,193 - AeroBrain - INFO - Detected: person (ID: 0, Conf: 0.42, Area: 270)
2026-05-25 13:08:20,196 - AeroBrain - INFO - 🎯 TARGET (car) | YAW LEFT ⬅ | HOLD DISTANCE = | Area: 81405
2026-05-25 13:08:20,443 - AeroBrain - INFO - Detected: car (ID: 2, Conf: 0.68, Area: 672)
2026-05-25 13:08:20,443 - AeroBrain - INFO - Detected: person (ID: 0, Conf: 0.51, Area: 2024)
2026-05-25 13:08:20,443 - AeroBrain - INFO - Detected: person (ID: 0, Conf: 0.48, Area: 15642)
2026-05-25 13:08:20,444 - AeroBrain - INFO - Detected: car (ID: 2, Conf: 0.46, Area: 14960)
2026-05-25 13:08:20,444 - AeroBrain - INFO - Detected: person (ID: 0, Conf: 0.42, Area: 1368)
2026-05-25 13:08:20,444 - AeroBrain - INFO - Detected: truck (ID: 7, Conf: 0.41, Area: 1140)
2026-05-25 13:08:20,446 - AeroBrain - INFO - 🎯 TARGET (person) | YAW LEFT ⬅ | MOVE FORWARD ⬆⬆ | Area: 15642
2026-05-25 13:08:20,659 - AeroBrain - INFO - Detected: person (ID: 0, Conf: 0.69, Area: 1650)
2026-05-25 13:08:20,662 - AeroBrain - INFO - 🎯 TARGET (person) | CENTERED = | MOVE FORWARD ⬆⬆ | Area: 1650
2026-05-25 13:08:20,826 - AeroBrain - INFO - Detected: person (ID: 0, Conf: 0.62, Area: 1840)
2026-05-25 13:08:20,830 - AeroBrain - INFO - 🎯 TARGET (person) | CENTERED = | MOVE FORWARD ⬆⬆ | Area: 1840
2026-05-25 13:08:20,991 - AeroBrain - INFO - Detected: person (ID: 0, Conf: 0.78, Area: 2025)
2026-05-25 13:08:20,991 - AeroBrain - INFO - Detected: person (ID: 0, Conf: 0.54, Area: 2842)
2026-05-25 13:08:20,994 - AeroBrain - INFO - 🎯 TARGET (person) | YAW RIGHT ➔ | MOVE FORWARD ⬆⬆ | Area: 2842
2026-05-25 13:08:21,156 - AeroBrain - INFO - Detected: person (ID: 0, Conf: 0.74, Area: 2236)
2026-05-25 13:08:21,161 - AeroBrain - INFO - 🎯 TARGET (person) | YAW RIGHT ➔ | MOVE FORWARD ⬆⬆ | Area: 2236
2026-05-25 13:08:21,356 - AeroBrain - INFO - Detected: person (ID: 0, Conf: 0.58, Area: 3813)
2026-05-25 13:08:21,365 - AeroBrain - INFO - 🎯 TARGET (person) | YAW RIGHT ➔ | MOVE FORWARD ⬆⬆ | Area: 3813
2026-05-25 13:08:21,518 - AeroBrain - INFO - Detected: person (ID: 0, Conf: 0.76, Area: 4692)
2026-05-25 13:08:21,520 - AeroBrain - INFO - Detected: person (ID: 0, Conf: 0.73, Area: 3040)
2026-05-25 13:08:21,521 - AeroBrain - INFO - Detected: person (ID: 0, Conf: 0.51, Area: 36624)
2026-05-25 13:08:21,523 - AeroBrain - INFO - 🎯 TARGET (person) | YAW RIGHT ➔ | MOVE FORWARD ⬆⬆ | Area: 36624
2026-05-25 13:08:21,682 - AeroBrain - INFO - Detected: person (ID: 0, Conf: 0.75, Area: 3503)
2026-05-25 13:08:21,683 - AeroBrain - INFO - Detected: person (ID: 0, Conf: 0.67, Area: 1863)
2026-05-25 13:08:21,684 - AeroBrain - INFO - 🎯 TARGET (person) | YAW RIGHT ➔ | MOVE FORWARD ⬆⬆ | Area: 3503
2026-05-25 13:08:21,840 - AeroBrain - INFO - Detected: person (ID: 0, Conf: 0.72, Area: 3630)
2026-05-25 13:08:21,846 - AeroBrain - INFO - 🎯 TARGET (person) | CENTERED = | MOVE FORWARD ⬆⬆ | Area: 3630
2026-05-25 13:08:21,999 - AeroBrain - INFO - Detected: person (ID: 0, Conf: 0.88, Area: 4674)
2026-05-25 13:08:22,000 - AeroBrain - INFO - Detected: person (ID: 0, Conf: 0.67, Area: 6560)
2026-05-25 13:08:22,003 - AeroBrain - INFO - 🎯 TARGET (person) | YAW RIGHT ➔ | MOVE FORWARD ⬆⬆ | Area: 6560
2026-05-25 13:08:22,188 - AeroBrain - INFO - Detected: bicycle (ID: 1, Conf: 0.87, Area: 7828)
2026-05-25 13:08:22,190 - AeroBrain - INFO - Detected: person (ID: 0, Conf: 0.86, Area: 4699)
2026-05-25 13:08:22,190 - AeroBrain - INFO - Detected: person (ID: 0, Conf: 0.79, Area: 9129)
2026-05-25 13:08:22,191 - AeroBrain - INFO - Detected: person (ID: 0, Conf: 0.60, Area: 7592)
2026-05-25 13:08:22,192 - AeroBrain - INFO - 🎯 TARGET (person) | YAW RIGHT ➔ | MOVE FORWARD ⬆⬆ | Area: 9129
2026-05-25 13:08:22,383 - AeroBrain - INFO - Detected: person (ID: 0, Conf: 0.81, Area: 5005)
2026-05-25 13:08:22,384 - AeroBrain - INFO - Detected: person (ID: 0, Conf: 0.76, Area: 9555)
2026-05-25 13:08:22,384 - AeroBrain - INFO - Detected: bicycle (ID: 1, Conf: 0.70, Area: 13230)
2026-05-25 13:08:22,385 - AeroBrain - INFO - Detected: person (ID: 0, Conf: 0.67, Area: 11562)
2026-05-25 13:08:22,387 - AeroBrain - INFO - 🎯 TARGET (bicycle) | YAW RIGHT ➔ | MOVE FORWARD ⬆⬆ | Area: 13230
2026-05-25 13:08:22,587 - AeroBrain - INFO - Detected: person (ID: 0, Conf: 0.84, Area: 6355)
2026-05-25 13:08:22,588 - AeroBrain - INFO - Detected: person (ID: 0, Conf: 0.73, Area: 11501)
2026-05-25 13:08:22,588 - AeroBrain - INFO - Detected: person (ID: 0, Conf: 0.59, Area: 5676)
2026-05-25 13:08:22,590 - AeroBrain - INFO - 🎯 TARGET (person) | YAW RIGHT ➔ | MOVE FORWARD ⬆⬆ | Area: 11501
2026-05-25 13:08:22,741 - AeroBrain - INFO - Detected: person (ID: 0, Conf: 0.86, Area: 7425)
2026-05-25 13:08:22,741 - AeroBrain - INFO - Detected: person (ID: 0, Conf: 0.77, Area: 22518)
2026-05-25 13:08:22,743 - AeroBrain - INFO - 🎯 TARGET (person) | YAW RIGHT ➔ | MOVE FORWARD ⬆⬆ | Area: 22518
2026-05-25 13:08:22,932 - AeroBrain - INFO - Detected: person (ID: 0, Conf: 0.88, Area: 37856)
2026-05-25 13:08:22,932 - AeroBrain - INFO - Detected: bicycle (ID: 1, Conf: 0.50, Area: 16206)
2026-05-25 13:08:22,935 - AeroBrain - INFO - 🎯 TARGET (person) | YAW RIGHT ➔ | MOVE FORWARD ⬆⬆ | Area: 37856
2026-05-25 13:08:23,089 - AeroBrain - INFO - Detected: person (ID: 0, Conf: 0.92, Area: 53280)
2026-05-25 13:08:23,089 - AeroBrain - INFO - Detected: person (ID: 0, Conf: 0.86, Area: 11501)
2026-05-25 13:08:23,090 - AeroBrain - INFO - Detected: person (ID: 0, Conf: 0.80, Area: 12410)
2026-05-25 13:08:23,090 - AeroBrain - INFO - Detected: bicycle (ID: 1, Conf: 0.74, Area: 14112)
2026-05-25 13:08:23,092 - AeroBrain - INFO - 🎯 TARGET (person) | YAW RIGHT ➔ | HOLD DISTANCE = | Area: 53280
2026-05-25 13:08:23,245 - AeroBrain - INFO - Detected: person (ID: 0, Conf: 0.91, Area: 83370)
2026-05-25 13:08:23,246 - AeroBrain - INFO - Detected: person (ID: 0, Conf: 0.89, Area: 16730)
2026-05-25 13:08:23,246 - AeroBrain - INFO - Detected: bicycle (ID: 1, Conf: 0.62, Area: 10767)
2026-05-25 13:08:23,246 - AeroBrain - INFO - Detected: person (ID: 0, Conf: 0.59, Area: 16878)
2026-05-25 13:08:23,248 - AeroBrain - INFO - 🎯 TARGET (person) | YAW RIGHT ➔ | HOLD DISTANCE = | Area: 83370
2026-05-25 13:08:23,429 - AeroBrain - INFO - Detected: person (ID: 0, Conf: 0.90, Area: 21150)
2026-05-25 13:08:23,430 - AeroBrain - INFO - Detected: person (ID: 0, Conf: 0.88, Area: 122821)
2026-05-25 13:08:23,431 - AeroBrain - INFO - Detected: person (ID: 0, Conf: 0.75, Area: 7154)
2026-05-25 13:08:23,431 - AeroBrain - INFO - Detected: bicycle (ID: 1, Conf: 0.43, Area: 6300)
2026-05-25 13:08:23,433 - AeroBrain - INFO - 🎯 TARGET (person) | YAW RIGHT ➔ | MOVE BACKWARD ⬇ | Area: 122821
2026-05-25 13:08:23,621 - AeroBrain - INFO - Detected: person (ID: 0, Conf: 0.90, Area: 23217)
2026-05-25 13:08:23,622 - AeroBrain - INFO - Detected: person (ID: 0, Conf: 0.47, Area: 468)
2026-05-25 13:08:23,624 - AeroBrain - INFO - 🎯 TARGET (person) | YAW LEFT ⬅ | MOVE FORWARD ⬆⬆ | Area: 23217
2026-05-25 13:08:23,810 - AeroBrain - INFO - Detected: person (ID: 0, Conf: 0.90, Area: 20240)
2026-05-25 13:08:23,810 - AeroBrain - INFO - Detected: person (ID: 0, Conf: 0.40, Area: 570)
2026-05-25 13:08:23,812 - AeroBrain - INFO - 🎯 TARGET (person) | YAW LEFT ⬅ | MOVE FORWARD ⬆⬆ | Area: 20240
2026-05-25 13:08:23,960 - AeroBrain - INFO - Detected: person (ID: 0, Conf: 0.92, Area: 40612)
2026-05-25 13:08:23,961 - AeroBrain - INFO - Detected: person (ID: 0, Conf: 0.46, Area: 570)
2026-05-25 13:08:23,963 - AeroBrain - INFO - 🎯 TARGET (person) | YAW LEFT ⬅ | HOLD DISTANCE = | Area: 40612
2026-05-25 13:08:24,110 - AeroBrain - INFO - Detected: person (ID: 0, Conf: 0.94, Area: 45621)
2026-05-25 13:08:24,111 - AeroBrain - INFO - 🎯 TARGET (person) | YAW LEFT ⬅ | HOLD DISTANCE = | Area: 45621
2026-05-25 13:08:24,266 - AeroBrain - INFO - Detected: person (ID: 0, Conf: 0.90, Area: 27391)
2026-05-25 13:08:24,268 - AeroBrain - INFO - 🎯 TARGET (person) | YAW LEFT ⬅ | MOVE FORWARD ⬆⬆ | Area: 27391
2026-05-25 13:08:24,459 - AeroBrain - INFO - Detected: person (ID: 0, Conf: 0.51, Area: 520)
2026-05-25 13:08:24,459 - AeroBrain - INFO - Detected: person (ID: 0, Conf: 0.43, Area: 2025)
2026-05-25 13:08:24,461 - AeroBrain - INFO - 🎯 TARGET (person) | YAW LEFT ⬅ | MOVE FORWARD ⬆⬆ | Area: 2025
2026-05-25 13:08:24,644 - AeroBrain - INFO - Detected: person (ID: 0, Conf: 0.60, Area: 518)
2026-05-25 13:08:24,647 - AeroBrain - INFO - 🎯 TARGET (person) | YAW LEFT ⬅ | MOVE FORWARD ⬆⬆ | Area: 518
2026-05-25 13:08:24,792 - AeroBrain - INFO - Detected: person (ID: 0, Conf: 0.52, Area: 372)
2026-05-25 13:08:24,794 - AeroBrain - INFO - 🎯 TARGET (person) | YAW LEFT ⬅ | MOVE FORWARD ⬆⬆ | Area: 372
2026-05-25 13:08:24,947 - AeroBrain - INFO - Detected: person (ID: 0, Conf: 0.56, Area: 396)
2026-05-25 13:08:24,947 - AeroBrain - INFO - Detected: person (ID: 0, Conf: 0.55, Area: 1180)
2026-05-25 13:08:24,953 - AeroBrain - INFO - 🎯 TARGET (person) | YAW LEFT ⬅ | MOVE FORWARD ⬆⬆ | Area: 1180
2026-05-25 13:08:25,111 - AeroBrain - INFO - Detected: person (ID: 0, Conf: 0.62, Area: 1180)
2026-05-25 13:08:25,112 - AeroBrain - INFO - Detected: person (ID: 0, Conf: 0.58, Area: 444)
2026-05-25 13:08:25,114 - AeroBrain - INFO - 🎯 TARGET (person) | YAW LEFT ⬅ | MOVE FORWARD ⬆⬆ | Area: 1180
2026-05-25 13:08:25,265 - AeroBrain - INFO - Detected: person (ID: 0, Conf: 0.60, Area: 816)
2026-05-25 13:08:25,266 - AeroBrain - INFO - Detected: person (ID: 0, Conf: 0.55, Area: 340)
2026-05-25 13:08:25,268 - AeroBrain - INFO - 🎯 TARGET (person) | YAW LEFT ⬅ | MOVE FORWARD ⬆⬆ | Area: 816
2026-05-25 13:08:25,423 - AeroBrain - INFO - Detected: person (ID: 0, Conf: 0.59, Area: 407)
2026-05-25 13:08:25,424 - AeroBrain - INFO - Detected: car (ID: 2, Conf: 0.55, Area: 1008)
2026-05-25 13:08:25,427 - AeroBrain - INFO - 🎯 TARGET (car) | YAW LEFT ⬅ | MOVE FORWARD ⬆⬆ | Area: 1008
2026-05-25 13:08:25,618 - AeroBrain - INFO - Detected: person (ID: 0, Conf: 0.73, Area: 442)
2026-05-25 13:08:25,620 - AeroBrain - INFO - 🎯 TARGET (person) | YAW LEFT ⬅ | MOVE FORWARD ⬆⬆ | Area: 442
2026-05-25 13:08:25,776 - AeroBrain - INFO - Detected: car (ID: 2, Conf: 0.57, Area: 682)
2026-05-25 13:08:25,778 - AeroBrain - INFO - 🎯 TARGET (car) | YAW LEFT ⬅ | MOVE FORWARD ⬆⬆ | Area: 682
2026-05-25 13:08:25,927 - AeroBrain - INFO - Detected: person (ID: 0, Conf: 0.64, Area: 340)
2026-05-25 13:08:25,927 - AeroBrain - INFO - Detected: person (ID: 0, Conf: 0.53, Area: 396)
2026-05-25 13:08:25,928 - AeroBrain - INFO - Detected: person (ID: 0, Conf: 0.40, Area: 341)
2026-05-25 13:08:25,930 - AeroBrain - INFO - 🎯 TARGET (person) | YAW LEFT ⬅ | MOVE FORWARD ⬆⬆ | Area: 396
2026-05-25 13:08:26,085 - AeroBrain - INFO - Detected: car (ID: 2, Conf: 0.68, Area: 10300)
2026-05-25 13:08:26,086 - AeroBrain - INFO - Detected: person (ID: 0, Conf: 0.46, Area: 546)
2026-05-25 13:08:26,092 - AeroBrain - INFO - 🎯 TARGET (car) | YAW LEFT ⬅ | MOVE FORWARD ⬆⬆ | Area: 10300
2026-05-25 13:08:26,244 - AeroBrain - INFO - Detected: car (ID: 2, Conf: 0.72, Area: 12994)
2026-05-25 13:08:26,245 - AeroBrain - INFO - Detected: person (ID: 0, Conf: 0.61, Area: 260)
2026-05-25 13:08:26,245 - AeroBrain - INFO - Detected: person (ID: 0, Conf: 0.43, Area: 336)
2026-05-25 13:08:26,247 - AeroBrain - INFO - 🎯 TARGET (car) | YAW LEFT ⬅ | MOVE FORWARD ⬆⬆ | Area: 12994
2026-05-25 13:08:26,446 - AeroBrain - INFO - Detected: person (ID: 0, Conf: 0.53, Area: 279)
2026-05-25 13:08:26,448 - AeroBrain - INFO - Detected: person (ID: 0, Conf: 0.48, Area: 300)
2026-05-25 13:08:26,450 - AeroBrain - INFO - 🎯 TARGET (person) | YAW LEFT ⬅ | MOVE FORWARD ⬆⬆ | Area: 300
2026-05-25 13:08:26,640 - AeroBrain - INFO - Detected: person (ID: 0, Conf: 0.59, Area: 234)
2026-05-25 13:08:26,640 - AeroBrain - INFO - Detected: person (ID: 0, Conf: 0.52, Area: 374)
2026-05-25 13:08:26,640 - AeroBrain - INFO - Detected: person (ID: 0, Conf: 0.42, Area: 352)
2026-05-25 13:08:26,641 - AeroBrain - INFO - Detected: traffic light (ID: 9, Conf: 0.40, Area: 620)
2026-05-25 13:08:26,643 - AeroBrain - INFO - 🎯 TARGET (traffic light) | YAW LEFT ⬅ | MOVE FORWARD ⬆⬆ | Area: 620
2026-05-25 13:08:26,804 - AeroBrain - INFO - 🔍 SEARCHING FOR OBJECTS
2026-05-25 13:08:26,956 - AeroBrain - INFO - Detected: traffic light (ID: 9, Conf: 0.56, Area: 612)
2026-05-25 13:08:26,957 - AeroBrain - INFO - Detected: person (ID: 0, Conf: 0.41, Area: 385)
2026-05-25 13:08:26,958 - AeroBrain - INFO - Detected: motorcycle (ID: 3, Conf: 0.40, Area: 2280)
2026-05-25 13:08:26,960 - AeroBrain - INFO - 🎯 TARGET (motorcycle) | YAW LEFT ⬅ | MOVE FORWARD ⬆⬆ | Area: 2280
2026-05-25 13:08:27,114 - AeroBrain - INFO - Detected: person (ID: 0, Conf: 0.47, Area: 261)
2026-05-25 13:08:27,117 - AeroBrain - INFO - 🎯 TARGET (person) | YAW LEFT ⬅ | MOVE FORWARD ⬆⬆ | Area: 261
2026-05-25 13:08:27,269 - AeroBrain - INFO - Detected: car (ID: 2, Conf: 0.66, Area: 6726)
2026-05-25 13:08:27,270 - AeroBrain - INFO - Detected: car (ID: 2, Conf: 0.59, Area: 756)
2026-05-25 13:08:27,271 - AeroBrain - INFO - Detected: person (ID: 0, Conf: 0.42, Area: 341)
2026-05-25 13:08:27,273 - AeroBrain - INFO - 🎯 TARGET (car) | YAW LEFT ⬅ | MOVE FORWARD ⬆⬆ | Area: 6726
2026-05-25 13:08:27,600 - AeroBrain - INFO - Detected: car (ID: 2, Conf: 0.75, Area: 4459)
2026-05-25 13:08:27,600 - AeroBrain - INFO - Detected: person (ID: 0, Conf: 0.48, Area: 546)
2026-05-25 13:08:27,603 - AeroBrain - INFO - 🎯 TARGET (car) | YAW LEFT ⬅ | MOVE FORWARD ⬆⬆ | Area: 4459
2026-05-25 13:08:27,771 - AeroBrain - INFO - Detected: person (ID: 0, Conf: 0.58, Area: 279)
2026-05-25 13:08:27,771 - AeroBrain - INFO - Detected: car (ID: 2, Conf: 0.54, Area: 20060)
2026-05-25 13:08:27,772 - AeroBrain - INFO - Detected: person (ID: 0, Conf: 0.45, Area: 504)
2026-05-25 13:08:27,774 - AeroBrain - INFO - 🎯 TARGET (car) | YAW LEFT ⬅ | MOVE FORWARD ⬆⬆ | Area: 20060
2026-05-25 13:08:27,924 - AeroBrain - INFO - Detected: car (ID: 2, Conf: 0.78, Area: 17304)
2026-05-25 13:08:27,925 - AeroBrain - INFO - Detected: person (ID: 0, Conf: 0.53, Area: 504)
2026-05-25 13:08:27,925 - AeroBrain - INFO - Detected: person (ID: 0, Conf: 0.51, Area: 270)
2026-05-25 13:08:27,927 - AeroBrain - INFO - 🎯 TARGET (car) | YAW LEFT ⬅ | MOVE FORWARD ⬆⬆ | Area: 17304
2026-05-25 13:08:28,098 - AeroBrain - INFO - Detected: person (ID: 0, Conf: 0.52, Area: 207)
2026-05-25 13:08:28,100 - AeroBrain - INFO - Detected: truck (ID: 7, Conf: 0.49, Area: 7622)
2026-05-25 13:08:28,101 - AeroBrain - INFO - Detected: person (ID: 0, Conf: 0.44, Area: 216)
2026-05-25 13:08:28,101 - AeroBrain - INFO - Detected: person (ID: 0, Conf: 0.41, Area: 528)
2026-05-25 13:08:28,102 - AeroBrain - INFO - 🎯 TARGET (truck) | YAW LEFT ⬅ | MOVE FORWARD ⬆⬆ | Area: 7622
2026-05-25 13:08:28,253 - AeroBrain - INFO - 🔍 SEARCHING FOR OBJECTS
2026-05-25 13:08:28,412 - AeroBrain - INFO - Detected: person (ID: 0, Conf: 0.53, Area: 540)
2026-05-25 13:08:28,413 - AeroBrain - INFO - Detected: person (ID: 0, Conf: 0.49, Area: 200)
2026-05-25 13:08:28,413 - AeroBrain - INFO - Detected: car (ID: 2, Conf: 0.44, Area: 1122)
2026-05-25 13:08:28,415 - AeroBrain - INFO - 🎯 TARGET (car) | CENTERED = | MOVE FORWARD ⬆⬆ | Area: 1122
2026-05-25 13:08:28,579 - AeroBrain - INFO - 🔍 SEARCHING FOR OBJECTS
2026-05-25 13:08:28,747 - AeroBrain - INFO - 🔍 SEARCHING FOR OBJECTS
2026-05-25 13:08:28,954 - AeroBrain - INFO - Detected: person (ID: 0, Conf: 0.70, Area: 520)
2026-05-25 13:08:28,954 - AeroBrain - INFO - Detected: person (ID: 0, Conf: 0.48, Area: 225)
2026-05-25 13:08:28,960 - AeroBrain - INFO - 🎯 TARGET (person) | YAW RIGHT ➔ | MOVE FORWARD ⬆⬆ | Area: 520
2026-05-25 13:08:29,155 - AeroBrain - INFO - 🔍 SEARCHING FOR OBJECTS
2026-05-25 13:08:29,314 - AeroBrain - INFO - Detected: person (ID: 0, Conf: 0.54, Area: 480)
2026-05-25 13:08:29,321 - AeroBrain - INFO - 🎯 TARGET (person) | YAW RIGHT ➔ | MOVE FORWARD ⬆⬆ | Area: 480
2026-05-25 13:08:29,478 - AeroBrain - INFO - Detected: person (ID: 0, Conf: 0.59, Area: 598)
2026-05-25 13:08:29,482 - AeroBrain - INFO - 🎯 TARGET (person) | YAW RIGHT ➔ | MOVE FORWARD ⬆⬆ | Area: 598
2026-05-25 13:08:29,645 - AeroBrain - INFO - 🔍 SEARCHING FOR OBJECTS
2026-05-25 13:08:29,842 - AeroBrain - INFO - Detected: person (ID: 0, Conf: 0.68, Area: 630)
2026-05-25 13:08:29,845 - AeroBrain - INFO - 🎯 TARGET (person) | YAW RIGHT ➔ | MOVE FORWARD ⬆⬆ | Area: 630
2026-05-25 13:08:29,990 - AeroBrain - INFO - Detected: person (ID: 0, Conf: 0.49, Area: 630)
2026-05-25 13:08:29,992 - AeroBrain - INFO - 🎯 TARGET (person) | YAW RIGHT ➔ | MOVE FORWARD ⬆⬆ | Area: 630
2026-05-25 13:08:30,150 - AeroBrain - INFO - Detected: person (ID: 0, Conf: 0.58, Area: 630)
2026-05-25 13:08:30,152 - AeroBrain - INFO - 🎯 TARGET (person) | YAW RIGHT ➔ | MOVE FORWARD ⬆⬆ | Area: 630
2026-05-25 13:08:30,315 - AeroBrain - INFO - 🔍 SEARCHING FOR OBJECTS
2026-05-25 13:08:30,479 - AeroBrain - INFO - Detected: person (ID: 0, Conf: 0.71, Area: 675)
2026-05-25 13:08:30,480 - AeroBrain - INFO - Detected: car (ID: 2, Conf: 0.49, Area: 1100)
2026-05-25 13:08:30,485 - AeroBrain - INFO - 🎯 TARGET (car) | YAW LEFT ⬅ | MOVE FORWARD ⬆⬆ | Area: 1100
2026-05-25 13:08:30,639 - AeroBrain - INFO - Detected: car (ID: 2, Conf: 0.67, Area: 4485)
2026-05-25 13:08:30,640 - AeroBrain - INFO - Detected: person (ID: 0, Conf: 0.57, Area: 516)
2026-05-25 13:08:30,641 - AeroBrain - INFO - 🎯 TARGET (car) | YAW LEFT ⬅ | MOVE FORWARD ⬆⬆ | Area: 4485
2026-05-25 13:08:30,803 - AeroBrain - INFO - Detected: person (ID: 0, Conf: 0.65, Area: 675)
2026-05-25 13:08:30,804 - AeroBrain - INFO - Detected: truck (ID: 7, Conf: 0.48, Area: 8107)
2026-05-25 13:08:30,804 - AeroBrain - INFO - Detected: person (ID: 0, Conf: 0.40, Area: 136)
2026-05-25 13:08:30,806 - AeroBrain - INFO - 🎯 TARGET (truck) | YAW LEFT ⬅ | MOVE FORWARD ⬆⬆ | Area: 8107
2026-05-25 13:08:30,962 - AeroBrain - INFO - Detected: car (ID: 2, Conf: 0.69, Area: 7182)
2026-05-25 13:08:30,963 - AeroBrain - INFO - Detected: person (ID: 0, Conf: 0.41, Area: 198)
2026-05-25 13:08:30,967 - AeroBrain - INFO - 🎯 TARGET (car) | YAW LEFT ⬅ | MOVE FORWARD ⬆⬆ | Area: 7182
2026-05-25 13:08:31,156 - AeroBrain - INFO - 🔍 SEARCHING FOR OBJECTS
2026-05-25 13:08:31,318 - AeroBrain - INFO - Detected: car (ID: 2, Conf: 0.67, Area: 2775)
2026-05-25 13:08:31,321 - AeroBrain - INFO - 🎯 TARGET (car) | YAW LEFT ⬅ | MOVE FORWARD ⬆⬆ | Area: 2775
2026-05-25 13:08:31,481 - AeroBrain - INFO - Detected: car (ID: 2, Conf: 0.47, Area: 1914)
2026-05-25 13:08:31,485 - AeroBrain - INFO - 🎯 TARGET (car) | YAW LEFT ⬅ | MOVE FORWARD ⬆⬆ | Area: 1914
2026-05-25 13:08:31,657 - AeroBrain - INFO - Detected: car (ID: 2, Conf: 0.60, Area: 1536)
2026-05-25 13:08:31,661 - AeroBrain - INFO - 🎯 TARGET (car) | YAW LEFT ⬅ | MOVE FORWARD ⬆⬆ | Area: 1536
2026-05-25 13:08:31,874 - AeroBrain - INFO - Detected: person (ID: 0, Conf: 0.66, Area: 935)
2026-05-25 13:08:31,875 - AeroBrain - INFO - Detected: car (ID: 2, Conf: 0.61, Area: 714)
2026-05-25 13:08:31,877 - AeroBrain - INFO - 🎯 TARGET (person) | YAW RIGHT ➔ | MOVE FORWARD ⬆⬆ | Area: 935
2026-05-25 13:08:32,042 - AeroBrain - INFO - Detected: car (ID: 2, Conf: 0.82, Area: 3038)
2026-05-25 13:08:32,042 - AeroBrain - INFO - Detected: person (ID: 0, Conf: 0.71, Area: 986)
2026-05-25 13:08:32,043 - AeroBrain - INFO - Detected: person (ID: 0, Conf: 0.46, Area: 192)
2026-05-25 13:08:32,045 - AeroBrain - INFO - 🎯 TARGET (car) | YAW LEFT ⬅ | MOVE FORWARD ⬆⬆ | Area: 3038
2026-05-25 13:08:32,214 - AeroBrain - INFO - Detected: person (ID: 0, Conf: 0.71, Area: 1216)
2026-05-25 13:08:32,215 - AeroBrain - INFO - Detected: car (ID: 2, Conf: 0.54, Area: 5712)
2026-05-25 13:08:32,216 - AeroBrain - INFO - Detected: person (ID: 0, Conf: 0.50, Area: 160)
2026-05-25 13:08:32,218 - AeroBrain - INFO - 🎯 TARGET (car) | YAW LEFT ⬅ | MOVE FORWARD ⬆⬆ | Area: 5712
2026-05-25 13:08:32,385 - AeroBrain - INFO - Detected: person (ID: 0, Conf: 0.63, Area: 1216)
2026-05-25 13:08:32,385 - AeroBrain - INFO - Detected: truck (ID: 7, Conf: 0.51, Area: 10744)
2026-05-25 13:08:32,387 - AeroBrain - INFO - 🎯 TARGET (truck) | YAW LEFT ⬅ | MOVE FORWARD ⬆⬆ | Area: 10744
2026-05-25 13:08:32,564 - AeroBrain - INFO - Detected: person (ID: 0, Conf: 0.66, Area: 1216)
2026-05-25 13:08:32,564 - AeroBrain - INFO - Detected: car (ID: 2, Conf: 0.53, Area: 12283)
2026-05-25 13:08:32,567 - AeroBrain - INFO - 🎯 TARGET (car) | YAW LEFT ⬅ | MOVE FORWARD ⬆⬆ | Area: 12283
2026-05-25 13:08:32,739 - AeroBrain - INFO - Detected: car (ID: 2, Conf: 0.87, Area: 8967)
2026-05-25 13:08:32,740 - AeroBrain - INFO - Detected: person (ID: 0, Conf: 0.70, Area: 1470)
2026-05-25 13:08:32,741 - AeroBrain - INFO - 🎯 TARGET (car) | YAW LEFT ⬅ | MOVE FORWARD ⬆⬆ | Area: 8967
2026-05-25 13:08:32,951 - AeroBrain - INFO - Detected: person (ID: 0, Conf: 0.71, Area: 1491)
2026-05-25 13:08:32,951 - AeroBrain - INFO - Detected: car (ID: 2, Conf: 0.66, Area: 5814)
2026-05-25 13:08:32,953 - AeroBrain - INFO - 🎯 TARGET (car) | YAW LEFT ⬅ | MOVE FORWARD ⬆⬆ | Area: 5814
2026-05-25 13:08:33,131 - AeroBrain - INFO - Detected: person (ID: 0, Conf: 0.73, Area: 1702)
2026-05-25 13:08:33,132 - AeroBrain - INFO - Detected: truck (ID: 7, Conf: 0.62, Area: 4512)
2026-05-25 13:08:33,133 - AeroBrain - INFO - 🎯 TARGET (truck) | YAW LEFT ⬅ | MOVE FORWARD ⬆⬆ | Area: 4512
2026-05-25 13:08:33,348 - AeroBrain - INFO - Detected: person (ID: 0, Conf: 0.71, Area: 2075)
2026-05-25 13:08:33,349 - AeroBrain - INFO - Detected: car (ID: 2, Conf: 0.56, Area: 3239)
2026-05-25 13:08:33,349 - AeroBrain - INFO - Detected: truck (ID: 7, Conf: 0.43, Area: 3239)
2026-05-25 13:08:33,351 - AeroBrain - INFO - 🎯 TARGET (car) | YAW LEFT ⬅ | MOVE FORWARD ⬆⬆ | Area: 3239
2026-05-25 13:08:33,531 - AeroBrain - INFO - Detected: person (ID: 0, Conf: 0.68, Area: 1944)
2026-05-25 13:08:33,532 - AeroBrain - INFO - Detected: car (ID: 2, Conf: 0.59, Area: 2208)
2026-05-25 13:08:33,533 - AeroBrain - INFO - 🎯 TARGET (car) | CENTERED = | MOVE FORWARD ⬆⬆ | Area: 2208
2026-05-25 13:08:33,722 - AeroBrain - INFO - Detected: car (ID: 2, Conf: 0.65, Area: 1888)
2026-05-25 13:08:33,724 - AeroBrain - INFO - 🎯 TARGET (car) | CENTERED = | MOVE FORWARD ⬆⬆ | Area: 1888
2026-05-25 13:08:33,903 - AeroBrain - INFO - Detected: car (ID: 2, Conf: 0.59, Area: 1581)
2026-05-25 13:08:33,905 - AeroBrain - INFO - 🎯 TARGET (car) | CENTERED = | MOVE FORWARD ⬆⬆ | Area: 1581
2026-05-25 13:08:34,077 - AeroBrain - INFO - Detected: car (ID: 2, Conf: 0.47, Area: 675)
2026-05-25 13:08:34,078 - AeroBrain - INFO - 🎯 TARGET (car) | YAW RIGHT ➔ | MOVE FORWARD ⬆⬆ | Area: 675
2026-05-25 13:08:34,256 - AeroBrain - INFO - Detected: car (ID: 2, Conf: 0.65, Area: 1107)
2026-05-25 13:08:34,257 - AeroBrain - INFO - 🎯 TARGET (car) | YAW RIGHT ➔ | MOVE FORWARD ⬆⬆ | Area: 1107
2026-05-25 13:08:34,435 - AeroBrain - INFO - Detected: car (ID: 2, Conf: 0.51, Area: 864)
2026-05-25 13:08:34,438 - AeroBrain - INFO - 🎯 TARGET (car) | YAW RIGHT ➔ | MOVE FORWARD ⬆⬆ | Area: 864
2026-05-25 13:08:34,616 - AeroBrain - INFO - Detected: bicycle (ID: 1, Conf: 0.85, Area: 14630)
2026-05-25 13:08:34,617 - AeroBrain - INFO - Detected: person (ID: 0, Conf: 0.81, Area: 15066)
2026-05-25 13:08:34,617 - AeroBrain - INFO - Detected: car (ID: 2, Conf: 0.77, Area: 690)
2026-05-25 13:08:34,619 - AeroBrain - INFO - 🎯 TARGET (person) | YAW LEFT ⬅ | MOVE FORWARD ⬆⬆ | Area: 15066
2026-05-25 13:08:34,794 - AeroBrain - INFO - Detected: bicycle (ID: 1, Conf: 0.91, Area: 13208)
2026-05-25 13:08:34,795 - AeroBrain - INFO - Detected: car (ID: 2, Conf: 0.71, Area: 744)
2026-05-25 13:08:34,795 - AeroBrain - INFO - Detected: person (ID: 0, Conf: 0.66, Area: 9648)
2026-05-25 13:08:34,797 - AeroBrain - INFO - 🎯 TARGET (bicycle) | YAW LEFT ⬅ | MOVE FORWARD ⬆⬆ | Area: 13208
2026-05-25 13:08:34,972 - AeroBrain - INFO - Detected: bicycle (ID: 1, Conf: 0.84, Area: 8624)
2026-05-25 13:08:34,972 - AeroBrain - INFO - Detected: person (ID: 0, Conf: 0.76, Area: 7182)
2026-05-25 13:08:34,972 - AeroBrain - INFO - Detected: car (ID: 2, Conf: 0.54, Area: 600)
2026-05-25 13:08:34,974 - AeroBrain - INFO - 🎯 TARGET (bicycle) | YAW LEFT ⬅ | MOVE FORWARD ⬆⬆ | Area: 8624
2026-05-25 13:08:35,150 - AeroBrain - INFO - Detected: bicycle (ID: 1, Conf: 0.87, Area: 5929)
2026-05-25 13:08:35,150 - AeroBrain - INFO - Detected: person (ID: 0, Conf: 0.80, Area: 5243)
2026-05-25 13:08:35,151 - AeroBrain - INFO - Detected: car (ID: 2, Conf: 0.55, Area: 667)
2026-05-25 13:08:35,153 - AeroBrain - INFO - 🎯 TARGET (bicycle) | YAW LEFT ⬅ | MOVE FORWARD ⬆⬆ | Area: 5929
2026-05-25 13:08:35,325 - AeroBrain - INFO - Detected: person (ID: 0, Conf: 0.80, Area: 3813)
2026-05-25 13:08:35,326 - AeroBrain - INFO - Detected: bicycle (ID: 1, Conf: 0.79, Area: 3782)
2026-05-25 13:08:35,326 - AeroBrain - INFO - Detected: car (ID: 2, Conf: 0.49, Area: 384)
2026-05-25 13:08:35,326 - AeroBrain - INFO - Detected: person (ID: 0, Conf: 0.41, Area: 240)
2026-05-25 13:08:35,328 - AeroBrain - INFO - 🎯 TARGET (person) | CENTERED = | MOVE FORWARD ⬆⬆ | Area: 3813
2026-05-25 13:08:35,509 - AeroBrain - INFO - Detected: bicycle (ID: 1, Conf: 0.75, Area: 3024)
2026-05-25 13:08:35,509 - AeroBrain - INFO - Detected: person (ID: 0, Conf: 0.43, Area: 1650)
2026-05-25 13:08:35,509 - AeroBrain - INFO - Detected: person (ID: 0, Conf: 0.41, Area: 2627)
2026-05-25 13:08:35,511 - AeroBrain - INFO - 🎯 TARGET (bicycle) | CENTERED = | MOVE FORWARD ⬆⬆ | Area: 3024
2026-05-25 13:08:35,688 - AeroBrain - INFO - Detected: person (ID: 0, Conf: 0.60, Area: 1474)
2026-05-25 13:08:35,689 - AeroBrain - INFO - 🎯 TARGET (person) | YAW RIGHT ➔ | MOVE FORWARD ⬆⬆ | Area: 1474
2026-05-25 13:08:35,872 - AeroBrain - INFO - Detected: person (ID: 0, Conf: 0.57, Area: 1656)
2026-05-25 13:08:35,874 - AeroBrain - INFO - 🎯 TARGET (person) | YAW RIGHT ➔ | MOVE FORWARD ⬆⬆ | Area: 1656
2026-05-25 13:08:36,049 - AeroBrain - INFO - 🔍 SEARCHING FOR OBJECTS
2026-05-25 13:08:36,232 - AeroBrain - INFO - 🔍 SEARCHING FOR OBJECTS
2026-05-25 13:08:36,405 - AeroBrain - INFO - Detected: car (ID: 2, Conf: 0.53, Area: 285)
2026-05-25 13:08:36,406 - AeroBrain - INFO - Detected: person (ID: 0, Conf: 0.44, Area: 972)
2026-05-25 13:08:36,407 - AeroBrain - INFO - 🎯 TARGET (person) | YAW RIGHT ➔ | MOVE FORWARD ⬆⬆ | Area: 972
2026-05-25 13:08:36,576 - AeroBrain - INFO - Detected: car (ID: 2, Conf: 0.41, Area: 342)
2026-05-25 13:08:36,578 - AeroBrain - INFO - 🎯 TARGET (car) | YAW RIGHT ➔ | MOVE FORWARD ⬆⬆ | Area: 342
2026-05-25 13:08:36,750 - AeroBrain - INFO - Detected: car (ID: 2, Conf: 0.53, Area: 320)
2026-05-25 13:08:36,751 - AeroBrain - INFO - Detected: person (ID: 0, Conf: 0.42, Area: 624)
2026-05-25 13:08:36,753 - AeroBrain - INFO - 🎯 TARGET (person) | YAW RIGHT ➔ | MOVE FORWARD ⬆⬆ | Area: 624
2026-05-25 13:08:36,915 - AeroBrain - INFO - Detected: car (ID: 2, Conf: 0.45, Area: 357)
2026-05-25 13:08:36,916 - AeroBrain - INFO - 🎯 TARGET (car) | YAW RIGHT ➔ | MOVE FORWARD ⬆⬆ | Area: 357
2026-05-25 13:08:37,096 - AeroBrain - INFO - Detected: person (ID: 0, Conf: 0.62, Area: 2250)
2026-05-25 13:08:37,098 - AeroBrain - INFO - 🎯 TARGET (person) | YAW RIGHT ➔ | MOVE FORWARD ⬆⬆ | Area: 2250
2026-05-25 13:08:37,276 - AeroBrain - INFO - Detected: person (ID: 0, Conf: 0.88, Area: 10633)
2026-05-25 13:08:37,276 - AeroBrain - INFO - Detected: person (ID: 0, Conf: 0.67, Area: 494)
2026-05-25 13:08:37,276 - AeroBrain - INFO - Detected: car (ID: 2, Conf: 0.42, Area: 396)
2026-05-25 13:08:37,277 - AeroBrain - INFO - Detected: traffic light (ID: 9, Conf: 0.42, Area: 756)
2026-05-25 13:08:37,278 - AeroBrain - INFO - 🎯 TARGET (person) | YAW RIGHT ➔ | MOVE FORWARD ⬆⬆ | Area: 10633
2026-05-25 13:08:37,450 - AeroBrain - INFO - Detected: person (ID: 0, Conf: 0.91, Area: 14819)
2026-05-25 13:08:37,450 - AeroBrain - INFO - Detected: truck (ID: 7, Conf: 0.64, Area: 35893)
2026-05-25 13:08:37,450 - AeroBrain - INFO - Detected: person (ID: 0, Conf: 0.62, Area: 532)
2026-05-25 13:08:37,452 - AeroBrain - INFO - 🎯 TARGET (truck) | YAW LEFT ⬅ | MOVE FORWARD ⬆⬆ | Area: 35893
2026-05-25 13:08:37,621 - AeroBrain - INFO - Detected: person (ID: 0, Conf: 0.90, Area: 13213)
2026-05-25 13:08:37,621 - AeroBrain - INFO - Detected: car (ID: 2, Conf: 0.77, Area: 22154)
2026-05-25 13:08:37,621 - AeroBrain - INFO - Detected: person (ID: 0, Conf: 0.59, Area: 408)
2026-05-25 13:08:37,623 - AeroBrain - INFO - 🎯 TARGET (car) | YAW LEFT ⬅ | MOVE FORWARD ⬆⬆ | Area: 22154
2026-05-25 13:08:37,792 - AeroBrain - INFO - Detected: person (ID: 0, Conf: 0.90, Area: 11505)
2026-05-25 13:08:37,792 - AeroBrain - INFO - Detected: car (ID: 2, Conf: 0.67, Area: 11520)
2026-05-25 13:08:37,792 - AeroBrain - INFO - Detected: person (ID: 0, Conf: 0.57, Area: 576)
2026-05-25 13:08:37,794 - AeroBrain - INFO - 🎯 TARGET (car) | CENTERED = | MOVE FORWARD ⬆⬆ | Area: 11520
2026-05-25 13:08:37,958 - AeroBrain - INFO - Detected: person (ID: 0, Conf: 0.86, Area: 10664)
2026-05-25 13:08:37,958 - AeroBrain - INFO - Detected: car (ID: 2, Conf: 0.55, Area: 6592)
2026-05-25 13:08:37,959 - AeroBrain - INFO - 🎯 TARGET (person) | YAW RIGHT ➔ | MOVE FORWARD ⬆⬆ | Area: 10664
2026-05-25 13:08:38,123 - AeroBrain - INFO - Detected: person (ID: 0, Conf: 0.73, Area: 9408)
2026-05-25 13:08:38,124 - AeroBrain - INFO - Detected: car (ID: 2, Conf: 0.48, Area: 3192)
2026-05-25 13:08:38,125 - AeroBrain - INFO - 🎯 TARGET (person) | YAW RIGHT ➔ | MOVE FORWARD ⬆⬆ | Area: 9408
2026-05-25 13:08:38,300 - AeroBrain - INFO - Detected: person (ID: 0, Conf: 0.86, Area: 8478)
2026-05-25 13:08:38,302 - AeroBrain - INFO - 🎯 TARGET (person) | YAW RIGHT ➔ | MOVE FORWARD ⬆⬆ | Area: 8478
2026-05-25 13:08:38,474 - AeroBrain - INFO - Detected: person (ID: 0, Conf: 0.87, Area: 9333)
2026-05-25 13:08:38,475 - AeroBrain - INFO - Detected: car (ID: 2, Conf: 0.64, Area: 1656)
2026-05-25 13:08:38,476 - AeroBrain - INFO - 🎯 TARGET (person) | YAW RIGHT ➔ | MOVE FORWARD ⬆⬆ | Area: 9333
2026-05-25 13:08:38,648 - AeroBrain - INFO - Detected: person (ID: 0, Conf: 0.89, Area: 9238)
2026-05-25 13:08:38,648 - AeroBrain - INFO - Detected: car (ID: 2, Conf: 0.68, Area: 945)
2026-05-25 13:08:38,650 - AeroBrain - INFO - 🎯 TARGET (person) | YAW RIGHT ➔ | MOVE FORWARD ⬆⬆ | Area: 9238
2026-05-25 13:08:38,826 - AeroBrain - INFO - Detected: person (ID: 0, Conf: 0.89, Area: 7865)
2026-05-25 13:08:38,826 - AeroBrain - INFO - Detected: car (ID: 2, Conf: 0.67, Area: 899)
2026-05-25 13:08:38,828 - AeroBrain - INFO - 🎯 TARGET (person) | YAW RIGHT ➔ | MOVE FORWARD ⬆⬆ | Area: 7865
2026-05-25 13:08:38,996 - AeroBrain - INFO - Detected: person (ID: 0, Conf: 0.87, Area: 7050)
2026-05-25 13:08:38,998 - AeroBrain - INFO - 🎯 TARGET (person) | YAW RIGHT ➔ | MOVE FORWARD ⬆⬆ | Area: 7050
2026-05-25 13:08:39,169 - AeroBrain - INFO - Detected: person (ID: 0, Conf: 0.84, Area: 5480)
2026-05-25 13:08:39,169 - AeroBrain - INFO - Detected: car (ID: 2, Conf: 0.48, Area: 483)
2026-05-25 13:08:39,171 - AeroBrain - INFO - 🎯 TARGET (person) | YAW RIGHT ➔ | MOVE FORWARD ⬆⬆ | Area: 5480
2026-05-25 13:08:39,347 - AeroBrain - INFO - Detected: person (ID: 0, Conf: 0.78, Area: 4995)
2026-05-25 13:08:39,350 - AeroBrain - INFO - 🎯 TARGET (person) | YAW RIGHT ➔ | MOVE FORWARD ⬆⬆ | Area: 4995
2026-05-25 13:08:39,526 - AeroBrain - INFO - Detected: person (ID: 0, Conf: 0.83, Area: 4550)
2026-05-25 13:08:39,528 - AeroBrain - INFO - 🎯 TARGET (person) | YAW RIGHT ➔ | MOVE FORWARD ⬆⬆ | Area: 4550
2026-05-25 13:08:39,711 - AeroBrain - INFO - Detected: person (ID: 0, Conf: 0.87, Area: 6432)
2026-05-25 13:08:39,714 - AeroBrain - INFO - 🎯 TARGET (person) | YAW RIGHT ➔ | MOVE FORWARD ⬆⬆ | Area: 6432
2026-05-25 13:08:39,880 - AeroBrain - INFO - Detected: person (ID: 0, Conf: 0.86, Area: 7236)
2026-05-25 13:08:39,882 - AeroBrain - INFO - 🎯 TARGET (person) | YAW RIGHT ➔ | MOVE FORWARD ⬆⬆ | Area: 7236
2026-05-25 13:08:40,046 - AeroBrain - INFO - Detected: person (ID: 0, Conf: 0.86, Area: 6321)
2026-05-25 13:08:40,048 - AeroBrain - INFO - 🎯 TARGET (person) | YAW RIGHT ➔ | MOVE FORWARD ⬆⬆ | Area: 6321
2026-05-25 13:08:40,212 - AeroBrain - INFO - Detected: person (ID: 0, Conf: 0.83, Area: 5502)
2026-05-25 13:08:40,215 - AeroBrain - INFO - 🎯 TARGET (person) | YAW RIGHT ➔ | MOVE FORWARD ⬆⬆ | Area: 5502
2026-05-25 13:08:40,372 - AeroBrain - INFO - Detected: person (ID: 0, Conf: 0.77, Area: 4061)
2026-05-25 13:08:40,374 - AeroBrain - INFO - 🎯 TARGET (person) | YAW RIGHT ➔ | MOVE FORWARD ⬆⬆ | Area: 4061
2026-05-25 13:08:40,545 - AeroBrain - INFO - Detected: person (ID: 0, Conf: 0.77, Area: 4030)
2026-05-25 13:08:40,548 - AeroBrain - INFO - 🎯 TARGET (person) | YAW RIGHT ➔ | MOVE FORWARD ⬆⬆ | Area: 4030
2026-05-25 13:08:40,717 - AeroBrain - INFO - Detected: person (ID: 0, Conf: 0.82, Area: 4257)
2026-05-25 13:08:40,722 - AeroBrain - INFO - 🎯 TARGET (person) | YAW RIGHT ➔ | MOVE FORWARD ⬆⬆ | Area: 4257
2026-05-25 13:08:40,919 - AeroBrain - INFO - Detected: person (ID: 0, Conf: 0.76, Area: 2788)
2026-05-25 13:08:40,922 - AeroBrain - INFO - 🎯 TARGET (person) | YAW RIGHT ➔ | MOVE FORWARD ⬆⬆ | Area: 2788
2026-05-25 13:08:41,081 - AeroBrain - INFO - Detected: person (ID: 0, Conf: 0.42, Area: 1349)
2026-05-25 13:08:41,082 - AeroBrain - INFO - Detected: person (ID: 0, Conf: 0.40, Area: 2349)
2026-05-25 13:08:41,084 - AeroBrain - INFO - 🎯 TARGET (person) | YAW RIGHT ➔ | MOVE FORWARD ⬆⬆ | Area: 2349
2026-05-25 13:08:41,231 - AeroBrain - INFO - 🔍 SEARCHING FOR OBJECTS
2026-05-25 13:08:41,473 - AeroBrain - INFO - 🔍 SEARCHING FOR OBJECTS
2026-05-25 13:08:41,628 - AeroBrain - INFO - 🔍 SEARCHING FOR OBJECTS
2026-05-25 13:08:41,782 - AeroBrain - INFO - 🔍 SEARCHING FOR OBJECTS
2026-05-25 13:08:41,933 - AeroBrain - INFO - Detected: car (ID: 2, Conf: 0.74, Area: 18358)
2026-05-25 13:08:41,934 - AeroBrain - INFO - Detected: person (ID: 0, Conf: 0.68, Area: 3504)
2026-05-25 13:08:41,936 - AeroBrain - INFO - 🎯 TARGET (car) | YAW LEFT ⬅ | MOVE FORWARD ⬆⬆ | Area: 18358
2026-05-25 13:08:42,123 - AeroBrain - INFO - Detected: person (ID: 0, Conf: 0.85, Area: 6000)
2026-05-25 13:08:42,123 - AeroBrain - INFO - Detected: car (ID: 2, Conf: 0.47, Area: 7128)
2026-05-25 13:08:42,124 - AeroBrain - INFO - 🎯 TARGET (car) | YAW LEFT ⬅ | MOVE FORWARD ⬆⬆ | Area: 7128
2026-05-25 13:08:42,309 - AeroBrain - INFO - Detected: person (ID: 0, Conf: 0.86, Area: 7497)
2026-05-25 13:08:42,309 - AeroBrain - INFO - Detected: car (ID: 2, Conf: 0.60, Area: 8424)
2026-05-25 13:08:42,311 - AeroBrain - INFO - 🎯 TARGET (car) | YAW LEFT ⬅ | MOVE FORWARD ⬆⬆ | Area: 8424
2026-05-25 13:08:42,465 - AeroBrain - INFO - Detected: person (ID: 0, Conf: 0.82, Area: 6486)
2026-05-25 13:08:42,466 - AeroBrain - INFO - 🎯 TARGET (person) | YAW LEFT ⬅ | MOVE FORWARD ⬆⬆ | Area: 6486
2026-05-25 13:08:42,617 - AeroBrain - INFO - Detected: person (ID: 0, Conf: 0.84, Area: 5805)
2026-05-25 13:08:42,620 - AeroBrain - INFO - 🎯 TARGET (person) | CENTERED = | MOVE FORWARD ⬆⬆ | Area: 5805
2026-05-25 13:08:42,774 - AeroBrain - INFO - Detected: person (ID: 0, Conf: 0.83, Area: 4847)
2026-05-25 13:08:42,776 - AeroBrain - INFO - 🎯 TARGET (person) | CENTERED = | MOVE FORWARD ⬆⬆ | Area: 4847
2026-05-25 13:08:42,930 - AeroBrain - INFO - Detected: person (ID: 0, Conf: 0.82, Area: 4847)
2026-05-25 13:08:42,932 - AeroBrain - INFO - 🎯 TARGET (person) | CENTERED = | MOVE FORWARD ⬆⬆ | Area: 4847
2026-05-25 13:08:43,080 - AeroBrain - INFO - Detected: person (ID: 0, Conf: 0.74, Area: 4224)
2026-05-25 13:08:43,081 - AeroBrain - INFO - 🎯 TARGET (person) | CENTERED = | MOVE FORWARD ⬆⬆ | Area: 4224
2026-05-25 13:08:43,232 - AeroBrain - INFO - Detected: person (ID: 0, Conf: 0.82, Area: 4182)
2026-05-25 13:08:43,236 - AeroBrain - INFO - 🎯 TARGET (person) | CENTERED = | MOVE FORWARD ⬆⬆ | Area: 4182
2026-05-25 13:08:43,426 - AeroBrain - INFO - Detected: person (ID: 0, Conf: 0.88, Area: 5082)
2026-05-25 13:08:43,429 - AeroBrain - INFO - 🎯 TARGET (person) | CENTERED = | MOVE FORWARD ⬆⬆ | Area: 5082
2026-05-25 13:08:43,583 - AeroBrain - INFO - Detected: person (ID: 0, Conf: 0.83, Area: 4872)
2026-05-25 13:08:43,585 - AeroBrain - INFO - 🎯 TARGET (person) | CENTERED = | MOVE FORWARD ⬆⬆ | Area: 4872
2026-05-25 13:08:43,744 - AeroBrain - INFO - Detected: person (ID: 0, Conf: 0.84, Area: 4332)
2026-05-25 13:08:43,747 - AeroBrain - INFO - 🎯 TARGET (person) | CENTERED = | MOVE FORWARD ⬆⬆ | Area: 4332
2026-05-25 13:08:43,903 - AeroBrain - INFO - Detected: person (ID: 0, Conf: 0.85, Area: 3924)
2026-05-25 13:08:43,905 - AeroBrain - INFO - 🎯 TARGET (person) | CENTERED = | MOVE FORWARD ⬆⬆ | Area: 3924
2026-05-25 13:08:44,058 - AeroBrain - INFO - Detected: person (ID: 0, Conf: 0.79, Area: 3360)
2026-05-25 13:08:44,061 - AeroBrain - INFO - 🎯 TARGET (person) | CENTERED = | MOVE FORWARD ⬆⬆ | Area: 3360
2026-05-25 13:08:44,216 - AeroBrain - INFO - Detected: person (ID: 0, Conf: 0.76, Area: 3060)
2026-05-25 13:08:44,220 - AeroBrain - INFO - 🎯 TARGET (person) | CENTERED = | MOVE FORWARD ⬆⬆ | Area: 3060
2026-05-25 13:08:44,405 - AeroBrain - INFO - Detected: person (ID: 0, Conf: 0.76, Area: 2800)
2026-05-25 13:08:44,407 - AeroBrain - INFO - 🎯 TARGET (person) | CENTERED = | MOVE FORWARD ⬆⬆ | Area: 2800
2026-05-25 13:08:44,567 - AeroBrain - INFO - Detected: person (ID: 0, Conf: 0.79, Area: 2970)
2026-05-25 13:08:44,569 - AeroBrain - INFO - 🎯 TARGET (person) | CENTERED = | MOVE FORWARD ⬆⬆ | Area: 2970
2026-05-25 13:08:44,736 - AeroBrain - INFO - Detected: person (ID: 0, Conf: 0.82, Area: 3528)
2026-05-25 13:08:44,739 - AeroBrain - INFO - 🎯 TARGET (person) | CENTERED = | MOVE FORWARD ⬆⬆ | Area: 3528
2026-05-25 13:08:44,894 - AeroBrain - INFO - Detected: person (ID: 0, Conf: 0.79, Area: 3102)
2026-05-25 13:08:44,898 - AeroBrain - INFO - 🎯 TARGET (person) | CENTERED = | MOVE FORWARD ⬆⬆ | Area: 3102
2026-05-25 13:08:45,056 - AeroBrain - INFO - Detected: person (ID: 0, Conf: 0.84, Area: 3069)
2026-05-25 13:08:45,059 - AeroBrain - INFO - 🎯 TARGET (person) | CENTERED = | MOVE FORWARD ⬆⬆ | Area: 3069
2026-05-25 13:08:45,212 - AeroBrain - INFO - Detected: person (ID: 0, Conf: 0.81, Area: 2850)
2026-05-25 13:08:45,215 - AeroBrain - INFO - 🎯 TARGET (person) | CENTERED = | MOVE FORWARD ⬆⬆ | Area: 2850
2026-05-25 13:08:45,423 - AeroBrain - INFO - Detected: person (ID: 0, Conf: 0.90, Area: 48276)
2026-05-25 13:08:45,425 - AeroBrain - INFO - Detected: person (ID: 0, Conf: 0.75, Area: 2088)
2026-05-25 13:08:45,426 - AeroBrain - INFO - Detected: bicycle (ID: 1, Conf: 0.63, Area: 27520)
2026-05-25 13:08:45,428 - AeroBrain - INFO - 🎯 TARGET (person) | YAW LEFT ⬅ | HOLD DISTANCE = | Area: 48276
2026-05-25 13:08:45,584 - AeroBrain - INFO - Detected: person (ID: 0, Conf: 0.90, Area: 23296)
2026-05-25 13:08:45,584 - AeroBrain - INFO - Detected: person (ID: 0, Conf: 0.78, Area: 2024)
2026-05-25 13:08:45,584 - AeroBrain - INFO - Detected: bicycle (ID: 1, Conf: 0.76, Area: 25160)
2026-05-25 13:08:45,586 - AeroBrain - INFO - 🎯 TARGET (bicycle) | YAW LEFT ⬅ | MOVE FORWARD ⬆⬆ | Area: 25160
2026-05-25 13:08:45,745 - AeroBrain - INFO - Detected: person (ID: 0, Conf: 0.85, Area: 9943)
2026-05-25 13:08:45,746 - AeroBrain - INFO - Detected: person (ID: 0, Conf: 0.78, Area: 1992)
2026-05-25 13:08:45,746 - AeroBrain - INFO - Detected: bicycle (ID: 1, Conf: 0.76, Area: 10044)
2026-05-25 13:08:45,748 - AeroBrain - INFO - 🎯 TARGET (bicycle) | YAW LEFT ⬅ | MOVE FORWARD ⬆⬆ | Area: 10044
2026-05-25 13:08:46,007 - AeroBrain - INFO - Detected: person (ID: 0, Conf: 0.82, Area: 4928)
2026-05-25 13:08:46,008 - AeroBrain - INFO - Detected: person (ID: 0, Conf: 0.76, Area: 2322)
2026-05-25 13:08:46,008 - AeroBrain - INFO - Detected: bicycle (ID: 1, Conf: 0.67, Area: 4230)
2026-05-25 13:08:46,010 - AeroBrain - INFO - 🎯 TARGET (person) | YAW LEFT ⬅ | MOVE FORWARD ⬆⬆ | Area: 4928
2026-05-25 13:08:46,184 - AeroBrain - INFO - Detected: person (ID: 0, Conf: 0.81, Area: 2296)
2026-05-25 13:08:46,184 - AeroBrain - INFO - Detected: person (ID: 0, Conf: 0.80, Area: 2821)
2026-05-25 13:08:46,186 - AeroBrain - INFO - 🎯 TARGET (person) | CENTERED = | MOVE FORWARD ⬆⬆ | Area: 2821
2026-05-25 13:08:46,339 - AeroBrain - INFO - Detected: person (ID: 0, Conf: 0.77, Area: 2160)
2026-05-25 13:08:46,341 - AeroBrain - INFO - Detected: person (ID: 0, Conf: 0.74, Area: 2320)
2026-05-25 13:08:46,343 - AeroBrain - INFO - 🎯 TARGET (person) | YAW RIGHT ➔ | MOVE FORWARD ⬆⬆ | Area: 2320
2026-05-25 13:08:46,535 - AeroBrain - INFO - Detected: person (ID: 0, Conf: 0.77, Area: 2100)
2026-05-25 13:08:46,536 - AeroBrain - INFO - Detected: person (ID: 0, Conf: 0.76, Area: 1500)
2026-05-25 13:08:46,538 - AeroBrain - INFO - 🎯 TARGET (person) | YAW RIGHT ➔ | MOVE FORWARD ⬆⬆ | Area: 2100
2026-05-25 13:08:46,761 - AeroBrain - INFO - Detected: person (ID: 0, Conf: 0.76, Area: 1804)
2026-05-25 13:08:46,761 - AeroBrain - INFO - Detected: car (ID: 2, Conf: 0.74, Area: 37312)
2026-05-25 13:08:46,762 - AeroBrain - INFO - Detected: person (ID: 0, Conf: 0.70, Area: 1311)
2026-05-25 13:08:46,763 - AeroBrain - INFO - 🎯 TARGET (car) | YAW LEFT ⬅ | MOVE FORWARD ⬆⬆ | Area: 37312
2026-05-25 13:08:46,969 - AeroBrain - INFO - Detected: person (ID: 0, Conf: 0.84, Area: 1694)
2026-05-25 13:08:46,970 - AeroBrain - INFO - Detected: car (ID: 2, Conf: 0.81, Area: 12288)
2026-05-25 13:08:46,970 - AeroBrain - INFO - Detected: person (ID: 0, Conf: 0.66, Area: 928)
2026-05-25 13:08:46,971 - AeroBrain - INFO - 🎯 TARGET (car) | CENTERED = | MOVE FORWARD ⬆⬆ | Area: 12288
2026-05-25 13:08:47,169 - AeroBrain - INFO - Detected: person (ID: 0, Conf: 0.80, Area: 2044)
2026-05-25 13:08:47,170 - AeroBrain - INFO - Detected: car (ID: 2, Conf: 0.41, Area: 4218)
2026-05-25 13:08:47,172 - AeroBrain - INFO - 🎯 TARGET (car) | CENTERED = | MOVE FORWARD ⬆⬆ | Area: 4218
2026-05-25 13:08:47,331 - AeroBrain - INFO - Detected: person (ID: 0, Conf: 0.64, Area: 1679)
2026-05-25 13:08:47,332 - AeroBrain - INFO - Detected: car (ID: 2, Conf: 0.55, Area: 1840)
2026-05-25 13:08:47,333 - AeroBrain - INFO - 🎯 TARGET (car) | CENTERED = | MOVE FORWARD ⬆⬆ | Area: 1840
2026-05-25 13:08:47,491 - AeroBrain - INFO - Detected: person (ID: 0, Conf: 0.80, Area: 1776)
2026-05-25 13:08:47,492 - AeroBrain - INFO - Detected: car (ID: 2, Conf: 0.62, Area: 1200)
2026-05-25 13:08:47,494 - AeroBrain - INFO - 🎯 TARGET (person) | YAW RIGHT ➔ | MOVE FORWARD ⬆⬆ | Area: 1776
2026-05-25 13:08:47,706 - AeroBrain - INFO - Detected: person (ID: 0, Conf: 0.76, Area: 1752)
2026-05-25 13:08:47,706 - AeroBrain - INFO - Detected: car (ID: 2, Conf: 0.57, Area: 1050)
2026-05-25 13:08:47,708 - AeroBrain - INFO - 🎯 TARGET (person) | YAW RIGHT ➔ | MOVE FORWARD ⬆⬆ | Area: 1752
2026-05-25 13:08:47,880 - AeroBrain - INFO - Detected: person (ID: 0, Conf: 0.78, Area: 1368)
2026-05-25 13:08:47,880 - AeroBrain - INFO - Detected: person (ID: 0, Conf: 0.50, Area: 372)
2026-05-25 13:08:47,881 - AeroBrain - INFO - 🎯 TARGET (person) | YAW RIGHT ➔ | MOVE FORWARD ⬆⬆ | Area: 1368
2026-05-25 13:08:48,057 - AeroBrain - INFO - Detected: person (ID: 0, Conf: 0.69, Area: 1440)
2026-05-25 13:08:48,057 - AeroBrain - INFO - Detected: car (ID: 2, Conf: 0.67, Area: 529)
2026-05-25 13:08:48,059 - AeroBrain - INFO - Detected: person (ID: 0, Conf: 0.54, Area: 360)
2026-05-25 13:08:48,061 - AeroBrain - INFO - 🎯 TARGET (person) | YAW RIGHT ➔ | MOVE FORWARD ⬆⬆ | Area: 1440
2026-05-25 13:08:48,214 - AeroBrain - INFO - Detected: person (ID: 0, Conf: 0.70, Area: 1242)
2026-05-25 13:08:48,214 - AeroBrain - INFO - Detected: person (ID: 0, Conf: 0.47, Area: 310)
2026-05-25 13:08:48,215 - AeroBrain - INFO - Detected: car (ID: 2, Conf: 0.44, Area: 484)
2026-05-25 13:08:48,217 - AeroBrain - INFO - 🎯 TARGET (person) | YAW RIGHT ➔ | MOVE FORWARD ⬆⬆ | Area: 1242
2026-05-25 13:08:48,368 - AeroBrain - INFO - Detected: person (ID: 0, Conf: 0.69, Area: 1449)
2026-05-25 13:08:48,369 - AeroBrain - INFO - Detected: person (ID: 0, Conf: 0.52, Area: 385)
2026-05-25 13:08:48,372 - AeroBrain - INFO - 🎯 TARGET (person) | YAW RIGHT ➔ | MOVE FORWARD ⬆⬆ | Area: 1449
2026-05-25 13:08:48,545 - AeroBrain - INFO - Detected: person (ID: 0, Conf: 0.71, Area: 363)
2026-05-25 13:08:48,545 - AeroBrain - INFO - Detected: person (ID: 0, Conf: 0.68, Area: 1452)
2026-05-25 13:08:48,547 - AeroBrain - INFO - 🎯 TARGET (person) | YAW RIGHT ➔ | MOVE FORWARD ⬆⬆ | Area: 1452
2026-05-25 13:08:48,711 - AeroBrain - INFO - Detected: person (ID: 0, Conf: 0.74, Area: 1386)
2026-05-25 13:08:48,712 - AeroBrain - INFO - Detected: person (ID: 0, Conf: 0.55, Area: 330)
2026-05-25 13:08:48,713 - AeroBrain - INFO - 🎯 TARGET (person) | YAW RIGHT ➔ | MOVE FORWARD ⬆⬆ | Area: 1386
2026-05-25 13:08:48,866 - AeroBrain - INFO - Detected: person (ID: 0, Conf: 0.68, Area: 1216)
2026-05-25 13:08:48,866 - AeroBrain - INFO - Detected: person (ID: 0, Conf: 0.56, Area: 348)
2026-05-25 13:08:48,868 - AeroBrain - INFO - 🎯 TARGET (person) | YAW RIGHT ➔ | MOVE FORWARD ⬆⬆ | Area: 1216
2026-05-25 13:08:49,029 - AeroBrain - INFO - Detected: person (ID: 0, Conf: 0.78, Area: 1302)
2026-05-25 13:08:49,031 - AeroBrain - INFO - 🎯 TARGET (person) | YAW RIGHT ➔ | MOVE FORWARD ⬆⬆ | Area: 1302
2026-05-25 13:08:49,187 - AeroBrain - INFO - Detected: person (ID: 0, Conf: 0.66, Area: 1098)
2026-05-25 13:08:49,190 - AeroBrain - INFO - 🎯 TARGET (person) | YAW RIGHT ➔ | MOVE FORWARD ⬆⬆ | Area: 1098
2026-05-25 13:08:49,382 - AeroBrain - INFO - Detected: person (ID: 0, Conf: 0.68, Area: 812)
2026-05-25 13:08:49,386 - AeroBrain - INFO - 🎯 TARGET (person) | YAW RIGHT ➔ | MOVE FORWARD ⬆⬆ | Area: 812
2026-05-25 13:08:49,535 - AeroBrain - INFO - Detected: person (ID: 0, Conf: 0.79, Area: 1159)
2026-05-25 13:08:49,537 - AeroBrain - INFO - 🎯 TARGET (person) | YAW RIGHT ➔ | MOVE FORWARD ⬆⬆ | Area: 1159
2026-05-25 13:08:49,696 - AeroBrain - INFO - Detected: person (ID: 0, Conf: 0.68, Area: 928)
2026-05-25 13:08:49,698 - AeroBrain - INFO - 🎯 TARGET (person) | YAW RIGHT ➔ | MOVE FORWARD ⬆⬆ | Area: 928
2026-05-25 13:08:49,785 - AeroBrain - WARNING - INTERRUPTED: Landing drone...
2026-05-25 13:08:49,785 - drone_control - INFO - Emergency landing...
2026-05-25 13:08:49,785 - drone_control - INFO - Landing...
2026-05-25 13:09:07,517 - AeroBrain - INFO - 🏁 Shutdown complete
2026-05-25 13:21:20,664 - AeroBrain - INFO - Loading AeroBrain AI Model...
2026-05-25 13:21:20,769 - AeroBrain - INFO - [OK] YOLO Model loaded: yolov8n.pt
2026-05-25 13:21:20,770 - AeroBrain - INFO - [OK] Available classes: ['person', 'bicycle', 'car', 'motorcycle', 'airplane', 'bus', 'train', 'truck', 'boat', 'traffic light', 'fire hydrant', 'stop sign', 'parking meter', 'bench', 'bird', 'cat', 'dog', 'horse', 'sheep', 'cow', 'elephant', 'bear', 'zebra', 'giraffe', 'backpack', 'umbrella', 'handbag', 'tie', 'suitcase', 'frisbee', 'skis', 'snowboard', 'sports ball', 'kite', 'baseball bat', 'baseball glove', 'skateboard', 'surfboard', 'tennis racket', 'bottle', 'wine glass', 'cup', 'fork', 'knife', 'spoon', 'bowl', 'banana', 'apple', 'sandwich', 'orange', 'broccoli', 'carrot', 'hot dog', 'pizza', 'donut', 'cake', 'chair', 'couch', 'potted plant', 'bed', 'dining table', 'toilet', 'tv', 'laptop', 'mouse', 'remote', 'keyboard', 'cell phone', 'microwave', 'oven', 'toaster', 'sink', 'refrigerator', 'book', 'clock', 'vase', 'scissors', 'teddy bear', 'hair drier', 'toothbrush']
2026-05-25 13:21:20,770 - AeroBrain - INFO - Validating configuration...
2026-05-25 13:21:20,770 - AeroBrain - INFO - [OK] Takeoff altitude validated: 15.0m (minimum required: 10.0m)
2026-05-25 13:21:20,771 - AeroBrain - INFO - ============================================================
2026-05-25 13:21:20,771 - AeroBrain - INFO - 🚁 AeroBrain Drone AI System Starting...
2026-05-25 13:21:20,772 - AeroBrain - INFO - ============================================================
2026-05-25 13:21:20,772 - AeroBrain - INFO - Connecting to AirSim Virtual Drone...
2026-05-25 13:21:20,772 - AeroBrain - INFO - Target: 127.0.0.1:41451
2026-05-25 13:21:20,772 - AeroBrain - INFO - Attempting to create DroneController...
2026-05-25 13:21:20,782 - drone_control - INFO - [OK] Connected to AirSim
2026-05-25 13:21:20,782 - AeroBrain - INFO - [OK] Successfully connected to AirSim
2026-05-25 13:21:20,782 - AeroBrain - INFO - Enabling API control and arming...
2026-05-25 13:21:20,784 - drone_control - INFO - API control enabled
2026-05-25 13:21:20,785 - drone_control - INFO - [OK] Motors armed
2026-05-25 13:21:20,785 - AeroBrain - INFO - [OK] Motors armed successfully
2026-05-25 13:21:20,788 - AeroBrain - INFO - Drone altitude before takeoff: -1.60m
2026-05-25 13:21:20,788 - AeroBrain - INFO - Executing takeoff command...
2026-05-25 13:21:20,788 - drone_control - INFO - Taking off to 15.0m...
2026-05-25 13:21:25,199 - drone_control - INFO - [OK] Takeoff complete
2026-05-25 13:21:25,200 - AeroBrain - INFO - Drone altitude after takeoff: -0.10m
2026-05-25 13:21:25,200 - AeroBrain - INFO - [OK] Drone took off successfully
2026-05-25 13:21:25,200 - AeroBrain - INFO - >>> Drone is hovering. Initiating AI Vision... <<<
2026-05-25 13:21:25,725 - AeroBrain - INFO - Detected: person (ID: 0, Conf: 0.40, Area: 1178)
2026-05-25 13:21:25,738 - AeroBrain - INFO - 🎯 TARGET (person) | YAW RIGHT ➔ | MOVE FORWARD ⬆⬆ | Area: 1178
2026-05-25 13:21:25,937 - AeroBrain - INFO - Detected: person (ID: 0, Conf: 0.52, Area: 1408)
2026-05-25 13:21:25,938 - AeroBrain - INFO - Detected: person (ID: 0, Conf: 0.51, Area: 462)
2026-05-25 13:21:25,939 - AeroBrain - INFO - 🎯 TARGET (person) | YAW RIGHT ➔ | MOVE FORWARD ⬆⬆ | Area: 1408
2026-05-25 13:21:26,124 - AeroBrain - INFO - Detected: person (ID: 0, Conf: 0.47, Area: 1003)
2026-05-25 13:21:26,124 - AeroBrain - INFO - Detected: person (ID: 0, Conf: 0.41, Area: 1404)
2026-05-25 13:21:26,126 - AeroBrain - INFO - 🎯 TARGET (person) | YAW RIGHT ➔ | MOVE FORWARD ⬆⬆ | Area: 1404
2026-05-25 13:21:26,290 - AeroBrain - INFO - Detected: person (ID: 0, Conf: 0.41, Area: 1378)
2026-05-25 13:21:26,292 - AeroBrain - INFO - 🎯 TARGET (person) | YAW RIGHT ➔ | MOVE FORWARD ⬆⬆ | Area: 1378
2026-05-25 13:21:26,440 - AeroBrain - INFO - Detected: person (ID: 0, Conf: 0.49, Area: 1325)
2026-05-25 13:21:26,442 - AeroBrain - INFO - 🎯 TARGET (person) | YAW RIGHT ➔ | MOVE FORWARD ⬆⬆ | Area: 1325
2026-05-25 13:21:26,625 - AeroBrain - INFO - Detected: person (ID: 0, Conf: 0.44, Area: 450)
2026-05-25 13:21:26,627 - AeroBrain - INFO - 🎯 TARGET (person) | YAW RIGHT ➔ | MOVE FORWARD ⬆⬆ | Area: 450
2026-05-25 13:21:26,804 - AeroBrain - INFO - Detected: person (ID: 0, Conf: 0.58, Area: 893)
2026-05-25 13:21:26,806 - AeroBrain - INFO - 🎯 TARGET (person) | YAW RIGHT ➔ | MOVE FORWARD ⬆⬆ | Area: 893
2026-05-25 13:21:26,956 - AeroBrain - INFO - Detected: person (ID: 0, Conf: 0.52, Area: 1363)
2026-05-25 13:21:26,957 - AeroBrain - INFO - 🎯 TARGET (person) | YAW RIGHT ➔ | MOVE FORWARD ⬆⬆ | Area: 1363
2026-05-25 13:21:27,128 - AeroBrain - INFO - Detected: person (ID: 0, Conf: 0.58, Area: 1248)
2026-05-25 13:21:27,129 - AeroBrain - INFO - Detected: person (ID: 0, Conf: 0.42, Area: 658)
2026-05-25 13:21:27,129 - AeroBrain - INFO - Detected: person (ID: 0, Conf: 0.41, Area: 420)
2026-05-25 13:21:27,131 - AeroBrain - INFO - 🎯 TARGET (person) | YAW RIGHT ➔ | MOVE FORWARD ⬆⬆ | Area: 1248
2026-05-25 13:21:27,331 - AeroBrain - INFO - Detected: person (ID: 0, Conf: 0.70, Area: 1144)
2026-05-25 13:21:27,332 - AeroBrain - INFO - Detected: person (ID: 0, Conf: 0.55, Area: 660)
2026-05-25 13:21:27,332 - AeroBrain - INFO - Detected: person (ID: 0, Conf: 0.54, Area: 363)
2026-05-25 13:21:27,332 - AeroBrain - INFO - Detected: person (ID: 0, Conf: 0.54, Area: 527)
2026-05-25 13:21:27,336 - AeroBrain - INFO - 🎯 TARGET (person) | YAW RIGHT ➔ | MOVE FORWARD ⬆⬆ | Area: 1144
2026-05-25 13:21:27,480 - AeroBrain - INFO - Detected: person (ID: 0, Conf: 0.53, Area: 432)
2026-05-25 13:21:27,480 - AeroBrain - INFO - Detected: person (ID: 0, Conf: 0.51, Area: 741)
2026-05-25 13:21:27,481 - AeroBrain - INFO - Detected: person (ID: 0, Conf: 0.50, Area: 1064)
2026-05-25 13:21:27,482 - AeroBrain - INFO - Detected: person (ID: 0, Conf: 0.46, Area: 780)
2026-05-25 13:21:27,482 - AeroBrain - INFO - Detected: person (ID: 0, Conf: 0.42, Area: 200)
2026-05-25 13:21:27,483 - AeroBrain - INFO - 🎯 TARGET (person) | YAW RIGHT ➔ | MOVE FORWARD ⬆⬆ | Area: 1064
2026-05-25 13:21:27,663 - AeroBrain - INFO - Detected: person (ID: 0, Conf: 0.70, Area: 1050)
2026-05-25 13:21:27,664 - AeroBrain - INFO - Detected: person (ID: 0, Conf: 0.59, Area: 918)
2026-05-25 13:21:27,666 - AeroBrain - INFO - 🎯 TARGET (person) | YAW RIGHT ➔ | MOVE FORWARD ⬆⬆ | Area: 1050
2026-05-25 13:21:27,841 - AeroBrain - INFO - Detected: person (ID: 0, Conf: 0.73, Area: 374)
2026-05-25 13:21:27,842 - AeroBrain - INFO - Detected: person (ID: 0, Conf: 0.53, Area: 748)
2026-05-25 13:21:27,843 - AeroBrain - INFO - Detected: person (ID: 0, Conf: 0.47, Area: 1029)
2026-05-25 13:21:27,845 - AeroBrain - INFO - Detected: person (ID: 0, Conf: 0.45, Area: 555)
2026-05-25 13:21:27,846 - AeroBrain - INFO - 🎯 TARGET (person) | YAW RIGHT ➔ | MOVE FORWARD ⬆⬆ | Area: 1029
2026-05-25 13:21:27,992 - AeroBrain - INFO - Detected: person (ID: 0, Conf: 0.61, Area: 2448)
2026-05-25 13:21:27,992 - AeroBrain - INFO - Detected: person (ID: 0, Conf: 0.52, Area: 686)
2026-05-25 13:21:27,994 - AeroBrain - INFO - 🎯 TARGET (person) | YAW RIGHT ➔ | MOVE FORWARD ⬆⬆ | Area: 2448
2026-05-25 13:21:28,180 - AeroBrain - INFO - Detected: person (ID: 0, Conf: 0.60, Area: 880)
2026-05-25 13:21:28,181 - AeroBrain - INFO - Detected: person (ID: 0, Conf: 0.52, Area: 1624)
2026-05-25 13:21:28,181 - AeroBrain - INFO - Detected: person (ID: 0, Conf: 0.42, Area: 774)
2026-05-25 13:21:28,183 - AeroBrain - INFO - 🎯 TARGET (person) | YAW RIGHT ➔ | MOVE FORWARD ⬆⬆ | Area: 1624
2026-05-25 13:21:28,373 - AeroBrain - INFO - Detected: person (ID: 0, Conf: 0.57, Area: 1196)
2026-05-25 13:21:28,373 - AeroBrain - INFO - Detected: person (ID: 0, Conf: 0.52, Area: 455)
2026-05-25 13:21:28,374 - AeroBrain - INFO - Detected: person (ID: 0, Conf: 0.52, Area: 1166)
2026-05-25 13:21:28,374 - AeroBrain - INFO - Detected: person (ID: 0, Conf: 0.47, Area: 912)
2026-05-25 13:21:28,376 - AeroBrain - INFO - 🎯 TARGET (person) | YAW RIGHT ➔ | MOVE FORWARD ⬆⬆ | Area: 1196
2026-05-25 13:21:28,558 - AeroBrain - INFO - Detected: person (ID: 0, Conf: 0.61, Area: 1040)
2026-05-25 13:21:28,559 - AeroBrain - INFO - Detected: person (ID: 0, Conf: 0.52, Area: 432)
2026-05-25 13:21:28,559 - AeroBrain - INFO - Detected: person (ID: 0, Conf: 0.44, Area: 950)
2026-05-25 13:21:28,559 - AeroBrain - INFO - Detected: person (ID: 0, Conf: 0.42, Area: 396)
2026-05-25 13:21:28,561 - AeroBrain - INFO - 🎯 TARGET (person) | YAW RIGHT ➔ | MOVE FORWARD ⬆⬆ | Area: 1040
2026-05-25 13:21:28,703 - AeroBrain - INFO - Detected: person (ID: 0, Conf: 0.76, Area: 2736)
2026-05-25 13:21:28,704 - AeroBrain - INFO - Detected: person (ID: 0, Conf: 0.68, Area: 901)
2026-05-25 13:21:28,704 - AeroBrain - INFO - Detected: person (ID: 0, Conf: 0.46, Area: 608)
2026-05-25 13:21:28,705 - AeroBrain - INFO - Detected: person (ID: 0, Conf: 0.45, Area: 1081)
2026-05-25 13:21:28,705 - AeroBrain - INFO - Detected: person (ID: 0, Conf: 0.43, Area: 280)
2026-05-25 13:21:28,705 - AeroBrain - INFO - Detected: person (ID: 0, Conf: 0.40, Area: 585)
2026-05-25 13:21:28,707 - AeroBrain - INFO - 🎯 TARGET (person) | YAW RIGHT ➔ | MOVE FORWARD ⬆⬆ | Area: 2736
2026-05-25 13:21:28,886 - AeroBrain - INFO - Detected: person (ID: 0, Conf: 0.78, Area: 884)
2026-05-25 13:21:28,886 - AeroBrain - INFO - Detected: person (ID: 0, Conf: 0.50, Area: 492)
2026-05-25 13:21:28,887 - AeroBrain - INFO - Detected: person (ID: 0, Conf: 0.43, Area: 1500)
2026-05-25 13:21:28,889 - AeroBrain - INFO - 🎯 TARGET (person) | YAW RIGHT ➔ | MOVE FORWARD ⬆⬆ | Area: 1500
2026-05-25 13:21:29,060 - AeroBrain - INFO - Detected: person (ID: 0, Conf: 0.70, Area: 1248)
2026-05-25 13:21:29,061 - AeroBrain - INFO - Detected: person (ID: 0, Conf: 0.69, Area: 1440)
2026-05-25 13:21:29,061 - AeroBrain - INFO - Detected: person (ID: 0, Conf: 0.57, Area: 912)
2026-05-25 13:21:29,062 - AeroBrain - INFO - Detected: person (ID: 0, Conf: 0.50, Area: 528)
2026-05-25 13:21:29,065 - AeroBrain - INFO - 🎯 TARGET (person) | YAW RIGHT ➔ | MOVE FORWARD ⬆⬆ | Area: 1440
2026-05-25 13:21:29,216 - AeroBrain - INFO - Detected: person (ID: 0, Conf: 0.59, Area: 1265)
2026-05-25 13:21:29,217 - AeroBrain - INFO - Detected: person (ID: 0, Conf: 0.58, Area: 800)
2026-05-25 13:21:29,217 - AeroBrain - INFO - Detected: person (ID: 0, Conf: 0.41, Area: 555)
2026-05-25 13:21:29,217 - AeroBrain - INFO - Detected: person (ID: 0, Conf: 0.41, Area: 473)
2026-05-25 13:21:29,220 - AeroBrain - INFO - 🎯 TARGET (person) | YAW RIGHT ➔ | MOVE FORWARD ⬆⬆ | Area: 1265
2026-05-25 13:21:29,390 - AeroBrain - INFO - Detected: person (ID: 0, Conf: 0.62, Area: 880)
2026-05-25 13:21:29,391 - AeroBrain - INFO - Detected: person (ID: 0, Conf: 0.60, Area: 616)
2026-05-25 13:21:29,392 - AeroBrain - INFO - Detected: person (ID: 0, Conf: 0.41, Area: 750)
2026-05-25 13:21:29,394 - AeroBrain - INFO - 🎯 TARGET (person) | YAW RIGHT ➔ | MOVE FORWARD ⬆⬆ | Area: 880
2026-05-25 13:21:29,570 - AeroBrain - INFO - Detected: person (ID: 0, Conf: 0.72, Area: 559)
2026-05-25 13:21:29,570 - AeroBrain - INFO - Detected: person (ID: 0, Conf: 0.59, Area: 990)
2026-05-25 13:21:29,571 - AeroBrain - INFO - Detected: person (ID: 0, Conf: 0.58, Area: 1425)
2026-05-25 13:21:29,571 - AeroBrain - INFO - Detected: person (ID: 0, Conf: 0.56, Area: 2205)
2026-05-25 13:21:29,572 - AeroBrain - INFO - 🎯 TARGET (person) | YAW RIGHT ➔ | MOVE FORWARD ⬆⬆ | Area: 2205
2026-05-25 13:21:29,712 - AeroBrain - INFO - Detected: person (ID: 0, Conf: 0.61, Area: 1728)
2026-05-25 13:21:29,713 - AeroBrain - INFO - Detected: person (ID: 0, Conf: 0.55, Area: 432)
2026-05-25 13:21:29,715 - AeroBrain - INFO - 🎯 TARGET (person) | YAW RIGHT ➔ | MOVE FORWARD ⬆⬆ | Area: 1728
2026-05-25 13:21:29,886 - AeroBrain - INFO - Detected: person (ID: 0, Conf: 0.61, Area: 528)
2026-05-25 13:21:29,887 - AeroBrain - INFO - Detected: person (ID: 0, Conf: 0.58, Area: 1798)
2026-05-25 13:21:29,887 - AeroBrain - INFO - Detected: person (ID: 0, Conf: 0.43, Area: 944)
2026-05-25 13:21:29,889 - AeroBrain - INFO - 🎯 TARGET (person) | YAW RIGHT ➔ | MOVE FORWARD ⬆⬆ | Area: 1798
2026-05-25 13:21:30,057 - AeroBrain - INFO - Detected: person (ID: 0, Conf: 0.63, Area: 462)
2026-05-25 13:21:30,057 - AeroBrain - INFO - Detected: person (ID: 0, Conf: 0.61, Area: 1197)
2026-05-25 13:21:30,058 - AeroBrain - INFO - Detected: person (ID: 0, Conf: 0.57, Area: 1798)
2026-05-25 13:21:30,058 - AeroBrain - INFO - Detected: person (ID: 0, Conf: 0.42, Area: 432)
2026-05-25 13:21:30,058 - AeroBrain - INFO - Detected: person (ID: 0, Conf: 0.41, Area: 400)
2026-05-25 13:21:30,060 - AeroBrain - INFO - 🎯 TARGET (person) | YAW RIGHT ➔ | MOVE FORWARD ⬆⬆ | Area: 1798
2026-05-25 13:21:30,201 - AeroBrain - INFO - Detected: person (ID: 0, Conf: 0.59, Area: 1566)
2026-05-25 13:21:30,201 - AeroBrain - INFO - Detected: person (ID: 0, Conf: 0.47, Area: 903)
2026-05-25 13:21:30,201 - AeroBrain - INFO - Detected: person (ID: 0, Conf: 0.42, Area: 893)
2026-05-25 13:21:30,202 - AeroBrain - INFO - Detected: person (ID: 0, Conf: 0.41, Area: 481)
2026-05-25 13:21:30,204 - AeroBrain - INFO - 🎯 TARGET (person) | YAW RIGHT ➔ | MOVE FORWARD ⬆⬆ | Area: 1566
2026-05-25 13:21:30,387 - AeroBrain - INFO - Detected: person (ID: 0, Conf: 0.72, Area: 1196)
2026-05-25 13:21:30,388 - AeroBrain - INFO - Detected: person (ID: 0, Conf: 0.62, Area: 658)
2026-05-25 13:21:30,388 - AeroBrain - INFO - Detected: person (ID: 0, Conf: 0.53, Area: 728)
2026-05-25 13:21:30,389 - AeroBrain - INFO - Detected: person (ID: 0, Conf: 0.48, Area: 1593)
2026-05-25 13:21:30,390 - AeroBrain - INFO - 🎯 TARGET (person) | CENTERED = | MOVE FORWARD ⬆⬆ | Area: 1593
2026-05-25 13:21:30,571 - AeroBrain - INFO - Detected: person (ID: 0, Conf: 0.73, Area: 658)
2026-05-25 13:21:30,572 - AeroBrain - INFO - Detected: person (ID: 0, Conf: 0.69, Area: 1155)
2026-05-25 13:21:30,572 - AeroBrain - INFO - Detected: person (ID: 0, Conf: 0.52, Area: 935)
2026-05-25 13:21:30,572 - AeroBrain - INFO - Detected: person (ID: 0, Conf: 0.47, Area: 1350)
2026-05-25 13:21:30,574 - AeroBrain - INFO - 🎯 TARGET (person) | CENTERED = | MOVE FORWARD ⬆⬆ | Area: 1350
2026-05-25 13:21:30,711 - AeroBrain - INFO - Detected: person (ID: 0, Conf: 0.54, Area: 1725)
2026-05-25 13:21:30,712 - AeroBrain - INFO - Detected: person (ID: 0, Conf: 0.53, Area: 630)
2026-05-25 13:21:30,712 - AeroBrain - INFO - Detected: person (ID: 0, Conf: 0.45, Area: 396)
2026-05-25 13:21:30,714 - AeroBrain - INFO - 🎯 TARGET (person) | YAW RIGHT ➔ | MOVE FORWARD ⬆⬆ | Area: 1725
2026-05-25 13:21:30,887 - AeroBrain - INFO - Detected: person (ID: 0, Conf: 0.63, Area: 754)
2026-05-25 13:21:30,888 - AeroBrain - INFO - Detected: person (ID: 0, Conf: 0.62, Area: 559)
2026-05-25 13:21:30,888 - AeroBrain - INFO - Detected: person (ID: 0, Conf: 0.59, Area: 1368)
2026-05-25 13:21:30,888 - AeroBrain - INFO - Detected: person (ID: 0, Conf: 0.56, Area: 1728)
2026-05-25 13:21:30,888 - AeroBrain - INFO - Detected: person (ID: 0, Conf: 0.55, Area: 736)
2026-05-25 13:21:30,889 - AeroBrain - INFO - Detected: person (ID: 0, Conf: 0.44, Area: 1300)
2026-05-25 13:21:30,889 - AeroBrain - INFO - Detected: person (ID: 0, Conf: 0.41, Area: 885)
2026-05-25 13:21:30,891 - AeroBrain - INFO - 🎯 TARGET (person) | CENTERED = | MOVE FORWARD ⬆⬆ | Area: 1728
2026-05-25 13:21:31,055 - AeroBrain - INFO - Detected: person (ID: 0, Conf: 0.68, Area: 954)
2026-05-25 13:21:31,056 - AeroBrain - INFO - Detected: person (ID: 0, Conf: 0.65, Area: 1276)
2026-05-25 13:21:31,056 - AeroBrain - INFO - Detected: traffic light (ID: 9, Conf: 0.63, Area: 2752)
2026-05-25 13:21:31,056 - AeroBrain - INFO - Detected: person (ID: 0, Conf: 0.60, Area: 867)
2026-05-25 13:21:31,057 - AeroBrain - INFO - Detected: person (ID: 0, Conf: 0.53, Area: 2006)
2026-05-25 13:21:31,057 - AeroBrain - INFO - Detected: person (ID: 0, Conf: 0.52, Area: 630)
2026-05-25 13:21:31,058 - AeroBrain - INFO - Detected: person (ID: 0, Conf: 0.40, Area: 768)
2026-05-25 13:21:31,060 - AeroBrain - INFO - 🎯 TARGET (traffic light) | YAW RIGHT ➔ | MOVE FORWARD ⬆⬆ | Area: 2752
2026-05-25 13:21:31,199 - AeroBrain - INFO - Detected: person (ID: 0, Conf: 0.69, Area: 988)
2026-05-25 13:21:31,200 - AeroBrain - INFO - Detected: person (ID: 0, Conf: 0.65, Area: 935)
2026-05-25 13:21:31,200 - AeroBrain - INFO - Detected: person (ID: 0, Conf: 0.52, Area: 660)
2026-05-25 13:21:31,202 - AeroBrain - INFO - 🎯 TARGET (person) | YAW LEFT ⬅ | MOVE FORWARD ⬆⬆ | Area: 988
2026-05-25 13:21:31,376 - AeroBrain - INFO - Detected: person (ID: 0, Conf: 0.67, Area: 810)
2026-05-25 13:21:31,376 - AeroBrain - INFO - Detected: person (ID: 0, Conf: 0.65, Area: 2070)
2026-05-25 13:21:31,377 - AeroBrain - INFO - Detected: person (ID: 0, Conf: 0.59, Area: 840)
2026-05-25 13:21:31,377 - AeroBrain - INFO - Detected: person (ID: 0, Conf: 0.53, Area: 1020)
2026-05-25 13:21:31,377 - AeroBrain - INFO - Detected: motorcycle (ID: 3, Conf: 0.53, Area: 672)
2026-05-25 13:21:31,377 - AeroBrain - INFO - Detected: traffic light (ID: 9, Conf: 0.44, Area: 2460)
2026-05-25 13:21:31,378 - AeroBrain - INFO - Detected: person (ID: 0, Conf: 0.43, Area: 2701)
2026-05-25 13:21:31,379 - AeroBrain - INFO - 🎯 TARGET (person) | YAW LEFT ⬅ | MOVE FORWARD ⬆⬆ | Area: 2701
2026-05-25 13:21:31,757 - AeroBrain - INFO - Detected: person (ID: 0, Conf: 0.65, Area: 1320)
2026-05-25 13:21:31,758 - AeroBrain - INFO - Detected: person (ID: 0, Conf: 0.60, Area: 950)
2026-05-25 13:21:31,758 - AeroBrain - INFO - Detected: traffic light (ID: 9, Conf: 0.47, Area: 2697)
2026-05-25 13:21:31,759 - AeroBrain - INFO - Detected: person (ID: 0, Conf: 0.44, Area: 2343)
2026-05-25 13:21:31,760 - AeroBrain - INFO - Detected: person (ID: 0, Conf: 0.41, Area: 832)
2026-05-25 13:21:31,760 - AeroBrain - INFO - Detected: person (ID: 0, Conf: 0.40, Area: 720)
2026-05-25 13:21:31,762 - AeroBrain - INFO - 🎯 TARGET (traffic light) | CENTERED = | MOVE FORWARD ⬆⬆ | Area: 2697
2026-05-25 13:21:31,988 - AeroBrain - INFO - Detected: person (ID: 0, Conf: 0.70, Area: 2850)
2026-05-25 13:21:31,988 - AeroBrain - INFO - Detected: person (ID: 0, Conf: 0.69, Area: 1496)
2026-05-25 13:21:31,988 - AeroBrain - INFO - Detected: person (ID: 0, Conf: 0.65, Area: 1044)
2026-05-25 13:21:31,988 - AeroBrain - INFO - Detected: person (ID: 0, Conf: 0.63, Area: 784)
2026-05-25 13:21:31,990 - AeroBrain - INFO - Detected: person (ID: 0, Conf: 0.47, Area: 1298)
2026-05-25 13:21:31,990 - AeroBrain - INFO - Detected: bicycle (ID: 1, Conf: 0.43, Area: 3224)
2026-05-25 13:21:31,991 - AeroBrain - INFO - 🎯 TARGET (bicycle) | CENTERED = | MOVE FORWARD ⬆⬆ | Area: 3224
2026-05-25 13:21:32,154 - AeroBrain - INFO - Detected: person (ID: 0, Conf: 0.69, Area: 1647)
2026-05-25 13:21:32,155 - AeroBrain - INFO - Detected: person (ID: 0, Conf: 0.69, Area: 1809)
2026-05-25 13:21:32,155 - AeroBrain - INFO - Detected: person (ID: 0, Conf: 0.64, Area: 2736)
2026-05-25 13:21:32,155 - AeroBrain - INFO - Detected: person (ID: 0, Conf: 0.60, Area: 1102)
2026-05-25 13:21:32,155 - AeroBrain - INFO - Detected: person (ID: 0, Conf: 0.58, Area: 784)
2026-05-25 13:21:32,157 - AeroBrain - INFO - 🎯 TARGET (person) | CENTERED = | MOVE FORWARD ⬆⬆ | Area: 2736
2026-05-25 13:21:32,337 - AeroBrain - INFO - Detected: person (ID: 0, Conf: 0.67, Area: 986)
2026-05-25 13:21:32,337 - AeroBrain - INFO - Detected: person (ID: 0, Conf: 0.66, Area: 3200)
2026-05-25 13:21:32,338 - AeroBrain - INFO - Detected: person (ID: 0, Conf: 0.65, Area: 1360)
2026-05-25 13:21:32,338 - AeroBrain - INFO - Detected: person (ID: 0, Conf: 0.58, Area: 975)
2026-05-25 13:21:32,338 - AeroBrain - INFO - Detected: person (ID: 0, Conf: 0.52, Area: 1060)
2026-05-25 13:21:32,340 - AeroBrain - INFO - 🎯 TARGET (person) | YAW LEFT ⬅ | MOVE FORWARD ⬆⬆ | Area: 3200
2026-05-25 13:21:32,481 - AeroBrain - INFO - Detected: person (ID: 0, Conf: 0.77, Area: 1064)
2026-05-25 13:21:32,482 - AeroBrain - INFO - Detected: person (ID: 0, Conf: 0.67, Area: 1904)
2026-05-25 13:21:32,482 - AeroBrain - INFO - Detected: person (ID: 0, Conf: 0.65, Area: 3116)
2026-05-25 13:21:32,483 - AeroBrain - INFO - Detected: person (ID: 0, Conf: 0.59, Area: 1330)
2026-05-25 13:21:32,483 - AeroBrain - INFO - Detected: dog (ID: 16, Conf: 0.48, Area: 1598)
2026-05-25 13:21:32,485 - AeroBrain - INFO - 🎯 TARGET (person) | YAW LEFT ⬅ | MOVE FORWARD ⬆⬆ | Area: 3116
2026-05-25 13:21:32,717 - AeroBrain - INFO - Detected: person (ID: 0, Conf: 0.74, Area: 1820)
2026-05-25 13:21:32,717 - AeroBrain - INFO - Detected: person (ID: 0, Conf: 0.62, Area: 1062)
2026-05-25 13:21:32,717 - AeroBrain - INFO - Detected: person (ID: 0, Conf: 0.60, Area: 2812)
2026-05-25 13:21:32,718 - AeroBrain - INFO - Detected: person (ID: 0, Conf: 0.58, Area: 1800)
2026-05-25 13:21:32,719 - AeroBrain - INFO - 🎯 TARGET (person) | YAW LEFT ⬅ | MOVE FORWARD ⬆⬆ | Area: 2812
2026-05-25 13:21:32,924 - AeroBrain - INFO - Detected: person (ID: 0, Conf: 0.75, Area: 2432)
2026-05-25 13:21:32,925 - AeroBrain - INFO - Detected: person (ID: 0, Conf: 0.70, Area: 1152)
2026-05-25 13:21:32,925 - AeroBrain - INFO - Detected: person (ID: 0, Conf: 0.58, Area: 1392)
2026-05-25 13:21:32,927 - AeroBrain - INFO - 🎯 TARGET (person) | YAW RIGHT ➔ | MOVE FORWARD ⬆⬆ | Area: 2432
2026-05-25 13:21:33,146 - AeroBrain - INFO - Detected: person (ID: 0, Conf: 0.68, Area: 1491)
2026-05-25 13:21:33,148 - AeroBrain - INFO - Detected: person (ID: 0, Conf: 0.51, Area: 1593)
2026-05-25 13:21:33,148 - AeroBrain - INFO - Detected: person (ID: 0, Conf: 0.49, Area: 4263)
2026-05-25 13:21:33,150 - AeroBrain - INFO - Detected: person (ID: 0, Conf: 0.44, Area: 1176)
2026-05-25 13:21:33,152 - AeroBrain - INFO - 🎯 TARGET (person) | YAW LEFT ⬅ | MOVE FORWARD ⬆⬆ | Area: 4263
2026-05-25 13:21:33,339 - AeroBrain - INFO - Detected: person (ID: 0, Conf: 0.73, Area: 1368)
2026-05-25 13:21:33,340 - AeroBrain - INFO - Detected: person (ID: 0, Conf: 0.72, Area: 2378)
2026-05-25 13:21:33,340 - AeroBrain - INFO - Detected: person (ID: 0, Conf: 0.71, Area: 1240)
2026-05-25 13:21:33,341 - AeroBrain - INFO - Detected: person (ID: 0, Conf: 0.69, Area: 7000)
2026-05-25 13:21:33,341 - AeroBrain - INFO - Detected: person (ID: 0, Conf: 0.62, Area: 1159)
2026-05-25 13:21:33,341 - AeroBrain - INFO - Detected: bicycle (ID: 1, Conf: 0.49, Area: 8960)
2026-05-25 13:21:33,343 - AeroBrain - INFO - 🎯 TARGET (bicycle) | YAW RIGHT ➔ | MOVE FORWARD ⬆⬆ | Area: 8960
2026-05-25 13:21:33,513 - AeroBrain - INFO - Detected: person (ID: 0, Conf: 0.74, Area: 1950)
2026-05-25 13:21:33,515 - AeroBrain - INFO - Detected: person (ID: 0, Conf: 0.72, Area: 6215)
2026-05-25 13:21:33,515 - AeroBrain - INFO - Detected: person (ID: 0, Conf: 0.70, Area: 2835)
2026-05-25 13:21:33,515 - AeroBrain - INFO - Detected: person (ID: 0, Conf: 0.55, Area: 1166)
2026-05-25 13:21:33,515 - AeroBrain - INFO - Detected: person (ID: 0, Conf: 0.47, Area: 1292)
2026-05-25 13:21:33,515 - AeroBrain - INFO - Detected: person (ID: 0, Conf: 0.45, Area: 1160)
2026-05-25 13:21:33,515 - AeroBrain - INFO - Detected: person (ID: 0, Conf: 0.40, Area: 752)
2026-05-25 13:21:33,518 - AeroBrain - INFO - 🎯 TARGET (person) | YAW RIGHT ➔ | MOVE FORWARD ⬆⬆ | Area: 6215
2026-05-25 13:21:33,725 - AeroBrain - INFO - Detected: person (ID: 0, Conf: 0.85, Area: 6050)
2026-05-25 13:21:33,726 - AeroBrain - INFO - Detected: bicycle (ID: 1, Conf: 0.84, Area: 8632)
2026-05-25 13:21:33,726 - AeroBrain - INFO - Detected: person (ID: 0, Conf: 0.73, Area: 1180)
2026-05-25 13:21:33,726 - AeroBrain - INFO - Detected: person (ID: 0, Conf: 0.72, Area: 1620)
2026-05-25 13:21:33,727 - AeroBrain - INFO - Detected: person (ID: 0, Conf: 0.66, Area: 870)
2026-05-25 13:21:33,727 - AeroBrain - INFO - Detected: person (ID: 0, Conf: 0.49, Area: 1131)
2026-05-25 13:21:33,727 - AeroBrain - INFO - Detected: person (ID: 0, Conf: 0.47, Area: 1600)
2026-05-25 13:21:33,730 - AeroBrain - INFO - 🎯 TARGET (bicycle) | YAW RIGHT ➔ | MOVE FORWARD ⬆⬆ | Area: 8632
2026-05-25 13:21:33,961 - AeroBrain - INFO - Detected: person (ID: 0, Conf: 0.70, Area: 1235)
2026-05-25 13:21:33,962 - AeroBrain - INFO - Detected: person (ID: 0, Conf: 0.68, Area: 6545)
2026-05-25 13:21:33,962 - AeroBrain - INFO - Detected: person (ID: 0, Conf: 0.57, Area: 1220)
2026-05-25 13:21:33,962 - AeroBrain - INFO - Detected: person (ID: 0, Conf: 0.51, Area: 1428)
2026-05-25 13:21:33,963 - AeroBrain - INFO - Detected: person (ID: 0, Conf: 0.49, Area: 975)
2026-05-25 13:21:33,965 - AeroBrain - INFO - 🎯 TARGET (person) | CENTERED = | MOVE FORWARD ⬆⬆ | Area: 6545
2026-05-25 13:21:34,167 - AeroBrain - INFO - Detected: person (ID: 0, Conf: 0.71, Area: 1950)
2026-05-25 13:21:34,167 - AeroBrain - INFO - Detected: person (ID: 0, Conf: 0.69, Area: 1474)
2026-05-25 13:21:34,168 - AeroBrain - INFO - Detected: person (ID: 0, Conf: 0.68, Area: 1254)
2026-05-25 13:21:34,168 - AeroBrain - INFO - Detected: person (ID: 0, Conf: 0.52, Area: 6384)
2026-05-25 13:21:34,169 - AeroBrain - INFO - 🎯 TARGET (person) | YAW LEFT ⬅ | MOVE FORWARD ⬆⬆ | Area: 6384
2026-05-25 13:21:34,307 - AeroBrain - INFO - Detected: person (ID: 0, Conf: 0.75, Area: 8979)
2026-05-25 13:21:34,307 - AeroBrain - INFO - Detected: person (ID: 0, Conf: 0.73, Area: 2190)
2026-05-25 13:21:34,307 - AeroBrain - INFO - Detected: person (ID: 0, Conf: 0.71, Area: 1740)
2026-05-25 13:21:34,308 - AeroBrain - INFO - Detected: person (ID: 0, Conf: 0.66, Area: 1700)
2026-05-25 13:21:34,308 - AeroBrain - INFO - Detected: bicycle (ID: 1, Conf: 0.51, Area: 8832)
2026-05-25 13:21:34,308 - AeroBrain - INFO - Detected: bench (ID: 13, Conf: 0.48, Area: 1764)
2026-05-25 13:21:34,311 - AeroBrain - INFO - 🎯 TARGET (person) | YAW LEFT ⬅ | MOVE FORWARD ⬆⬆ | Area: 8979
2026-05-25 13:21:34,456 - AeroBrain - INFO - Detected: person (ID: 0, Conf: 0.80, Area: 3382)
2026-05-25 13:21:34,456 - AeroBrain - INFO - Detected: person (ID: 0, Conf: 0.71, Area: 2070)
2026-05-25 13:21:34,457 - AeroBrain - INFO - Detected: person (ID: 0, Conf: 0.70, Area: 2464)
2026-05-25 13:21:34,457 - AeroBrain - INFO - Detected: bicycle (ID: 1, Conf: 0.64, Area: 4872)
2026-05-25 13:21:34,457 - AeroBrain - INFO - Detected: person (ID: 0, Conf: 0.58, Area: 4826)
2026-05-25 13:21:34,460 - AeroBrain - INFO - 🎯 TARGET (bicycle) | YAW LEFT ⬅ | MOVE FORWARD ⬆⬆ | Area: 4872
2026-05-25 13:21:34,639 - AeroBrain - INFO - Detected: person (ID: 0, Conf: 0.75, Area: 1470)
2026-05-25 13:21:34,640 - AeroBrain - INFO - Detected: person (ID: 0, Conf: 0.74, Area: 2349)
2026-05-25 13:21:34,641 - AeroBrain - INFO - Detected: person (ID: 0, Conf: 0.74, Area: 1440)
2026-05-25 13:21:34,641 - AeroBrain - INFO - Detected: person (ID: 0, Conf: 0.72, Area: 1771)
2026-05-25 13:21:34,642 - AeroBrain - INFO - 🎯 TARGET (person) | YAW LEFT ⬅ | MOVE FORWARD ⬆⬆ | Area: 2349
2026-05-25 13:21:34,812 - AeroBrain - INFO - Detected: person (ID: 0, Conf: 0.74, Area: 2484)
2026-05-25 13:21:34,813 - AeroBrain - INFO - Detected: person (ID: 0, Conf: 0.73, Area: 2050)
2026-05-25 13:21:34,813 - AeroBrain - INFO - Detected: person (ID: 0, Conf: 0.62, Area: 1932)
2026-05-25 13:21:34,813 - AeroBrain - INFO - Detected: person (ID: 0, Conf: 0.61, Area: 1610)
2026-05-25 13:21:34,815 - AeroBrain - INFO - 🎯 TARGET (person) | YAW LEFT ⬅ | MOVE FORWARD ⬆⬆ | Area: 2484
2026-05-25 13:21:34,958 - AeroBrain - INFO - Detected: person (ID: 0, Conf: 0.80, Area: 2490)
2026-05-25 13:21:34,958 - AeroBrain - INFO - Detected: person (ID: 0, Conf: 0.79, Area: 2088)
2026-05-25 13:21:34,959 - AeroBrain - INFO - Detected: person (ID: 0, Conf: 0.78, Area: 2852)
2026-05-25 13:21:34,959 - AeroBrain - INFO - Detected: person (ID: 0, Conf: 0.59, Area: 1587)
2026-05-25 13:21:34,961 - AeroBrain - INFO - 🎯 TARGET (person) | YAW LEFT ⬅ | MOVE FORWARD ⬆⬆ | Area: 2852
2026-05-25 13:21:35,131 - AeroBrain - INFO - Detected: person (ID: 0, Conf: 0.78, Area: 2813)
2026-05-25 13:21:35,132 - AeroBrain - INFO - Detected: person (ID: 0, Conf: 0.77, Area: 1800)
2026-05-25 13:21:35,132 - AeroBrain - INFO - Detected: person (ID: 0, Conf: 0.69, Area: 1610)
2026-05-25 13:21:35,132 - AeroBrain - INFO - Detected: person (ID: 0, Conf: 0.44, Area: 1558)
2026-05-25 13:21:35,134 - AeroBrain - INFO - 🎯 TARGET (person) | YAW LEFT ⬅ | MOVE FORWARD ⬆⬆ | Area: 2813
2026-05-25 13:21:35,301 - AeroBrain - INFO - Detected: person (ID: 0, Conf: 0.75, Area: 2190)
2026-05-25 13:21:35,302 - AeroBrain - INFO - Detected: person (ID: 0, Conf: 0.72, Area: 3264)
2026-05-25 13:21:35,302 - AeroBrain - INFO - Detected: person (ID: 0, Conf: 0.71, Area: 1755)
2026-05-25 13:21:35,302 - AeroBrain - INFO - Detected: person (ID: 0, Conf: 0.51, Area: 2116)
2026-05-25 13:21:35,304 - AeroBrain - INFO - 🎯 TARGET (person) | YAW LEFT ⬅ | MOVE FORWARD ⬆⬆ | Area: 3264
2026-05-25 13:21:35,444 - AeroBrain - INFO - Detected: person (ID: 0, Conf: 0.82, Area: 2294)
2026-05-25 13:21:35,444 - AeroBrain - INFO - Detected: person (ID: 0, Conf: 0.75, Area: 2225)
2026-05-25 13:21:35,445 - AeroBrain - INFO - Detected: person (ID: 0, Conf: 0.72, Area: 1536)
2026-05-25 13:21:35,446 - AeroBrain - INFO - Detected: person (ID: 0, Conf: 0.60, Area: 3196)
2026-05-25 13:21:35,446 - AeroBrain - INFO - Detected: person (ID: 0, Conf: 0.60, Area: 846)
2026-05-25 13:21:35,448 - AeroBrain - INFO - 🎯 TARGET (person) | YAW LEFT ⬅ | MOVE FORWARD ⬆⬆ | Area: 3196
2026-05-25 13:21:35,591 - AeroBrain - INFO - Detected: person (ID: 0, Conf: 0.85, Area: 3196)
2026-05-25 13:21:35,591 - AeroBrain - INFO - Detected: person (ID: 0, Conf: 0.66, Area: 1875)
2026-05-25 13:21:35,592 - AeroBrain - INFO - Detected: person (ID: 0, Conf: 0.65, Area: 2093)
2026-05-25 13:21:35,592 - AeroBrain - INFO - Detected: person (ID: 0, Conf: 0.61, Area: 1472)
2026-05-25 13:21:35,592 - AeroBrain - INFO - Detected: person (ID: 0, Conf: 0.51, Area: 702)
2026-05-25 13:21:35,594 - AeroBrain - INFO - 🎯 TARGET (person) | YAW LEFT ⬅ | MOVE FORWARD ⬆⬆ | Area: 3196
2026-05-25 13:21:35,733 - AeroBrain - INFO - Detected: person (ID: 0, Conf: 0.79, Area: 3400)
2026-05-25 13:21:35,734 - AeroBrain - INFO - Detected: person (ID: 0, Conf: 0.77, Area: 2626)
2026-05-25 13:21:35,735 - AeroBrain - INFO - Detected: person (ID: 0, Conf: 0.70, Area: 1738)
2026-05-25 13:21:35,735 - AeroBrain - INFO - Detected: person (ID: 0, Conf: 0.67, Area: 1550)
2026-05-25 13:21:35,737 - AeroBrain - INFO - 🎯 TARGET (person) | CENTERED = | MOVE FORWARD ⬆⬆ | Area: 3400
2026-05-25 13:21:35,916 - AeroBrain - INFO - Detected: person (ID: 0, Conf: 0.81, Area: 2862)
2026-05-25 13:21:35,916 - AeroBrain - INFO - Detected: person (ID: 0, Conf: 0.71, Area: 1180)
2026-05-25 13:21:35,917 - AeroBrain - INFO - Detected: person (ID: 0, Conf: 0.64, Area: 3100)
2026-05-25 13:21:35,917 - AeroBrain - INFO - Detected: person (ID: 0, Conf: 0.42, Area: 2184)
2026-05-25 13:21:35,919 - AeroBrain - INFO - 🎯 TARGET (person) | YAW LEFT ⬅ | MOVE FORWARD ⬆⬆ | Area: 3100
2026-05-25 13:21:36,087 - AeroBrain - INFO - Detected: person (ID: 0, Conf: 0.79, Area: 3680)
2026-05-25 13:21:36,088 - AeroBrain - INFO - Detected: person (ID: 0, Conf: 0.75, Area: 3150)
2026-05-25 13:21:36,088 - AeroBrain - INFO - Detected: person (ID: 0, Conf: 0.68, Area: 1449)
2026-05-25 13:21:36,090 - AeroBrain - INFO - 🎯 TARGET (person) | CENTERED = | MOVE FORWARD ⬆⬆ | Area: 3680
2026-05-25 13:21:36,233 - AeroBrain - INFO - Detected: person (ID: 0, Conf: 0.78, Area: 5160)
2026-05-25 13:21:36,233 - AeroBrain - INFO - Detected: person (ID: 0, Conf: 0.71, Area: 3780)
2026-05-25 13:21:36,233 - AeroBrain - INFO - Detected: person (ID: 0, Conf: 0.60, Area: 1037)
2026-05-25 13:21:36,234 - AeroBrain - INFO - Detected: person (ID: 0, Conf: 0.51, Area: 416)
2026-05-25 13:21:36,235 - AeroBrain - INFO - 🎯 TARGET (person) | CENTERED = | MOVE FORWARD ⬆⬆ | Area: 5160
2026-05-25 13:21:36,406 - AeroBrain - INFO - Detected: person (ID: 0, Conf: 0.79, Area: 5334)
2026-05-25 13:21:36,407 - AeroBrain - INFO - Detected: person (ID: 0, Conf: 0.74, Area: 3564)
2026-05-25 13:21:36,407 - AeroBrain - INFO - Detected: person (ID: 0, Conf: 0.53, Area: 2392)
2026-05-25 13:21:36,407 - AeroBrain - INFO - Detected: person (ID: 0, Conf: 0.47, Area: 1188)
2026-05-25 13:21:36,408 - AeroBrain - INFO - Detected: person (ID: 0, Conf: 0.46, Area: 1224)
2026-05-25 13:21:36,410 - AeroBrain - INFO - 🎯 TARGET (person) | YAW RIGHT ➔ | MOVE FORWARD ⬆⬆ | Area: 5334
2026-05-25 13:21:36,582 - AeroBrain - INFO - Detected: person (ID: 0, Conf: 0.83, Area: 4480)
2026-05-25 13:21:36,583 - AeroBrain - INFO - Detected: person (ID: 0, Conf: 0.76, Area: 3306)
2026-05-25 13:21:36,583 - AeroBrain - INFO - Detected: person (ID: 0, Conf: 0.61, Area: 2352)
2026-05-25 13:21:36,585 - AeroBrain - INFO - 🎯 TARGET (person) | YAW RIGHT ➔ | MOVE FORWARD ⬆⬆ | Area: 4480
2026-05-25 13:21:36,725 - AeroBrain - INFO - Detected: person (ID: 0, Conf: 0.84, Area: 8532)
2026-05-25 13:21:36,725 - AeroBrain - INFO - Detected: person (ID: 0, Conf: 0.81, Area: 3729)
2026-05-25 13:21:36,726 - AeroBrain - INFO - Detected: person (ID: 0, Conf: 0.77, Area: 3103)
2026-05-25 13:21:36,728 - AeroBrain - INFO - 🎯 TARGET (person) | YAW RIGHT ➔ | MOVE FORWARD ⬆⬆ | Area: 8532
2026-05-25 13:21:36,908 - AeroBrain - INFO - Detected: person (ID: 0, Conf: 0.86, Area: 11616)
2026-05-25 13:21:36,909 - AeroBrain - INFO - Detected: person (ID: 0, Conf: 0.82, Area: 4641)
2026-05-25 13:21:36,909 - AeroBrain - INFO - Detected: person (ID: 0, Conf: 0.72, Area: 3584)
2026-05-25 13:21:36,911 - AeroBrain - INFO - 🎯 TARGET (person) | YAW RIGHT ➔ | MOVE FORWARD ⬆⬆ | Area: 11616
2026-05-25 13:21:37,084 - AeroBrain - INFO - Detected: person (ID: 0, Conf: 0.85, Area: 5330)
2026-05-25 13:21:37,085 - AeroBrain - INFO - Detected: person (ID: 0, Conf: 0.80, Area: 11328)
2026-05-25 13:21:37,085 - AeroBrain - INFO - Detected: person (ID: 0, Conf: 0.79, Area: 3451)
2026-05-25 13:21:37,085 - AeroBrain - INFO - Detected: person (ID: 0, Conf: 0.72, Area: 1992)
2026-05-25 13:21:37,087 - AeroBrain - INFO - 🎯 TARGET (person) | YAW RIGHT ➔ | MOVE FORWARD ⬆⬆ | Area: 11328
2026-05-25 13:21:37,226 - AeroBrain - INFO - Detected: person (ID: 0, Conf: 0.89, Area: 5888)
2026-05-25 13:21:37,227 - AeroBrain - INFO - Detected: person (ID: 0, Conf: 0.86, Area: 5226)
2026-05-25 13:21:37,227 - AeroBrain - INFO - Detected: person (ID: 0, Conf: 0.82, Area: 9614)
2026-05-25 13:21:37,227 - AeroBrain - INFO - Detected: person (ID: 0, Conf: 0.80, Area: 2752)
2026-05-25 13:21:37,230 - AeroBrain - INFO - 🎯 TARGET (person) | YAW RIGHT ➔ | MOVE FORWARD ⬆⬆ | Area: 9614
2026-05-25 13:21:37,399 - AeroBrain - INFO - Detected: person (ID: 0, Conf: 0.89, Area: 21762)
2026-05-25 13:21:37,399 - AeroBrain - INFO - Detected: person (ID: 0, Conf: 0.87, Area: 3515)
2026-05-25 13:21:37,400 - AeroBrain - INFO - Detected: person (ID: 0, Conf: 0.85, Area: 6533)
2026-05-25 13:21:37,400 - AeroBrain - INFO - Detected: person (ID: 0, Conf: 0.84, Area: 5480)
2026-05-25 13:21:37,402 - AeroBrain - INFO - 🎯 TARGET (person) | YAW RIGHT ➔ | MOVE FORWARD ⬆⬆ | Area: 21762
2026-05-25 13:21:37,567 - AeroBrain - INFO - Detected: person (ID: 0, Conf: 0.90, Area: 28013)
2026-05-25 13:21:37,571 - AeroBrain - INFO - Detected: person (ID: 0, Conf: 0.87, Area: 7392)
2026-05-25 13:21:37,571 - AeroBrain - INFO - Detected: person (ID: 0, Conf: 0.84, Area: 5460)
2026-05-25 13:21:37,572 - AeroBrain - INFO - Detected: person (ID: 0, Conf: 0.49, Area: 1856)
2026-05-25 13:21:37,573 - AeroBrain - INFO - 🎯 TARGET (person) | YAW RIGHT ➔ | MOVE FORWARD ⬆⬆ | Area: 28013
2026-05-25 13:21:37,714 - AeroBrain - INFO - Detected: person (ID: 0, Conf: 0.88, Area: 16008)
2026-05-25 13:21:37,715 - AeroBrain - INFO - Detected: person (ID: 0, Conf: 0.87, Area: 9628)
2026-05-25 13:21:37,715 - AeroBrain - INFO - Detected: person (ID: 0, Conf: 0.81, Area: 3900)
2026-05-25 13:21:37,717 - AeroBrain - INFO - 🎯 TARGET (person) | YAW RIGHT ➔ | MOVE FORWARD ⬆⬆ | Area: 16008
2026-05-25 13:21:37,883 - AeroBrain - INFO - Detected: person (ID: 0, Conf: 0.88, Area: 13041)
2026-05-25 13:21:37,885 - AeroBrain - INFO - 🎯 TARGET (person) | CENTERED = | MOVE FORWARD ⬆⬆ | Area: 13041
2026-05-25 13:21:38,051 - AeroBrain - INFO - Detected: person (ID: 0, Conf: 0.87, Area: 11336)
2026-05-25 13:21:38,053 - AeroBrain - INFO - 🎯 TARGET (person) | YAW LEFT ⬅ | MOVE FORWARD ⬆⬆ | Area: 11336
2026-05-25 13:21:38,192 - AeroBrain - INFO - Detected: person (ID: 0, Conf: 0.85, Area: 21032)
2026-05-25 13:21:38,194 - AeroBrain - INFO - 🎯 TARGET (person) | YAW LEFT ⬅ | MOVE FORWARD ⬆⬆ | Area: 21032
2026-05-25 13:21:38,358 - AeroBrain - INFO - Detected: person (ID: 0, Conf: 0.88, Area: 28770)
2026-05-25 13:21:38,360 - AeroBrain - INFO - 🎯 TARGET (person) | YAW LEFT ⬅ | MOVE FORWARD ⬆⬆ | Area: 28770
2026-05-25 13:21:38,500 - AeroBrain - INFO - Detected: person (ID: 0, Conf: 0.84, Area: 20352)
2026-05-25 13:21:38,502 - AeroBrain - INFO - 🎯 TARGET (person) | YAW LEFT ⬅ | MOVE FORWARD ⬆⬆ | Area: 20352
2026-05-25 13:21:38,674 - AeroBrain - INFO - Detected: person (ID: 0, Conf: 0.88, Area: 49476)
2026-05-25 13:21:38,676 - AeroBrain - INFO - 🎯 TARGET (person) | YAW LEFT ⬅ | HOLD DISTANCE = | Area: 49476
2026-05-25 13:21:38,844 - AeroBrain - INFO - Detected: person (ID: 0, Conf: 0.90, Area: 76284)
2026-05-25 13:21:38,846 - AeroBrain - INFO - 🎯 TARGET (person) | YAW LEFT ⬅ | HOLD DISTANCE = | Area: 76284
2026-05-25 13:21:38,984 - AeroBrain - INFO - Detected: person (ID: 0, Conf: 0.88, Area: 59944)
2026-05-25 13:21:38,986 - AeroBrain - INFO - 🎯 TARGET (person) | YAW LEFT ⬅ | HOLD DISTANCE = | Area: 59944
2026-05-25 13:21:39,156 - AeroBrain - INFO - Detected: person (ID: 0, Conf: 0.89, Area: 95877)
2026-05-25 13:21:39,158 - AeroBrain - INFO - 🎯 TARGET (person) | CENTERED = | MOVE BACKWARD ⬇ | Area: 95877
2026-05-25 13:21:39,325 - AeroBrain - INFO - Detected: person (ID: 0, Conf: 0.86, Area: 131652)
2026-05-25 13:21:39,328 - AeroBrain - INFO - 🎯 TARGET (person) | YAW RIGHT ➔ | MOVE BACKWARD ⬇ | Area: 131652
2026-05-25 13:21:39,468 - AeroBrain - INFO - Detected: person (ID: 0, Conf: 0.67, Area: 56404)
2026-05-25 13:21:39,470 - AeroBrain - INFO - 🎯 TARGET (person) | YAW RIGHT ➔ | HOLD DISTANCE = | Area: 56404
2026-05-25 13:21:39,635 - AeroBrain - INFO - 🔄 PATROL: ROTATING (1%)
2026-05-25 13:21:39,805 - AeroBrain - INFO - 🔄 PATROL: ROTATING (2%)
2026-05-25 13:21:39,944 - AeroBrain - INFO - 🔄 PATROL: ROTATING (3%)
2026-05-25 13:21:40,111 - AeroBrain - INFO - 🔄 PATROL: ROTATING (5%)
2026-05-25 13:21:40,256 - AeroBrain - INFO - 🔄 PATROL: ROTATING (6%)
2026-05-25 13:21:40,422 - AeroBrain - INFO - 🔄 PATROL: ROTATING (7%)
2026-05-25 13:21:40,588 - AeroBrain - INFO - 🔄 PATROL: ROTATING (9%)
2026-05-25 13:21:40,734 - AeroBrain - INFO - 🔄 PATROL: ROTATING (10%)
2026-05-25 13:21:40,920 - AeroBrain - INFO - 🔄 PATROL: ROTATING (12%)
2026-05-25 13:21:41,061 - AeroBrain - INFO - 🔄 PATROL: ROTATING (13%)
2026-05-25 13:21:41,207 - AeroBrain - INFO - 🔄 PATROL: ROTATING (14%)
2026-05-25 13:21:41,385 - AeroBrain - INFO - 🔄 PATROL: ROTATING (15%)
2026-05-25 13:21:41,537 - AeroBrain - INFO - 🔄 PATROL: ROTATING (17%)
2026-05-25 13:21:41,691 - AeroBrain - INFO - 🔄 PATROL: ROTATING (18%)
2026-05-25 13:21:41,885 - AeroBrain - INFO - Detected: bench (ID: 13, Conf: 0.60, Area: 2904)
2026-05-25 13:21:41,887 - AeroBrain - INFO - 🎯 TARGET (bench) | YAW RIGHT ➔ | MOVE FORWARD ⬆⬆ | Area: 2904
2026-05-25 13:21:42,066 - AeroBrain - INFO - Detected: bench (ID: 13, Conf: 0.66, Area: 2604)
2026-05-25 13:21:42,068 - AeroBrain - INFO - 🎯 TARGET (bench) | YAW RIGHT ➔ | MOVE FORWARD ⬆⬆ | Area: 2604
2026-05-25 13:21:42,222 - AeroBrain - INFO - Detected: person (ID: 0, Conf: 0.77, Area: 47613)
2026-05-25 13:21:42,222 - AeroBrain - INFO - Detected: bench (ID: 13, Conf: 0.70, Area: 2405)
2026-05-25 13:21:42,225 - AeroBrain - INFO - 🎯 TARGET (person) | YAW LEFT ⬅ | HOLD DISTANCE = | Area: 47613
2026-05-25 13:21:42,404 - AeroBrain - INFO - Detected: bench (ID: 13, Conf: 0.46, Area: 2196)
2026-05-25 13:21:42,406 - AeroBrain - INFO - 🎯 TARGET (bench) | YAW RIGHT ➔ | MOVE FORWARD ⬆⬆ | Area: 2196
2026-05-25 13:21:42,551 - AeroBrain - INFO - Detected: person (ID: 0, Conf: 0.71, Area: 63650)
2026-05-25 13:21:42,556 - AeroBrain - INFO - 🎯 TARGET (person) | YAW RIGHT ➔ | HOLD DISTANCE = | Area: 63650
2026-05-25 13:21:42,697 - AeroBrain - INFO - Detected: bench (ID: 13, Conf: 0.75, Area: 2280)
2026-05-25 13:21:42,700 - AeroBrain - INFO - 🎯 TARGET (bench) | YAW RIGHT ➔ | MOVE FORWARD ⬆⬆ | Area: 2280
2026-05-25 13:21:42,876 - AeroBrain - INFO - Detected: bench (ID: 13, Conf: 0.55, Area: 1995)
2026-05-25 13:21:42,880 - AeroBrain - INFO - 🎯 TARGET (bench) | YAW RIGHT ➔ | MOVE FORWARD ⬆⬆ | Area: 1995
2026-05-25 13:21:43,022 - AeroBrain - INFO - Detected: bench (ID: 13, Conf: 0.57, Area: 2090)
2026-05-25 13:21:43,023 - AeroBrain - INFO - Detected: person (ID: 0, Conf: 0.50, Area: 1710)
2026-05-25 13:21:43,025 - AeroBrain - INFO - 🎯 TARGET (bench) | YAW RIGHT ➔ | MOVE FORWARD ⬆⬆ | Area: 2090
2026-05-25 13:21:43,170 - AeroBrain - INFO - Detected: person (ID: 0, Conf: 0.58, Area: 1472)
2026-05-25 13:21:43,170 - AeroBrain - INFO - Detected: bench (ID: 13, Conf: 0.53, Area: 2128)
2026-05-25 13:21:43,171 - AeroBrain - INFO - 🎯 TARGET (bench) | YAW RIGHT ➔ | MOVE FORWARD ⬆⬆ | Area: 2128
2026-05-25 13:21:43,338 - AeroBrain - INFO - Detected: person (ID: 0, Conf: 0.77, Area: 2268)
2026-05-25 13:21:43,342 - AeroBrain - INFO - 🎯 TARGET (person) | YAW RIGHT ➔ | MOVE FORWARD ⬆⬆ | Area: 2268
2026-05-25 13:21:43,480 - AeroBrain - INFO - Detected: person (ID: 0, Conf: 0.70, Area: 2324)
2026-05-25 13:21:43,482 - AeroBrain - INFO - 🎯 TARGET (person) | YAW RIGHT ➔ | MOVE FORWARD ⬆⬆ | Area: 2324
2026-05-25 13:21:43,652 - AeroBrain - INFO - Detected: person (ID: 0, Conf: 0.77, Area: 1875)
2026-05-25 13:21:43,654 - AeroBrain - INFO - 🎯 TARGET (person) | YAW RIGHT ➔ | MOVE FORWARD ⬆⬆ | Area: 1875
2026-05-25 13:21:43,826 - AeroBrain - INFO - Detected: person (ID: 0, Conf: 0.65, Area: 1512)
2026-05-25 13:21:43,828 - AeroBrain - INFO - 🎯 TARGET (person) | YAW RIGHT ➔ | MOVE FORWARD ⬆⬆ | Area: 1512
2026-05-25 13:21:43,963 - AeroBrain - INFO - Detected: person (ID: 0, Conf: 0.60, Area: 1449)
2026-05-25 13:21:43,965 - AeroBrain - INFO - 🎯 TARGET (person) | YAW RIGHT ➔ | MOVE FORWARD ⬆⬆ | Area: 1449
2026-05-25 13:21:44,130 - AeroBrain - INFO - Detected: person (ID: 0, Conf: 0.78, Area: 1587)
2026-05-25 13:21:44,132 - AeroBrain - INFO - 🎯 TARGET (person) | YAW RIGHT ➔ | MOVE FORWARD ⬆⬆ | Area: 1587
2026-05-25 13:21:44,298 - AeroBrain - INFO - Detected: person (ID: 0, Conf: 0.62, Area: 1280)
2026-05-25 13:21:44,300 - AeroBrain - INFO - 🎯 TARGET (person) | YAW RIGHT ➔ | MOVE FORWARD ⬆⬆ | Area: 1280
2026-05-25 13:21:44,438 - AeroBrain - INFO - Detected: person (ID: 0, Conf: 0.61, Area: 1026)
2026-05-25 13:21:44,440 - AeroBrain - INFO - 🎯 TARGET (person) | YAW RIGHT ➔ | MOVE FORWARD ⬆⬆ | Area: 1026
2026-05-25 13:21:44,605 - AeroBrain - INFO - Detected: person (ID: 0, Conf: 0.59, Area: 1300)
2026-05-25 13:21:44,606 - AeroBrain - INFO - Detected: person (ID: 0, Conf: 0.57, Area: 390)
2026-05-25 13:21:44,608 - AeroBrain - INFO - 🎯 TARGET (person) | YAW RIGHT ➔ | MOVE FORWARD ⬆⬆ | Area: 1300
2026-05-25 13:21:44,750 - AeroBrain - INFO - Detected: person (ID: 0, Conf: 0.55, Area: 1026)
2026-05-25 13:21:44,751 - AeroBrain - INFO - 🎯 TARGET (person) | YAW RIGHT ➔ | MOVE FORWARD ⬆⬆ | Area: 1026
2026-05-25 13:21:44,921 - AeroBrain - INFO - Detected: person (ID: 0, Conf: 0.65, Area: 1159)
2026-05-25 13:21:44,923 - AeroBrain - INFO - 🎯 TARGET (person) | YAW RIGHT ➔ | MOVE FORWARD ⬆⬆ | Area: 1159
2026-05-25 13:21:45,080 - AeroBrain - INFO - Detected: person (ID: 0, Conf: 0.71, Area: 986)
2026-05-25 13:21:45,081 - AeroBrain - INFO - Detected: person (ID: 0, Conf: 0.51, Area: 468)
2026-05-25 13:21:45,082 - AeroBrain - INFO - 🎯 TARGET (person) | YAW RIGHT ➔ | MOVE FORWARD ⬆⬆ | Area: 986
2026-05-25 13:21:45,223 - AeroBrain - INFO - Detected: person (ID: 0, Conf: 0.60, Area: 935)
2026-05-25 13:21:45,223 - AeroBrain - INFO - Detected: person (ID: 0, Conf: 0.45, Area: 481)
2026-05-25 13:21:45,225 - AeroBrain - INFO - 🎯 TARGET (person) | YAW RIGHT ➔ | MOVE FORWARD ⬆⬆ | Area: 935
2026-05-25 13:21:45,391 - AeroBrain - INFO - Detected: person (ID: 0, Conf: 0.58, Area: 768)
2026-05-25 13:21:45,394 - AeroBrain - INFO - 🎯 TARGET (person) | YAW RIGHT ➔ | MOVE FORWARD ⬆⬆ | Area: 768
2026-05-25 13:21:45,552 - AeroBrain - INFO - Detected: person (ID: 0, Conf: 0.59, Area: 832)
2026-05-25 13:21:45,553 - AeroBrain - INFO - Detected: bench (ID: 13, Conf: 0.52, Area: 2538)
2026-05-25 13:21:45,553 - AeroBrain - INFO - Detected: person (ID: 0, Conf: 0.42, Area: 416)
2026-05-25 13:21:45,555 - AeroBrain - INFO - 🎯 TARGET (bench) | CENTERED = | MOVE FORWARD ⬆⬆ | Area: 2538
2026-05-25 13:21:45,692 - AeroBrain - INFO - Detected: person (ID: 0, Conf: 0.47, Area: 384)
2026-05-25 13:21:45,694 - AeroBrain - INFO - 🎯 TARGET (person) | YAW RIGHT ➔ | MOVE FORWARD ⬆⬆ | Area: 384
2026-05-25 13:21:45,854 - AeroBrain - INFO - Detected: person (ID: 0, Conf: 0.48, Area: 546)
2026-05-25 13:21:45,854 - AeroBrain - INFO - Detected: person (ID: 0, Conf: 0.42, Area: 602)
2026-05-25 13:21:45,856 - AeroBrain - INFO - 🎯 TARGET (person) | YAW RIGHT ➔ | MOVE FORWARD ⬆⬆ | Area: 602
2026-05-25 13:21:46,015 - AeroBrain - INFO - Detected: person (ID: 0, Conf: 0.62, Area: 731)
2026-05-25 13:21:46,016 - AeroBrain - INFO - Detected: bench (ID: 13, Conf: 0.55, Area: 3286)
2026-05-25 13:21:46,016 - AeroBrain - INFO - Detected: person (ID: 0, Conf: 0.55, Area: 602)
2026-05-25 13:21:46,018 - AeroBrain - INFO - 🎯 TARGET (bench) | CENTERED = | MOVE FORWARD ⬆⬆ | Area: 3286
2026-05-25 13:21:46,191 - AeroBrain - INFO - Detected: person (ID: 0, Conf: 0.55, Area: 690)
2026-05-25 13:21:46,192 - AeroBrain - INFO - Detected: person (ID: 0, Conf: 0.55, Area: 704)
2026-05-25 13:21:46,194 - AeroBrain - INFO - 🎯 TARGET (person) | YAW RIGHT ➔ | MOVE FORWARD ⬆⬆ | Area: 704
2026-05-25 13:21:46,344 - AeroBrain - INFO - Detected: person (ID: 0, Conf: 0.69, Area: 720)
2026-05-25 13:21:46,344 - AeroBrain - INFO - Detected: person (ID: 0, Conf: 0.61, Area: 864)
2026-05-25 13:21:46,347 - AeroBrain - INFO - 🎯 TARGET (person) | YAW RIGHT ➔ | MOVE FORWARD ⬆⬆ | Area: 864
2026-05-25 13:21:46,482 - AeroBrain - INFO - Detected: person (ID: 0, Conf: 0.64, Area: 855)
2026-05-25 13:21:46,482 - AeroBrain - INFO - Detected: person (ID: 0, Conf: 0.56, Area: 1113)
2026-05-25 13:21:46,483 - AeroBrain - INFO - Detected: bench (ID: 13, Conf: 0.45, Area: 4088)
2026-05-25 13:21:46,485 - AeroBrain - INFO - 🎯 TARGET (bench) | CENTERED = | MOVE FORWARD ⬆⬆ | Area: 4088
2026-05-25 13:21:46,650 - AeroBrain - INFO - Detected: person (ID: 0, Conf: 0.51, Area: 1392)
2026-05-25 13:21:46,652 - AeroBrain - INFO - 🎯 TARGET (person) | YAW RIGHT ➔ | MOVE FORWARD ⬆⬆ | Area: 1392
2026-05-25 13:21:46,814 - AeroBrain - INFO - Detected: bench (ID: 13, Conf: 0.57, Area: 6461)
2026-05-25 13:21:46,814 - AeroBrain - INFO - Detected: person (ID: 0, Conf: 0.57, Area: 2275)
2026-05-25 13:21:46,814 - AeroBrain - INFO - Detected: person (ID: 0, Conf: 0.51, Area: 784)
2026-05-25 13:21:46,816 - AeroBrain - INFO - 🎯 TARGET (bench) | CENTERED = | MOVE FORWARD ⬆⬆ | Area: 6461
2026-05-25 13:21:46,960 - AeroBrain - INFO - Detected: person (ID: 0, Conf: 0.73, Area: 864)
2026-05-25 13:21:46,961 - AeroBrain - INFO - 🎯 TARGET (person) | CENTERED = | MOVE FORWARD ⬆⬆ | Area: 864
2026-05-25 13:21:47,189 - AeroBrain - INFO - Detected: person (ID: 0, Conf: 0.76, Area: 918)
2026-05-25 13:21:47,192 - AeroBrain - INFO - 🎯 TARGET (person) | CENTERED = | MOVE FORWARD ⬆⬆ | Area: 918
2026-05-25 13:21:47,358 - AeroBrain - INFO - Detected: person (ID: 0, Conf: 0.68, Area: 832)
2026-05-25 13:21:47,360 - AeroBrain - INFO - 🎯 TARGET (person) | CENTERED = | MOVE FORWARD ⬆⬆ | Area: 832
2026-05-25 13:21:47,494 - AeroBrain - INFO - Detected: person (ID: 0, Conf: 0.68, Area: 848)
2026-05-25 13:21:47,496 - AeroBrain - INFO - 🎯 TARGET (person) | CENTERED = | MOVE FORWARD ⬆⬆ | Area: 848
2026-05-25 13:21:47,664 - AeroBrain - INFO - Detected: person (ID: 0, Conf: 0.49, Area: 840)
2026-05-25 13:21:47,666 - AeroBrain - INFO - 🎯 TARGET (person) | CENTERED = | MOVE FORWARD ⬆⬆ | Area: 840
2026-05-25 13:21:47,832 - AeroBrain - INFO - Detected: bench (ID: 13, Conf: 0.56, Area: 18704)
2026-05-25 13:21:47,834 - AeroBrain - INFO - 🎯 TARGET (bench) | YAW LEFT ⬅ | MOVE FORWARD ⬆⬆ | Area: 18704
2026-05-25 13:21:47,971 - AeroBrain - INFO - Detected: person (ID: 0, Conf: 0.58, Area: 800)
2026-05-25 13:21:47,972 - AeroBrain - INFO - Detected: bench (ID: 13, Conf: 0.50, Area: 23936)
2026-05-25 13:21:47,973 - AeroBrain - INFO - 🎯 TARGET (bench) | YAW LEFT ⬅ | MOVE FORWARD ⬆⬆ | Area: 23936
2026-05-25 13:21:48,140 - AeroBrain - INFO - Detected: bench (ID: 13, Conf: 0.44, Area: 24805)
2026-05-25 13:21:48,142 - AeroBrain - INFO - 🎯 TARGET (bench) | YAW LEFT ⬅ | MOVE FORWARD ⬆⬆ | Area: 24805
2026-05-25 13:21:48,307 - AeroBrain - INFO - Detected: bench (ID: 13, Conf: 0.45, Area: 16302)
2026-05-25 13:21:48,307 - AeroBrain - INFO - Detected: person (ID: 0, Conf: 0.41, Area: 930)
2026-05-25 13:21:48,310 - AeroBrain - INFO - 🎯 TARGET (bench) | YAW LEFT ⬅ | MOVE FORWARD ⬆⬆ | Area: 16302
2026-05-25 13:21:48,450 - AeroBrain - INFO - Detected: person (ID: 0, Conf: 0.69, Area: 1216)
2026-05-25 13:21:48,451 - AeroBrain - INFO - Detected: bench (ID: 13, Conf: 0.48, Area: 24069)
2026-05-25 13:21:48,453 - AeroBrain - INFO - 🎯 TARGET (bench) | YAW LEFT ⬅ | MOVE FORWARD ⬆⬆ | Area: 24069
2026-05-25 13:21:48,611 - AeroBrain - INFO - Detected: bench (ID: 13, Conf: 0.73, Area: 42240)
2026-05-25 13:21:48,612 - AeroBrain - INFO - Detected: person (ID: 0, Conf: 0.61, Area: 1062)
2026-05-25 13:21:48,613 - AeroBrain - INFO - 🎯 TARGET (bench) | YAW LEFT ⬅ | HOLD DISTANCE = | Area: 42240
2026-05-25 13:21:48,781 - AeroBrain - INFO - Detected: person (ID: 0, Conf: 0.66, Area: 882)
2026-05-25 13:21:48,781 - AeroBrain - INFO - Detected: bench (ID: 13, Conf: 0.55, Area: 47025)
2026-05-25 13:21:48,782 - AeroBrain - INFO - Detected: bench (ID: 13, Conf: 0.53, Area: 31050)
2026-05-25 13:21:48,786 - AeroBrain - INFO - 🎯 TARGET (bench) | YAW LEFT ⬅ | HOLD DISTANCE = | Area: 47025
2026-05-25 13:21:48,923 - AeroBrain - INFO - Detected: bench (ID: 13, Conf: 0.62, Area: 31740)
2026-05-25 13:21:48,924 - AeroBrain - INFO - Detected: person (ID: 0, Conf: 0.62, Area: 848)
2026-05-25 13:21:48,925 - AeroBrain - INFO - 🎯 TARGET (bench) | YAW LEFT ⬅ | MOVE FORWARD ⬆⬆ | Area: 31740
2026-05-25 13:21:49,078 - AeroBrain - INFO - Detected: bench (ID: 13, Conf: 0.80, Area: 34748)
2026-05-25 13:21:49,078 - AeroBrain - INFO - Detected: person (ID: 0, Conf: 0.76, Area: 1280)
2026-05-25 13:21:49,080 - AeroBrain - INFO - 🎯 TARGET (bench) | YAW LEFT ⬅ | MOVE FORWARD ⬆⬆ | Area: 34748
2026-05-25 13:21:49,210 - AeroBrain - INFO - Detected: bench (ID: 13, Conf: 0.75, Area: 38637)
2026-05-25 13:21:49,211 - AeroBrain - INFO - Detected: person (ID: 0, Conf: 0.56, Area: 1449)
2026-05-25 13:21:49,213 - AeroBrain - INFO - 🎯 TARGET (bench) | YAW LEFT ⬅ | MOVE FORWARD ⬆⬆ | Area: 38637
2026-05-25 13:21:49,370 - AeroBrain - INFO - Detected: bench (ID: 13, Conf: 0.69, Area: 41583)
2026-05-25 13:21:49,370 - AeroBrain - INFO - Detected: person (ID: 0, Conf: 0.67, Area: 1430)
2026-05-25 13:21:49,372 - AeroBrain - INFO - 🎯 TARGET (bench) | YAW LEFT ⬅ | HOLD DISTANCE = | Area: 41583
2026-05-25 13:21:49,523 - AeroBrain - INFO - Detected: bench (ID: 13, Conf: 0.84, Area: 44781)
2026-05-25 13:21:49,525 - AeroBrain - INFO - 🎯 TARGET (bench) | YAW LEFT ⬅ | HOLD DISTANCE = | Area: 44781
2026-05-25 13:21:49,662 - AeroBrain - INFO - Detected: bench (ID: 13, Conf: 0.79, Area: 48174)
2026-05-25 13:21:49,662 - AeroBrain - INFO - Detected: person (ID: 0, Conf: 0.65, Area: 1440)
2026-05-25 13:21:49,664 - AeroBrain - INFO - 🎯 TARGET (bench) | YAW LEFT ⬅ | HOLD DISTANCE = | Area: 48174
2026-05-25 13:21:49,826 - AeroBrain - INFO - Detected: bench (ID: 13, Conf: 0.63, Area: 53200)
2026-05-25 13:21:49,827 - AeroBrain - INFO - Detected: person (ID: 0, Conf: 0.50, Area: 1365)
2026-05-25 13:21:49,828 - AeroBrain - INFO - 🎯 TARGET (bench) | YAW LEFT ⬅ | HOLD DISTANCE = | Area: 53200
2026-05-25 13:21:49,955 - AeroBrain - INFO - Detected: bench (ID: 13, Conf: 0.74, Area: 55414)
2026-05-25 13:21:49,955 - AeroBrain - INFO - Detected: person (ID: 0, Conf: 0.54, Area: 2370)
2026-05-25 13:21:49,957 - AeroBrain - INFO - 🎯 TARGET (bench) | YAW LEFT ⬅ | HOLD DISTANCE = | Area: 55414
2026-05-25 13:21:50,116 - AeroBrain - INFO - Detected: bench (ID: 13, Conf: 0.74, Area: 61771)
2026-05-25 13:21:50,117 - AeroBrain - INFO - Detected: person (ID: 0, Conf: 0.41, Area: 1239)
2026-05-25 13:21:50,118 - AeroBrain - INFO - 🎯 TARGET (bench) | YAW LEFT ⬅ | HOLD DISTANCE = | Area: 61771
2026-05-25 13:21:50,277 - AeroBrain - INFO - Detected: bench (ID: 13, Conf: 0.81, Area: 67592)
2026-05-25 13:21:50,277 - AeroBrain - INFO - Detected: person (ID: 0, Conf: 0.49, Area: 2000)
2026-05-25 13:21:50,279 - AeroBrain - INFO - 🎯 TARGET (bench) | YAW LEFT ⬅ | HOLD DISTANCE = | Area: 67592
2026-05-25 13:21:50,408 - AeroBrain - INFO - Detected: bench (ID: 13, Conf: 0.76, Area: 70227)
2026-05-25 13:21:50,408 - AeroBrain - INFO - Detected: person (ID: 0, Conf: 0.62, Area: 2125)
2026-05-25 13:21:50,411 - AeroBrain - INFO - 🎯 TARGET (bench) | YAW LEFT ⬅ | HOLD DISTANCE = | Area: 70227
2026-05-25 13:21:50,564 - AeroBrain - INFO - Detected: bench (ID: 13, Conf: 0.73, Area: 71928)
2026-05-25 13:21:50,565 - AeroBrain - INFO - Detected: person (ID: 0, Conf: 0.42, Area: 1530)
2026-05-25 13:21:50,566 - AeroBrain - INFO - 🎯 TARGET (bench) | YAW LEFT ⬅ | HOLD DISTANCE = | Area: 71928
2026-05-25 13:21:50,691 - AeroBrain - INFO - Detected: bench (ID: 13, Conf: 0.58, Area: 78780)
2026-05-25 13:21:50,693 - AeroBrain - INFO - 🎯 TARGET (bench) | YAW LEFT ⬅ | HOLD DISTANCE = | Area: 78780
2026-05-25 13:21:50,845 - AeroBrain - INFO - Detected: bench (ID: 13, Conf: 0.74, Area: 82319)
2026-05-25 13:21:50,846 - AeroBrain - INFO - 🎯 TARGET (bench) | YAW LEFT ⬅ | HOLD DISTANCE = | Area: 82319
2026-05-25 13:21:50,971 - AeroBrain - INFO - Detected: bench (ID: 13, Conf: 0.52, Area: 88000)
2026-05-25 13:21:50,974 - AeroBrain - INFO - 🎯 TARGET (bench) | YAW LEFT ⬅ | HOLD DISTANCE = | Area: 88000
2026-05-25 13:21:51,127 - AeroBrain - INFO - Detected: bench (ID: 13, Conf: 0.81, Area: 95284)
2026-05-25 13:21:51,129 - AeroBrain - INFO - 🎯 TARGET (bench) | YAW LEFT ⬅ | MOVE BACKWARD ⬇ | Area: 95284
2026-05-25 13:21:51,281 - AeroBrain - INFO - Detected: bench (ID: 13, Conf: 0.58, Area: 106020)
2026-05-25 13:21:51,282 - AeroBrain - INFO - 🎯 TARGET (bench) | YAW LEFT ⬅ | MOVE BACKWARD ⬇ | Area: 106020
2026-05-25 13:21:51,436 - AeroBrain - INFO - Detected: bench (ID: 13, Conf: 0.82, Area: 112572)
2026-05-25 13:21:51,437 - AeroBrain - INFO - 🎯 TARGET (bench) | YAW LEFT ⬅ | MOVE BACKWARD ⬇ | Area: 112572
2026-05-25 13:21:51,587 - AeroBrain - INFO - Detected: bench (ID: 13, Conf: 0.86, Area: 112545)
2026-05-25 13:21:51,590 - AeroBrain - INFO - 🎯 TARGET (bench) | YAW LEFT ⬅ | MOVE BACKWARD ⬇ | Area: 112545
2026-05-25 13:21:51,710 - AeroBrain - INFO - Detected: bench (ID: 13, Conf: 0.86, Area: 113022)
2026-05-25 13:21:51,713 - AeroBrain - INFO - 🎯 TARGET (bench) | YAW LEFT ⬅ | MOVE BACKWARD ⬇ | Area: 113022
2026-05-25 13:21:51,873 - AeroBrain - INFO - Detected: bench (ID: 13, Conf: 0.84, Area: 116721)
2026-05-25 13:21:51,873 - AeroBrain - INFO - Detected: person (ID: 0, Conf: 0.54, Area: 5562)
2026-05-25 13:21:51,875 - AeroBrain - INFO - 🎯 TARGET (bench) | YAW LEFT ⬅ | MOVE BACKWARD ⬇ | Area: 116721
2026-05-25 13:21:52,025 - AeroBrain - INFO - Detected: bench (ID: 13, Conf: 0.83, Area: 123216)
2026-05-25 13:21:52,027 - AeroBrain - INFO - 🎯 TARGET (bench) | YAW LEFT ⬅ | MOVE BACKWARD ⬇ | Area: 123216
2026-05-25 13:21:52,151 - AeroBrain - INFO - Detected: bench (ID: 13, Conf: 0.84, Area: 127490)
2026-05-25 13:21:52,153 - AeroBrain - INFO - 🎯 TARGET (bench) | YAW LEFT ⬅ | MOVE BACKWARD ⬇ | Area: 127490
2026-05-25 13:21:52,309 - AeroBrain - INFO - Detected: bench (ID: 13, Conf: 0.71, Area: 126555)
2026-05-25 13:21:52,311 - AeroBrain - INFO - 🎯 TARGET (bench) | YAW LEFT ⬅ | MOVE BACKWARD ⬇ | Area: 126555
2026-05-25 13:21:52,463 - AeroBrain - INFO - Detected: bench (ID: 13, Conf: 0.61, Area: 133484)
2026-05-25 13:21:52,465 - AeroBrain - INFO - 🎯 TARGET (bench) | YAW LEFT ⬅ | MOVE BACKWARD ⬇ | Area: 133484
2026-05-25 13:21:52,615 - AeroBrain - INFO - Detected: bench (ID: 13, Conf: 0.77, Area: 121030)
2026-05-25 13:21:52,616 - AeroBrain - INFO - 🎯 TARGET (bench) | YAW LEFT ⬅ | MOVE BACKWARD ⬇ | Area: 121030
2026-05-25 13:21:52,765 - AeroBrain - INFO - Detected: bench (ID: 13, Conf: 0.50, Area: 113014)
2026-05-25 13:21:52,767 - AeroBrain - INFO - 🎯 TARGET (bench) | YAW LEFT ⬅ | MOVE BACKWARD ⬇ | Area: 113014
2026-05-25 13:21:52,917 - AeroBrain - INFO - Detected: bench (ID: 13, Conf: 0.65, Area: 113044)
2026-05-25 13:21:52,919 - AeroBrain - INFO - 🎯 TARGET (bench) | YAW LEFT ⬅ | MOVE BACKWARD ⬇ | Area: 113044
2026-05-25 13:21:53,072 - AeroBrain - INFO - Detected: bench (ID: 13, Conf: 0.48, Area: 98107)
2026-05-25 13:21:53,074 - AeroBrain - INFO - 🎯 TARGET (bench) | YAW LEFT ⬅ | MOVE BACKWARD ⬇ | Area: 98107
2026-05-25 13:21:53,199 - AeroBrain - INFO - Detected: bench (ID: 13, Conf: 0.59, Area: 97500)
2026-05-25 13:21:53,200 - AeroBrain - INFO - 🎯 TARGET (bench) | YAW LEFT ⬅ | MOVE BACKWARD ⬇ | Area: 97500
2026-05-25 13:21:53,349 - AeroBrain - INFO - Detected: bench (ID: 13, Conf: 0.44, Area: 131064)
2026-05-25 13:21:53,351 - AeroBrain - INFO - 🎯 TARGET (bench) | YAW LEFT ⬅ | MOVE BACKWARD ⬇ | Area: 131064
2026-05-25 13:21:53,479 - AeroBrain - INFO - Detected: bench (ID: 13, Conf: 0.59, Area: 131022)
2026-05-25 13:21:53,481 - AeroBrain - INFO - 🎯 TARGET (bench) | YAW LEFT ⬅ | MOVE BACKWARD ⬇ | Area: 131022
2026-05-25 13:21:53,626 - AeroBrain - INFO - Detected: bench (ID: 13, Conf: 0.86, Area: 113120)
2026-05-25 13:21:53,628 - AeroBrain - INFO - 🎯 TARGET (bench) | CENTERED = | MOVE BACKWARD ⬇ | Area: 113120
2026-05-25 13:21:53,771 - AeroBrain - INFO - Detected: bench (ID: 13, Conf: 0.89, Area: 88711)
2026-05-25 13:21:53,773 - AeroBrain - INFO - 🎯 TARGET (bench) | CENTERED = | HOLD DISTANCE = | Area: 88711
2026-05-25 13:21:53,984 - AeroBrain - INFO - Detected: bench (ID: 13, Conf: 0.90, Area: 77376)
2026-05-25 13:21:53,985 - AeroBrain - INFO - 🎯 TARGET (bench) | CENTERED = | HOLD DISTANCE = | Area: 77376
2026-05-25 13:21:54,131 - AeroBrain - INFO - Detected: bench (ID: 13, Conf: 0.94, Area: 69530)
2026-05-25 13:21:54,133 - AeroBrain - INFO - 🎯 TARGET (bench) | CENTERED = | HOLD DISTANCE = | Area: 69530
2026-05-25 13:21:54,277 - AeroBrain - INFO - Detected: bench (ID: 13, Conf: 0.95, Area: 60528)
2026-05-25 13:21:54,280 - AeroBrain - INFO - 🎯 TARGET (bench) | CENTERED = | HOLD DISTANCE = | Area: 60528
2026-05-25 13:21:54,407 - AeroBrain - INFO - Detected: bench (ID: 13, Conf: 0.91, Area: 59660)
2026-05-25 13:21:54,409 - AeroBrain - INFO - 🎯 TARGET (bench) | CENTERED = | HOLD DISTANCE = | Area: 59660
2026-05-25 13:21:54,555 - AeroBrain - INFO - Detected: bench (ID: 13, Conf: 0.88, Area: 55428)
2026-05-25 13:21:54,557 - AeroBrain - INFO - 🎯 TARGET (bench) | CENTERED = | HOLD DISTANCE = | Area: 55428
2026-05-25 13:21:54,679 - AeroBrain - INFO - Detected: bench (ID: 13, Conf: 0.93, Area: 54168)
2026-05-25 13:21:54,681 - AeroBrain - INFO - 🎯 TARGET (bench) | CENTERED = | HOLD DISTANCE = | Area: 54168
2026-05-25 13:21:54,823 - AeroBrain - INFO - Detected: bench (ID: 13, Conf: 0.92, Area: 54964)
2026-05-25 13:21:54,824 - AeroBrain - INFO - 🎯 TARGET (bench) | CENTERED = | HOLD DISTANCE = | Area: 54964
2026-05-25 13:21:54,946 - AeroBrain - INFO - Detected: bench (ID: 13, Conf: 0.93, Area: 53132)
2026-05-25 13:21:54,949 - AeroBrain - INFO - 🎯 TARGET (bench) | CENTERED = | HOLD DISTANCE = | Area: 53132
2026-05-25 13:21:55,092 - AeroBrain - INFO - Detected: bench (ID: 13, Conf: 0.90, Area: 52416)
2026-05-25 13:21:55,093 - AeroBrain - INFO - 🎯 TARGET (bench) | CENTERED = | HOLD DISTANCE = | Area: 52416
2026-05-25 13:21:55,222 - AeroBrain - INFO - Detected: bench (ID: 13, Conf: 0.94, Area: 52624)
2026-05-25 13:21:55,224 - AeroBrain - INFO - 🎯 TARGET (bench) | CENTERED = | HOLD DISTANCE = | Area: 52624
2026-05-25 13:21:55,367 - AeroBrain - INFO - Detected: bench (ID: 13, Conf: 0.94, Area: 57134)
2026-05-25 13:21:55,369 - AeroBrain - INFO - 🎯 TARGET (bench) | CENTERED = | HOLD DISTANCE = | Area: 57134
2026-05-25 13:21:55,673 - AeroBrain - INFO - Detected: bench (ID: 13, Conf: 0.92, Area: 59566)
2026-05-25 13:21:55,675 - AeroBrain - INFO - 🎯 TARGET (bench) | CENTERED = | HOLD DISTANCE = | Area: 59566
2026-05-25 13:21:55,814 - AeroBrain - INFO - Detected: bench (ID: 13, Conf: 0.92, Area: 64020)
2026-05-25 13:21:55,816 - AeroBrain - INFO - 🎯 TARGET (bench) | CENTERED = | HOLD DISTANCE = | Area: 64020
2026-05-25 13:21:55,941 - AeroBrain - INFO - Detected: bench (ID: 13, Conf: 0.94, Area: 62964)
2026-05-25 13:21:55,942 - AeroBrain - INFO - 🎯 TARGET (bench) | YAW RIGHT ➔ | HOLD DISTANCE = | Area: 62964
2026-05-25 13:21:56,086 - AeroBrain - INFO - Detected: bench (ID: 13, Conf: 0.89, Area: 67728)
2026-05-25 13:21:56,087 - AeroBrain - INFO - 🎯 TARGET (bench) | YAW RIGHT ➔ | HOLD DISTANCE = | Area: 67728
2026-05-25 13:21:56,240 - AeroBrain - INFO - Detected: bench (ID: 13, Conf: 0.88, Area: 68783)
2026-05-25 13:21:56,241 - AeroBrain - INFO - 🎯 TARGET (bench) | CENTERED = | HOLD DISTANCE = | Area: 68783
2026-05-25 13:21:56,395 - AeroBrain - INFO - Detected: bench (ID: 13, Conf: 0.82, Area: 71208)
2026-05-25 13:21:56,397 - AeroBrain - INFO - 🎯 TARGET (bench) | CENTERED = | HOLD DISTANCE = | Area: 71208
2026-05-25 13:21:56,543 - AeroBrain - INFO - Detected: bench (ID: 13, Conf: 0.76, Area: 77786)
2026-05-25 13:21:56,545 - AeroBrain - INFO - 🎯 TARGET (bench) | CENTERED = | HOLD DISTANCE = | Area: 77786
2026-05-25 13:21:56,671 - AeroBrain - INFO - Detected: bench (ID: 13, Conf: 0.80, Area: 77190)
2026-05-25 13:21:56,673 - AeroBrain - INFO - 🎯 TARGET (bench) | CENTERED = | HOLD DISTANCE = | Area: 77190
2026-05-25 13:21:56,821 - AeroBrain - INFO - Detected: bench (ID: 13, Conf: 0.84, Area: 87024)
2026-05-25 13:21:56,823 - AeroBrain - INFO - 🎯 TARGET (bench) | CENTERED = | HOLD DISTANCE = | Area: 87024
2026-05-25 13:21:56,956 - AeroBrain - INFO - Detected: bench (ID: 13, Conf: 0.91, Area: 89523)
2026-05-25 13:21:56,959 - AeroBrain - INFO - 🎯 TARGET (bench) | CENTERED = | HOLD DISTANCE = | Area: 89523
2026-05-25 13:21:57,102 - AeroBrain - INFO - Detected: bench (ID: 13, Conf: 0.86, Area: 92796)
2026-05-25 13:21:57,103 - AeroBrain - INFO - 🎯 TARGET (bench) | CENTERED = | MOVE BACKWARD ⬇ | Area: 92796
2026-05-25 13:21:57,234 - AeroBrain - INFO - Detected: bench (ID: 13, Conf: 0.87, Area: 96702)
2026-05-25 13:21:57,236 - AeroBrain - INFO - 🎯 TARGET (bench) | CENTERED = | MOVE BACKWARD ⬇ | Area: 96702
2026-05-25 13:21:57,386 - AeroBrain - INFO - Detected: bench (ID: 13, Conf: 0.82, Area: 140157)
2026-05-25 13:21:57,388 - AeroBrain - INFO - 🎯 TARGET (bench) | CENTERED = | MOVE BACKWARD ⬇ | Area: 140157
2026-05-25 13:21:57,535 - AeroBrain - INFO - Detected: bench (ID: 13, Conf: 0.84, Area: 131516)
2026-05-25 13:21:57,537 - AeroBrain - INFO - 🎯 TARGET (bench) | CENTERED = | MOVE BACKWARD ⬇ | Area: 131516
2026-05-25 13:21:57,661 - AeroBrain - INFO - Detected: bench (ID: 13, Conf: 0.81, Area: 129417)
2026-05-25 13:21:57,663 - AeroBrain - INFO - 🎯 TARGET (bench) | CENTERED = | MOVE BACKWARD ⬇ | Area: 129417
2026-05-25 13:21:57,811 - AeroBrain - INFO - Detected: bench (ID: 13, Conf: 0.84, Area: 132594)
2026-05-25 13:21:57,813 - AeroBrain - INFO - 🎯 TARGET (bench) | CENTERED = | MOVE BACKWARD ⬇ | Area: 132594
2026-05-25 13:21:57,937 - AeroBrain - INFO - Detected: bench (ID: 13, Conf: 0.89, Area: 131898)
2026-05-25 13:21:57,939 - AeroBrain - INFO - 🎯 TARGET (bench) | CENTERED = | MOVE BACKWARD ⬇ | Area: 131898
2026-05-25 13:21:58,092 - AeroBrain - INFO - Detected: bench (ID: 13, Conf: 0.82, Area: 128733)
2026-05-25 13:21:58,094 - AeroBrain - INFO - 🎯 TARGET (bench) | CENTERED = | MOVE BACKWARD ⬇ | Area: 128733
2026-05-25 13:21:58,247 - AeroBrain - INFO - Detected: bench (ID: 13, Conf: 0.90, Area: 110908)
2026-05-25 13:21:58,249 - AeroBrain - INFO - 🎯 TARGET (bench) | CENTERED = | MOVE BACKWARD ⬇ | Area: 110908
2026-05-25 13:21:58,404 - AeroBrain - INFO - Detected: bench (ID: 13, Conf: 0.87, Area: 102740)
2026-05-25 13:21:58,406 - AeroBrain - INFO - 🎯 TARGET (bench) | CENTERED = | MOVE BACKWARD ⬇ | Area: 102740
2026-05-25 13:21:58,553 - AeroBrain - INFO - Detected: bench (ID: 13, Conf: 0.85, Area: 88678)
2026-05-25 13:21:58,555 - AeroBrain - INFO - 🎯 TARGET (bench) | CENTERED = | HOLD DISTANCE = | Area: 88678
2026-05-25 13:21:58,678 - AeroBrain - INFO - Detected: bench (ID: 13, Conf: 0.90, Area: 85064)
2026-05-25 13:21:58,680 - AeroBrain - INFO - 🎯 TARGET (bench) | CENTERED = | HOLD DISTANCE = | Area: 85064
2026-05-25 13:21:58,826 - AeroBrain - INFO - Detected: bench (ID: 13, Conf: 0.90, Area: 72688)
2026-05-25 13:21:58,827 - AeroBrain - INFO - 🎯 TARGET (bench) | CENTERED = | HOLD DISTANCE = | Area: 72688
2026-05-25 13:21:58,956 - AeroBrain - INFO - Detected: bench (ID: 13, Conf: 0.93, Area: 66024)
2026-05-25 13:21:58,958 - AeroBrain - INFO - 🎯 TARGET (bench) | CENTERED = | HOLD DISTANCE = | Area: 66024
2026-05-25 13:21:59,103 - AeroBrain - INFO - Detected: bench (ID: 13, Conf: 0.93, Area: 62103)
2026-05-25 13:21:59,106 - AeroBrain - INFO - 🎯 TARGET (bench) | CENTERED = | HOLD DISTANCE = | Area: 62103
2026-05-25 13:21:59,263 - AeroBrain - INFO - Detected: bench (ID: 13, Conf: 0.92, Area: 58561)
2026-05-25 13:21:59,265 - AeroBrain - INFO - 🎯 TARGET (bench) | CENTERED = | HOLD DISTANCE = | Area: 58561
2026-05-25 13:21:59,425 - AeroBrain - INFO - Detected: bench (ID: 13, Conf: 0.93, Area: 57876)
2026-05-25 13:21:59,427 - AeroBrain - INFO - 🎯 TARGET (bench) | CENTERED = | HOLD DISTANCE = | Area: 57876
2026-05-25 13:21:59,578 - AeroBrain - INFO - Detected: bench (ID: 13, Conf: 0.96, Area: 58144)
2026-05-25 13:21:59,580 - AeroBrain - INFO - 🎯 TARGET (bench) | CENTERED = | HOLD DISTANCE = | Area: 58144
2026-05-25 13:21:59,734 - AeroBrain - INFO - Detected: bench (ID: 13, Conf: 0.95, Area: 59200)
2026-05-25 13:21:59,736 - AeroBrain - INFO - 🎯 TARGET (bench) | CENTERED = | HOLD DISTANCE = | Area: 59200
2026-05-25 13:21:59,886 - AeroBrain - INFO - Detected: bench (ID: 13, Conf: 0.90, Area: 60473)
2026-05-25 13:21:59,888 - AeroBrain - INFO - 🎯 TARGET (bench) | CENTERED = | HOLD DISTANCE = | Area: 60473
2026-05-25 13:22:00,046 - AeroBrain - INFO - Detected: bench (ID: 13, Conf: 0.93, Area: 60799)
2026-05-25 13:22:00,048 - AeroBrain - INFO - 🎯 TARGET (bench) | CENTERED = | HOLD DISTANCE = | Area: 60799
2026-05-25 13:22:00,175 - AeroBrain - INFO - Detected: bench (ID: 13, Conf: 0.93, Area: 62040)
2026-05-25 13:22:00,177 - AeroBrain - INFO - 🎯 TARGET (bench) | CENTERED = | HOLD DISTANCE = | Area: 62040
2026-05-25 13:22:00,329 - AeroBrain - INFO - Detected: bench (ID: 13, Conf: 0.80, Area: 64128)
2026-05-25 13:22:00,330 - AeroBrain - INFO - 🎯 TARGET (bench) | CENTERED = | HOLD DISTANCE = | Area: 64128
2026-05-25 13:22:00,483 - AeroBrain - INFO - Detected: bench (ID: 13, Conf: 0.94, Area: 68904)
2026-05-25 13:22:00,485 - AeroBrain - INFO - 🎯 TARGET (bench) | CENTERED = | HOLD DISTANCE = | Area: 68904
2026-05-25 13:22:00,631 - AeroBrain - INFO - Detected: bench (ID: 13, Conf: 0.95, Area: 72495)
2026-05-25 13:22:00,633 - AeroBrain - INFO - 🎯 TARGET (bench) | CENTERED = | HOLD DISTANCE = | Area: 72495
2026-05-25 13:22:00,778 - AeroBrain - INFO - Detected: bench (ID: 13, Conf: 0.90, Area: 75396)
2026-05-25 13:22:00,781 - AeroBrain - INFO - 🎯 TARGET (bench) | CENTERED = | HOLD DISTANCE = | Area: 75396
2026-05-25 13:22:00,905 - AeroBrain - INFO - Detected: bench (ID: 13, Conf: 0.91, Area: 78120)
2026-05-25 13:22:00,906 - AeroBrain - INFO - 🎯 TARGET (bench) | CENTERED = | HOLD DISTANCE = | Area: 78120
2026-05-25 13:22:01,056 - AeroBrain - INFO - Detected: bench (ID: 13, Conf: 0.86, Area: 83888)
2026-05-25 13:22:01,059 - AeroBrain - INFO - 🎯 TARGET (bench) | CENTERED = | HOLD DISTANCE = | Area: 83888
2026-05-25 13:22:01,184 - AeroBrain - INFO - Detected: bench (ID: 13, Conf: 0.85, Area: 85260)
2026-05-25 13:22:01,185 - AeroBrain - INFO - 🎯 TARGET (bench) | CENTERED = | HOLD DISTANCE = | Area: 85260
2026-05-25 13:22:01,337 - AeroBrain - INFO - Detected: bench (ID: 13, Conf: 0.87, Area: 91980)
2026-05-25 13:22:01,339 - AeroBrain - INFO - 🎯 TARGET (bench) | CENTERED = | MOVE BACKWARD ⬇ | Area: 91980
2026-05-25 13:22:01,496 - AeroBrain - INFO - Detected: bench (ID: 13, Conf: 0.87, Area: 100521)
2026-05-25 13:22:01,498 - AeroBrain - INFO - 🎯 TARGET (bench) | CENTERED = | MOVE BACKWARD ⬇ | Area: 100521
2026-05-25 13:22:01,651 - AeroBrain - INFO - Detected: bench (ID: 13, Conf: 0.85, Area: 113220)
2026-05-25 13:22:01,653 - AeroBrain - INFO - 🎯 TARGET (bench) | CENTERED = | MOVE BACKWARD ⬇ | Area: 113220
2026-05-25 13:22:01,801 - AeroBrain - INFO - Detected: bench (ID: 13, Conf: 0.70, Area: 105060)
2026-05-25 13:22:01,805 - AeroBrain - INFO - 🎯 TARGET (bench) | CENTERED = | MOVE BACKWARD ⬇ | Area: 105060
2026-05-25 13:22:01,956 - AeroBrain - INFO - Detected: bench (ID: 13, Conf: 0.58, Area: 111446)
2026-05-25 13:22:01,958 - AeroBrain - INFO - 🎯 TARGET (bench) | CENTERED = | MOVE BACKWARD ⬇ | Area: 111446
2026-05-25 13:22:02,105 - AeroBrain - INFO - Detected: bench (ID: 13, Conf: 0.89, Area: 112252)
2026-05-25 13:22:02,106 - AeroBrain - INFO - 🎯 TARGET (bench) | CENTERED = | MOVE BACKWARD ⬇ | Area: 112252
2026-05-25 13:22:02,259 - AeroBrain - INFO - Detected: bench (ID: 13, Conf: 0.88, Area: 108066)
2026-05-25 13:22:02,261 - AeroBrain - INFO - 🎯 TARGET (bench) | CENTERED = | MOVE BACKWARD ⬇ | Area: 108066
2026-05-25 13:22:02,413 - AeroBrain - INFO - Detected: bench (ID: 13, Conf: 0.90, Area: 107486)
2026-05-25 13:22:02,415 - AeroBrain - INFO - 🎯 TARGET (bench) | CENTERED = | MOVE BACKWARD ⬇ | Area: 107486
2026-05-25 13:22:02,560 - AeroBrain - INFO - Detected: bench (ID: 13, Conf: 0.75, Area: 105800)
2026-05-25 13:22:02,562 - AeroBrain - INFO - 🎯 TARGET (bench) | CENTERED = | MOVE BACKWARD ⬇ | Area: 105800
2026-05-25 13:22:02,689 - AeroBrain - INFO - Detected: bench (ID: 13, Conf: 0.88, Area: 98084)
2026-05-25 13:22:02,691 - AeroBrain - INFO - 🎯 TARGET (bench) | CENTERED = | MOVE BACKWARD ⬇ | Area: 98084
2026-05-25 13:22:02,835 - AeroBrain - INFO - Detected: bench (ID: 13, Conf: 0.85, Area: 88616)
2026-05-25 13:22:02,837 - AeroBrain - INFO - 🎯 TARGET (bench) | CENTERED = | HOLD DISTANCE = | Area: 88616
2026-05-25 13:22:02,992 - AeroBrain - INFO - Detected: bench (ID: 13, Conf: 0.74, Area: 78883)
2026-05-25 13:22:02,994 - AeroBrain - INFO - 🎯 TARGET (bench) | CENTERED = | HOLD DISTANCE = | Area: 78883
2026-05-25 13:22:03,148 - AeroBrain - INFO - Detected: bench (ID: 13, Conf: 0.92, Area: 66325)
2026-05-25 13:22:03,151 - AeroBrain - INFO - 🎯 TARGET (bench) | CENTERED = | HOLD DISTANCE = | Area: 66325
2026-05-25 13:22:03,305 - AeroBrain - INFO - Detected: bench (ID: 13, Conf: 0.96, Area: 61420)
2026-05-25 13:22:03,307 - AeroBrain - INFO - 🎯 TARGET (bench) | CENTERED = | HOLD DISTANCE = | Area: 61420
2026-05-25 13:22:03,432 - AeroBrain - INFO - Detected: bench (ID: 13, Conf: 0.96, Area: 58644)
2026-05-25 13:22:03,434 - AeroBrain - INFO - 🎯 TARGET (bench) | CENTERED = | HOLD DISTANCE = | Area: 58644
2026-05-25 13:22:03,597 - AeroBrain - INFO - Detected: bench (ID: 13, Conf: 0.94, Area: 56320)
2026-05-25 13:22:03,599 - AeroBrain - INFO - 🎯 TARGET (bench) | CENTERED = | HOLD DISTANCE = | Area: 56320
2026-05-25 13:22:03,735 - AeroBrain - INFO - Detected: bench (ID: 13, Conf: 0.94, Area: 56189)
2026-05-25 13:22:03,736 - AeroBrain - INFO - 🎯 TARGET (bench) | CENTERED = | HOLD DISTANCE = | Area: 56189
2026-05-25 13:22:03,896 - AeroBrain - INFO - Detected: bench (ID: 13, Conf: 0.92, Area: 53900)
2026-05-25 13:22:03,898 - AeroBrain - INFO - 🎯 TARGET (bench) | CENTERED = | HOLD DISTANCE = | Area: 53900
2026-05-25 13:22:04,064 - AeroBrain - INFO - Detected: bench (ID: 13, Conf: 0.96, Area: 55968)
2026-05-25 13:22:04,065 - AeroBrain - INFO - 🎯 TARGET (bench) | CENTERED = | HOLD DISTANCE = | Area: 55968
2026-05-25 13:22:04,208 - AeroBrain - INFO - Detected: bench (ID: 13, Conf: 0.96, Area: 57728)
2026-05-25 13:22:04,211 - AeroBrain - INFO - 🎯 TARGET (bench) | CENTERED = | HOLD DISTANCE = | Area: 57728
2026-05-25 13:22:04,368 - AeroBrain - INFO - Detected: bench (ID: 13, Conf: 0.93, Area: 60840)
2026-05-25 13:22:04,370 - AeroBrain - INFO - 🎯 TARGET (bench) | CENTERED = | HOLD DISTANCE = | Area: 60840
2026-05-25 13:22:04,527 - AeroBrain - INFO - Detected: bench (ID: 13, Conf: 0.94, Area: 62390)
2026-05-25 13:22:04,528 - AeroBrain - INFO - 🎯 TARGET (bench) | CENTERED = | HOLD DISTANCE = | Area: 62390
2026-05-25 13:22:04,662 - AeroBrain - INFO - Detected: bench (ID: 13, Conf: 0.91, Area: 65100)
2026-05-25 13:22:04,664 - AeroBrain - INFO - 🎯 TARGET (bench) | CENTERED = | HOLD DISTANCE = | Area: 65100
2026-05-25 13:22:04,818 - AeroBrain - INFO - Detected: bench (ID: 13, Conf: 0.93, Area: 67284)
2026-05-25 13:22:04,821 - AeroBrain - INFO - 🎯 TARGET (bench) | CENTERED = | HOLD DISTANCE = | Area: 67284
2026-05-25 13:22:04,974 - AeroBrain - INFO - Detected: bench (ID: 13, Conf: 0.90, Area: 71208)
2026-05-25 13:22:04,976 - AeroBrain - INFO - 🎯 TARGET (bench) | CENTERED = | HOLD DISTANCE = | Area: 71208
2026-05-25 13:22:05,131 - AeroBrain - INFO - Detected: bench (ID: 13, Conf: 0.89, Area: 75012)
2026-05-25 13:22:05,133 - AeroBrain - INFO - 🎯 TARGET (bench) | CENTERED = | HOLD DISTANCE = | Area: 75012
2026-05-25 13:22:05,283 - AeroBrain - INFO - Detected: bench (ID: 13, Conf: 0.75, Area: 76494)
2026-05-25 13:22:05,285 - AeroBrain - INFO - 🎯 TARGET (bench) | CENTERED = | HOLD DISTANCE = | Area: 76494
2026-05-25 13:22:05,415 - AeroBrain - INFO - Detected: bench (ID: 13, Conf: 0.75, Area: 83556)
2026-05-25 13:22:05,417 - AeroBrain - INFO - 🎯 TARGET (bench) | CENTERED = | HOLD DISTANCE = | Area: 83556
2026-05-25 13:22:05,569 - AeroBrain - INFO - Detected: bench (ID: 13, Conf: 0.78, Area: 94395)
2026-05-25 13:22:05,571 - AeroBrain - INFO - 🎯 TARGET (bench) | CENTERED = | MOVE BACKWARD ⬇ | Area: 94395
2026-05-25 13:22:05,700 - AeroBrain - INFO - Detected: bench (ID: 13, Conf: 0.89, Area: 98780)
2026-05-25 13:22:05,703 - AeroBrain - INFO - 🎯 TARGET (bench) | CENTERED = | MOVE BACKWARD ⬇ | Area: 98780
2026-05-25 13:22:05,856 - AeroBrain - INFO - Detected: bench (ID: 13, Conf: 0.72, Area: 93508)
2026-05-25 13:22:05,859 - AeroBrain - INFO - 🎯 TARGET (bench) | CENTERED = | MOVE BACKWARD ⬇ | Area: 93508
2026-05-25 13:22:06,015 - AeroBrain - INFO - Detected: bench (ID: 13, Conf: 0.91, Area: 91136)
2026-05-25 13:22:06,017 - AeroBrain - INFO - 🎯 TARGET (bench) | CENTERED = | MOVE BACKWARD ⬇ | Area: 91136
2026-05-25 13:22:06,173 - AeroBrain - INFO - Detected: bench (ID: 13, Conf: 0.84, Area: 90133)
2026-05-25 13:22:06,175 - AeroBrain - INFO - 🎯 TARGET (bench) | CENTERED = | MOVE BACKWARD ⬇ | Area: 90133
2026-05-25 13:22:06,331 - AeroBrain - INFO - Detected: bench (ID: 13, Conf: 0.78, Area: 89712)
2026-05-25 13:22:06,333 - AeroBrain - INFO - 🎯 TARGET (bench) | CENTERED = | HOLD DISTANCE = | Area: 89712
2026-05-25 13:22:06,457 - AeroBrain - INFO - Detected: bench (ID: 13, Conf: 0.85, Area: 88755)
2026-05-25 13:22:06,459 - AeroBrain - INFO - 🎯 TARGET (bench) | CENTERED = | HOLD DISTANCE = | Area: 88755
2026-05-25 13:22:06,613 - AeroBrain - INFO - Detected: bench (ID: 13, Conf: 0.89, Area: 106220)
2026-05-25 13:22:06,616 - AeroBrain - INFO - 🎯 TARGET (bench) | CENTERED = | MOVE BACKWARD ⬇ | Area: 106220
2026-05-25 13:22:06,765 - AeroBrain - INFO - Detected: bench (ID: 13, Conf: 0.84, Area: 91104)
2026-05-25 13:22:06,767 - AeroBrain - INFO - 🎯 TARGET (bench) | CENTERED = | MOVE BACKWARD ⬇ | Area: 91104
2026-05-25 13:22:06,926 - AeroBrain - INFO - Detected: bench (ID: 13, Conf: 0.93, Area: 98568)
2026-05-25 13:22:06,928 - AeroBrain - INFO - 🎯 TARGET (bench) | CENTERED = | MOVE BACKWARD ⬇ | Area: 98568
2026-05-25 13:22:07,077 - AeroBrain - INFO - Detected: bench (ID: 13, Conf: 0.74, Area: 75856)
2026-05-25 13:22:07,079 - AeroBrain - INFO - 🎯 TARGET (bench) | CENTERED = | HOLD DISTANCE = | Area: 75856
2026-05-25 13:22:07,236 - AeroBrain - INFO - Detected: bench (ID: 13, Conf: 0.55, Area: 68052)
2026-05-25 13:22:07,237 - AeroBrain - INFO - Detected: bench (ID: 13, Conf: 0.52, Area: 57240)
2026-05-25 13:22:07,239 - AeroBrain - INFO - 🎯 TARGET (bench) | CENTERED = | HOLD DISTANCE = | Area: 68052
2026-05-25 13:22:07,400 - AeroBrain - INFO - Detected: bench (ID: 13, Conf: 0.89, Area: 76428)
2026-05-25 13:22:07,403 - AeroBrain - INFO - 🎯 TARGET (bench) | CENTERED = | HOLD DISTANCE = | Area: 76428
2026-05-25 13:22:07,554 - AeroBrain - INFO - Detected: bench (ID: 13, Conf: 0.93, Area: 71808)
2026-05-25 13:22:07,556 - AeroBrain - INFO - 🎯 TARGET (bench) | CENTERED = | HOLD DISTANCE = | Area: 71808
2026-05-25 13:22:07,687 - AeroBrain - INFO - Detected: bench (ID: 13, Conf: 0.85, Area: 68978)
2026-05-25 13:22:07,690 - AeroBrain - INFO - 🎯 TARGET (bench) | CENTERED = | HOLD DISTANCE = | Area: 68978
2026-05-25 13:22:07,848 - AeroBrain - INFO - Detected: bench (ID: 13, Conf: 0.92, Area: 67841)
2026-05-25 13:22:07,850 - AeroBrain - INFO - 🎯 TARGET (bench) | CENTERED = | HOLD DISTANCE = | Area: 67841
2026-05-25 13:22:08,006 - AeroBrain - INFO - Detected: bench (ID: 13, Conf: 0.89, Area: 67860)
2026-05-25 13:22:08,008 - AeroBrain - INFO - 🎯 TARGET (bench) | CENTERED = | HOLD DISTANCE = | Area: 67860
2026-05-25 13:22:08,171 - AeroBrain - INFO - Detected: bench (ID: 13, Conf: 0.82, Area: 61777)
2026-05-25 13:22:08,173 - AeroBrain - INFO - 🎯 TARGET (bench) | CENTERED = | HOLD DISTANCE = | Area: 61777
2026-05-25 13:22:08,332 - AeroBrain - INFO - Detected: bench (ID: 13, Conf: 0.92, Area: 70855)
2026-05-25 13:22:08,335 - AeroBrain - INFO - 🎯 TARGET (bench) | CENTERED = | HOLD DISTANCE = | Area: 70855
2026-05-25 13:22:08,494 - AeroBrain - INFO - Detected: bench (ID: 13, Conf: 0.94, Area: 74108)
2026-05-25 13:22:08,496 - AeroBrain - INFO - 🎯 TARGET (bench) | CENTERED = | HOLD DISTANCE = | Area: 74108
2026-05-25 13:22:08,661 - AeroBrain - INFO - Detected: bench (ID: 13, Conf: 0.94, Area: 78008)
2026-05-25 13:22:08,664 - AeroBrain - INFO - 🎯 TARGET (bench) | CENTERED = | HOLD DISTANCE = | Area: 78008
2026-05-25 13:22:08,816 - AeroBrain - INFO - Detected: bench (ID: 13, Conf: 0.89, Area: 83842)
2026-05-25 13:22:08,818 - AeroBrain - INFO - 🎯 TARGET (bench) | CENTERED = | HOLD DISTANCE = | Area: 83842
2026-05-25 13:22:08,970 - AeroBrain - INFO - Detected: bench (ID: 13, Conf: 0.80, Area: 89042)
2026-05-25 13:22:08,973 - AeroBrain - INFO - 🎯 TARGET (bench) | CENTERED = | HOLD DISTANCE = | Area: 89042
2026-05-25 13:22:09,121 - AeroBrain - INFO - Detected: bench (ID: 13, Conf: 0.87, Area: 96768)
2026-05-25 13:22:09,122 - AeroBrain - INFO - 🎯 TARGET (bench) | CENTERED = | MOVE BACKWARD ⬇ | Area: 96768
2026-05-25 13:22:09,274 - AeroBrain - INFO - Detected: bench (ID: 13, Conf: 0.86, Area: 101640)
2026-05-25 13:22:09,275 - AeroBrain - INFO - 🎯 TARGET (bench) | CENTERED = | MOVE BACKWARD ⬇ | Area: 101640
2026-05-25 13:22:09,405 - AeroBrain - INFO - Detected: bench (ID: 13, Conf: 0.83, Area: 85827)
2026-05-25 13:22:09,407 - AeroBrain - INFO - 🎯 TARGET (bench) | CENTERED = | HOLD DISTANCE = | Area: 85827
2026-05-25 13:22:09,563 - AeroBrain - INFO - Detected: bench (ID: 13, Conf: 0.67, Area: 77120)
2026-05-25 13:22:09,565 - AeroBrain - INFO - 🎯 TARGET (bench) | CENTERED = | HOLD DISTANCE = | Area: 77120
2026-05-25 13:22:09,694 - AeroBrain - INFO - Detected: bench (ID: 13, Conf: 0.85, Area: 97644)
2026-05-25 13:22:09,697 - AeroBrain - INFO - 🎯 TARGET (bench) | CENTERED = | MOVE BACKWARD ⬇ | Area: 97644
2026-05-25 13:22:09,847 - AeroBrain - INFO - Detected: bench (ID: 13, Conf: 0.88, Area: 106953)
2026-05-25 13:22:09,849 - AeroBrain - INFO - 🎯 TARGET (bench) | CENTERED = | MOVE BACKWARD ⬇ | Area: 106953
2026-05-25 13:22:10,004 - AeroBrain - INFO - Detected: bench (ID: 13, Conf: 0.90, Area: 90896)
2026-05-25 13:22:10,006 - AeroBrain - INFO - 🎯 TARGET (bench) | CENTERED = | MOVE BACKWARD ⬇ | Area: 90896
2026-05-25 13:22:10,163 - AeroBrain - INFO - Detected: bench (ID: 13, Conf: 0.64, Area: 80782)
2026-05-25 13:22:10,163 - AeroBrain - INFO - Detected: bench (ID: 13, Conf: 0.51, Area: 53892)
2026-05-25 13:22:10,165 - AeroBrain - INFO - 🎯 TARGET (bench) | CENTERED = | HOLD DISTANCE = | Area: 80782
2026-05-25 13:22:10,324 - AeroBrain - INFO - Detected: bench (ID: 13, Conf: 0.80, Area: 80275)
2026-05-25 13:22:10,324 - AeroBrain - INFO - Detected: bench (ID: 13, Conf: 0.42, Area: 58056)
2026-05-25 13:22:10,326 - AeroBrain - INFO - 🎯 TARGET (bench) | CENTERED = | HOLD DISTANCE = | Area: 80275
2026-05-25 13:22:10,448 - AeroBrain - INFO - Detected: bench (ID: 13, Conf: 0.59, Area: 102816)
2026-05-25 13:22:10,449 - AeroBrain - INFO - Detected: bench (ID: 13, Conf: 0.44, Area: 64944)
2026-05-25 13:22:10,450 - AeroBrain - INFO - 🎯 TARGET (bench) | CENTERED = | MOVE BACKWARD ⬇ | Area: 102816
2026-05-25 13:22:10,603 - AeroBrain - INFO - Detected: bench (ID: 13, Conf: 0.85, Area: 107245)
2026-05-25 13:22:10,605 - AeroBrain - INFO - 🎯 TARGET (bench) | CENTERED = | MOVE BACKWARD ⬇ | Area: 107245
2026-05-25 13:22:10,730 - AeroBrain - INFO - Detected: bench (ID: 13, Conf: 0.56, Area: 76196)
2026-05-25 13:22:10,731 - AeroBrain - INFO - 🎯 TARGET (bench) | CENTERED = | HOLD DISTANCE = | Area: 76196
2026-05-25 13:22:10,885 - AeroBrain - INFO - Detected: bench (ID: 13, Conf: 0.53, Area: 86450)
2026-05-25 13:22:10,885 - AeroBrain - INFO - Detected: bench (ID: 13, Conf: 0.45, Area: 54875)
2026-05-25 13:22:10,887 - AeroBrain - INFO - 🎯 TARGET (bench) | CENTERED = | HOLD DISTANCE = | Area: 86450
2026-05-25 13:22:11,038 - AeroBrain - INFO - Detected: bench (ID: 13, Conf: 0.85, Area: 97156)
2026-05-25 13:22:11,040 - AeroBrain - INFO - 🎯 TARGET (bench) | CENTERED = | MOVE BACKWARD ⬇ | Area: 97156
2026-05-25 13:22:11,168 - AeroBrain - INFO - Detected: bench (ID: 13, Conf: 0.90, Area: 85902)
2026-05-25 13:22:11,170 - AeroBrain - INFO - 🎯 TARGET (bench) | CENTERED = | HOLD DISTANCE = | Area: 85902
2026-05-25 13:22:11,326 - AeroBrain - INFO - Detected: bench (ID: 13, Conf: 0.73, Area: 75600)
2026-05-25 13:22:11,327 - AeroBrain - INFO - 🎯 TARGET (bench) | CENTERED = | HOLD DISTANCE = | Area: 75600
2026-05-25 13:22:11,480 - AeroBrain - INFO - Detected: bench (ID: 13, Conf: 0.90, Area: 86310)
2026-05-25 13:22:11,482 - AeroBrain - INFO - 🎯 TARGET (bench) | CENTERED = | HOLD DISTANCE = | Area: 86310
2026-05-25 13:22:11,644 - AeroBrain - INFO - Detected: bench (ID: 13, Conf: 0.90, Area: 79772)
2026-05-25 13:22:11,646 - AeroBrain - INFO - 🎯 TARGET (bench) | CENTERED = | HOLD DISTANCE = | Area: 79772
2026-05-25 13:22:11,796 - AeroBrain - INFO - Detected: bench (ID: 13, Conf: 0.90, Area: 79982)
2026-05-25 13:22:11,797 - AeroBrain - INFO - 🎯 TARGET (bench) | CENTERED = | HOLD DISTANCE = | Area: 79982
2026-05-25 13:22:11,923 - AeroBrain - INFO - Detected: bench (ID: 13, Conf: 0.88, Area: 82008)
2026-05-25 13:22:11,925 - AeroBrain - INFO - 🎯 TARGET (bench) | CENTERED = | HOLD DISTANCE = | Area: 82008
2026-05-25 13:22:12,080 - AeroBrain - INFO - Detected: bench (ID: 13, Conf: 0.90, Area: 84042)
2026-05-25 13:22:12,081 - AeroBrain - INFO - 🎯 TARGET (bench) | CENTERED = | HOLD DISTANCE = | Area: 84042
2026-05-25 13:22:12,207 - AeroBrain - INFO - Detected: bench (ID: 13, Conf: 0.88, Area: 84252)
2026-05-25 13:22:12,210 - AeroBrain - INFO - 🎯 TARGET (bench) | CENTERED = | HOLD DISTANCE = | Area: 84252
2026-05-25 13:22:12,366 - AeroBrain - INFO - Detected: bench (ID: 13, Conf: 0.86, Area: 95424)
2026-05-25 13:22:12,367 - AeroBrain - INFO - 🎯 TARGET (bench) | CENTERED = | MOVE BACKWARD ⬇ | Area: 95424
2026-05-25 13:22:12,514 - AeroBrain - INFO - Detected: bench (ID: 13, Conf: 0.82, Area: 98064)
2026-05-25 13:22:12,516 - AeroBrain - INFO - 🎯 TARGET (bench) | CENTERED = | MOVE BACKWARD ⬇ | Area: 98064
2026-05-25 13:22:12,672 - AeroBrain - INFO - Detected: bench (ID: 13, Conf: 0.82, Area: 79686)
2026-05-25 13:22:12,674 - AeroBrain - INFO - 🎯 TARGET (bench) | CENTERED = | HOLD DISTANCE = | Area: 79686
2026-05-25 13:22:12,825 - AeroBrain - INFO - Detected: bench (ID: 13, Conf: 0.86, Area: 69312)
2026-05-25 13:22:12,827 - AeroBrain - INFO - 🎯 TARGET (bench) | CENTERED = | HOLD DISTANCE = | Area: 69312
2026-05-25 13:22:12,954 - AeroBrain - INFO - Detected: bench (ID: 13, Conf: 0.86, Area: 90346)
2026-05-25 13:22:12,957 - AeroBrain - INFO - 🎯 TARGET (bench) | CENTERED = | MOVE BACKWARD ⬇ | Area: 90346
2026-05-25 13:22:13,107 - AeroBrain - INFO - Detected: bench (ID: 13, Conf: 0.70, Area: 101925)
2026-05-25 13:22:13,109 - AeroBrain - INFO - 🎯 TARGET (bench) | CENTERED = | MOVE BACKWARD ⬇ | Area: 101925
2026-05-25 13:22:13,264 - AeroBrain - INFO - Detected: bench (ID: 13, Conf: 0.82, Area: 83772)
2026-05-25 13:22:13,266 - AeroBrain - INFO - 🎯 TARGET (bench) | CENTERED = | HOLD DISTANCE = | Area: 83772
2026-05-25 13:22:13,433 - AeroBrain - INFO - Detected: bench (ID: 13, Conf: 0.64, Area: 77688)
2026-05-25 13:22:13,433 - AeroBrain - INFO - Detected: bench (ID: 13, Conf: 0.58, Area: 48471)
2026-05-25 13:22:13,435 - AeroBrain - INFO - 🎯 TARGET (bench) | CENTERED = | HOLD DISTANCE = | Area: 77688
2026-05-25 13:22:13,595 - AeroBrain - INFO - Detected: bench (ID: 13, Conf: 0.83, Area: 98566)
2026-05-25 13:22:13,597 - AeroBrain - INFO - 🎯 TARGET (bench) | CENTERED = | MOVE BACKWARD ⬇ | Area: 98566
2026-05-25 13:22:13,763 - AeroBrain - INFO - Detected: bench (ID: 13, Conf: 0.83, Area: 99199)
2026-05-25 13:22:13,765 - AeroBrain - INFO - 🎯 TARGET (bench) | CENTERED = | MOVE BACKWARD ⬇ | Area: 99199
2026-05-25 13:22:13,948 - AeroBrain - INFO - Detected: bench (ID: 13, Conf: 0.71, Area: 82584)
2026-05-25 13:22:13,950 - AeroBrain - INFO - 🎯 TARGET (bench) | CENTERED = | HOLD DISTANCE = | Area: 82584
2026-05-25 13:22:14,114 - AeroBrain - INFO - Detected: bench (ID: 13, Conf: 0.71, Area: 76950)
2026-05-25 13:22:14,117 - AeroBrain - INFO - 🎯 TARGET (bench) | CENTERED = | HOLD DISTANCE = | Area: 76950
2026-05-25 13:22:14,266 - AeroBrain - INFO - Detected: bench (ID: 13, Conf: 0.84, Area: 81120)
2026-05-25 13:22:14,268 - AeroBrain - INFO - 🎯 TARGET (bench) | CENTERED = | HOLD DISTANCE = | Area: 81120
2026-05-25 13:22:14,426 - AeroBrain - INFO - Detected: bench (ID: 13, Conf: 0.89, Area: 83433)
2026-05-25 13:22:14,428 - AeroBrain - INFO - 🎯 TARGET (bench) | CENTERED = | HOLD DISTANCE = | Area: 83433
2026-05-25 13:22:14,588 - AeroBrain - INFO - Detected: bench (ID: 13, Conf: 0.89, Area: 82214)
2026-05-25 13:22:14,591 - AeroBrain - INFO - 🎯 TARGET (bench) | CENTERED = | HOLD DISTANCE = | Area: 82214
2026-05-25 13:22:14,864 - AeroBrain - INFO - Detected: bench (ID: 13, Conf: 0.86, Area: 80376)
2026-05-25 13:22:14,866 - AeroBrain - INFO - 🎯 TARGET (bench) | CENTERED = | HOLD DISTANCE = | Area: 80376
2026-05-25 13:22:15,093 - AeroBrain - INFO - Detected: bench (ID: 13, Conf: 0.79, Area: 86510)
2026-05-25 13:22:15,095 - AeroBrain - INFO - 🎯 TARGET (bench) | CENTERED = | HOLD DISTANCE = | Area: 86510
2026-05-25 13:22:15,317 - AeroBrain - INFO - Detected: bench (ID: 13, Conf: 0.90, Area: 92214)
2026-05-25 13:22:15,318 - AeroBrain - INFO - 🎯 TARGET (bench) | CENTERED = | MOVE BACKWARD ⬇ | Area: 92214
2026-05-25 13:22:15,480 - AeroBrain - INFO - Detected: bench (ID: 13, Conf: 0.89, Area: 97216)
2026-05-25 13:22:15,482 - AeroBrain - INFO - 🎯 TARGET (bench) | CENTERED = | MOVE BACKWARD ⬇ | Area: 97216
2026-05-25 13:22:15,640 - AeroBrain - INFO - Detected: bench (ID: 13, Conf: 0.89, Area: 82536)
2026-05-25 13:22:15,642 - AeroBrain - INFO - 🎯 TARGET (bench) | CENTERED = | HOLD DISTANCE = | Area: 82536
2026-05-25 13:22:15,807 - AeroBrain - INFO - Detected: bench (ID: 13, Conf: 0.83, Area: 77909)
2026-05-25 13:22:15,810 - AeroBrain - INFO - 🎯 TARGET (bench) | CENTERED = | HOLD DISTANCE = | Area: 77909
2026-05-25 13:22:15,948 - AeroBrain - INFO - Detected: bench (ID: 13, Conf: 0.86, Area: 99900)
2026-05-25 13:22:15,950 - AeroBrain - INFO - 🎯 TARGET (bench) | CENTERED = | MOVE BACKWARD ⬇ | Area: 99900
2026-05-25 13:22:16,102 - AeroBrain - INFO - Detected: bench (ID: 13, Conf: 0.87, Area: 89886)
2026-05-25 13:22:16,105 - AeroBrain - INFO - 🎯 TARGET (bench) | CENTERED = | HOLD DISTANCE = | Area: 89886
2026-05-25 13:22:16,276 - AeroBrain - INFO - Detected: bench (ID: 13, Conf: 0.78, Area: 89486)
2026-05-25 13:22:16,278 - AeroBrain - INFO - 🎯 TARGET (bench) | CENTERED = | HOLD DISTANCE = | Area: 89486
2026-05-25 13:22:16,444 - AeroBrain - INFO - Detected: bench (ID: 13, Conf: 0.83, Area: 96580)
2026-05-25 13:22:16,446 - AeroBrain - INFO - 🎯 TARGET (bench) | CENTERED = | MOVE BACKWARD ⬇ | Area: 96580
2026-05-25 13:22:16,603 - AeroBrain - INFO - Detected: bench (ID: 13, Conf: 0.78, Area: 71394)
2026-05-25 13:22:16,603 - AeroBrain - INFO - Detected: bench (ID: 13, Conf: 0.51, Area: 83842)
2026-05-25 13:22:16,605 - AeroBrain - INFO - 🎯 TARGET (bench) | CENTERED = | HOLD DISTANCE = | Area: 83842
2026-05-25 13:22:16,741 - AeroBrain - INFO - Detected: bench (ID: 13, Conf: 0.75, Area: 92629)
2026-05-25 13:22:16,743 - AeroBrain - INFO - 🎯 TARGET (bench) | CENTERED = | MOVE BACKWARD ⬇ | Area: 92629
2026-05-25 13:22:16,904 - AeroBrain - INFO - Detected: bench (ID: 13, Conf: 0.89, Area: 103806)
2026-05-25 13:22:16,906 - AeroBrain - INFO - 🎯 TARGET (bench) | CENTERED = | MOVE BACKWARD ⬇ | Area: 103806
2026-05-25 13:22:17,055 - AeroBrain - INFO - Detected: bench (ID: 13, Conf: 0.77, Area: 81088)
2026-05-25 13:22:17,057 - AeroBrain - INFO - 🎯 TARGET (bench) | CENTERED = | HOLD DISTANCE = | Area: 81088
2026-05-25 13:22:17,238 - AeroBrain - INFO - Detected: bench (ID: 13, Conf: 0.84, Area: 88506)
2026-05-25 13:22:17,240 - AeroBrain - INFO - 🎯 TARGET (bench) | CENTERED = | HOLD DISTANCE = | Area: 88506
2026-05-25 13:22:17,412 - AeroBrain - INFO - Detected: bench (ID: 13, Conf: 0.75, Area: 89886)
2026-05-25 13:22:17,414 - AeroBrain - INFO - 🎯 TARGET (bench) | CENTERED = | HOLD DISTANCE = | Area: 89886
2026-05-25 13:22:17,584 - AeroBrain - INFO - Detected: bench (ID: 13, Conf: 0.85, Area: 82346)
2026-05-25 13:22:17,586 - AeroBrain - INFO - 🎯 TARGET (bench) | CENTERED = | HOLD DISTANCE = | Area: 82346
2026-05-25 13:22:17,712 - AeroBrain - INFO - Detected: bench (ID: 13, Conf: 0.89, Area: 81732)
2026-05-25 13:22:17,714 - AeroBrain - INFO - 🎯 TARGET (bench) | CENTERED = | HOLD DISTANCE = | Area: 81732
2026-05-25 13:22:17,868 - AeroBrain - INFO - Detected: bench (ID: 13, Conf: 0.90, Area: 81952)
2026-05-25 13:22:17,870 - AeroBrain - INFO - 🎯 TARGET (bench) | CENTERED = | HOLD DISTANCE = | Area: 81952
2026-05-25 13:22:18,021 - AeroBrain - INFO - Detected: bench (ID: 13, Conf: 0.94, Area: 84018)
2026-05-25 13:22:18,023 - AeroBrain - INFO - 🎯 TARGET (bench) | CENTERED = | HOLD DISTANCE = | Area: 84018
2026-05-25 13:22:18,180 - AeroBrain - INFO - Detected: bench (ID: 13, Conf: 0.92, Area: 85244)
2026-05-25 13:22:18,183 - AeroBrain - INFO - 🎯 TARGET (bench) | CENTERED = | HOLD DISTANCE = | Area: 85244
2026-05-25 13:22:18,333 - AeroBrain - INFO - Detected: bench (ID: 13, Conf: 0.88, Area: 85244)
2026-05-25 13:22:18,335 - AeroBrain - INFO - 🎯 TARGET (bench) | CENTERED = | HOLD DISTANCE = | Area: 85244
2026-05-25 13:22:18,466 - AeroBrain - INFO - Detected: bench (ID: 13, Conf: 0.80, Area: 87768)
2026-05-25 13:22:18,468 - AeroBrain - INFO - 🎯 TARGET (bench) | CENTERED = | HOLD DISTANCE = | Area: 87768
2026-05-25 13:22:18,624 - AeroBrain - INFO - Detected: bench (ID: 13, Conf: 0.77, Area: 87290)
2026-05-25 13:22:18,626 - AeroBrain - INFO - 🎯 TARGET (bench) | CENTERED = | HOLD DISTANCE = | Area: 87290
2026-05-25 13:22:18,755 - AeroBrain - WARNING - INTERRUPTED: Landing drone...
2026-05-25 13:22:18,756 - drone_control - INFO - Emergency landing...
2026-05-25 13:22:18,756 - drone_control - INFO - Landing...
2026-05-25 13:22:23,951 - drone_control - INFO - [OK] Landed successfully
2026-05-25 13:22:23,953 - drone_control - INFO - [OK] Disarmed
2026-05-25 13:22:23,953 - AeroBrain - INFO - ✅ Drone safely landed and disarmed
2026-05-25 13:22:23,962 - AeroBrain - INFO - 🏁 Shutdown complete
2026-05-25 13:28:10,387 - AeroBrain - INFO - Loading AeroBrain AI Model...
2026-05-25 13:28:10,497 - AeroBrain - INFO - [OK] YOLO Model loaded: yolov8n.pt
2026-05-25 13:28:10,497 - AeroBrain - INFO - [OK] Available classes: ['person', 'bicycle', 'car', 'motorcycle', 'airplane', 'bus', 'train', 'truck', 'boat', 'traffic light', 'fire hydrant', 'stop sign', 'parking meter', 'bench', 'bird', 'cat', 'dog', 'horse', 'sheep', 'cow', 'elephant', 'bear', 'zebra', 'giraffe', 'backpack', 'umbrella', 'handbag', 'tie', 'suitcase', 'frisbee', 'skis', 'snowboard', 'sports ball', 'kite', 'baseball bat', 'baseball glove', 'skateboard', 'surfboard', 'tennis racket', 'bottle', 'wine glass', 'cup', 'fork', 'knife', 'spoon', 'bowl', 'banana', 'apple', 'sandwich', 'orange', 'broccoli', 'carrot', 'hot dog', 'pizza', 'donut', 'cake', 'chair', 'couch', 'potted plant', 'bed', 'dining table', 'toilet', 'tv', 'laptop', 'mouse', 'remote', 'keyboard', 'cell phone', 'microwave', 'oven', 'toaster', 'sink', 'refrigerator', 'book', 'clock', 'vase', 'scissors', 'teddy bear', 'hair drier', 'toothbrush']
2026-05-25 13:28:10,498 - AeroBrain - INFO - Validating configuration...
2026-05-25 13:28:10,498 - AeroBrain - INFO - [OK] Takeoff altitude validated: 7.0m
2026-05-25 13:28:10,498 - AeroBrain - INFO - ============================================================
2026-05-25 13:28:10,498 - AeroBrain - INFO - 🚁 AeroBrain Drone AI System Starting...
2026-05-25 13:28:10,500 - AeroBrain - INFO - ============================================================
2026-05-25 13:28:10,500 - AeroBrain - INFO - Connecting to AirSim Virtual Drone...
2026-05-25 13:28:10,500 - AeroBrain - INFO - Target: 127.0.0.1:41451
2026-05-25 13:28:10,500 - AeroBrain - INFO - Attempting to create DroneController...
2026-05-25 13:28:10,508 - drone_control - INFO - [OK] Connected to AirSim
2026-05-25 13:28:10,509 - AeroBrain - INFO - [OK] Successfully connected to AirSim
2026-05-25 13:28:10,509 - AeroBrain - INFO - Enabling API control and arming...
2026-05-25 13:28:10,509 - drone_control - INFO - API control enabled
2026-05-25 13:28:10,510 - drone_control - INFO - [OK] Motors armed
2026-05-25 13:28:10,510 - AeroBrain - INFO - [OK] Motors armed successfully
2026-05-25 13:28:10,511 - AeroBrain - INFO - Drone altitude before takeoff: -1.60m
2026-05-25 13:28:10,511 - AeroBrain - INFO - Executing takeoff command...
2026-05-25 13:28:10,511 - drone_control - INFO - Taking off to 7.0m...
2026-05-25 13:28:14,067 - drone_control - INFO - Climbing to 7.0m at 3m/s...
2026-05-25 13:28:17,663 - drone_control - INFO - [OK] Takeoff complete
2026-05-25 13:28:17,664 - AeroBrain - INFO - Drone altitude after takeoff: 7.13m
2026-05-25 13:28:17,664 - AeroBrain - INFO - [OK] Drone took off successfully
2026-05-25 13:28:17,665 - AeroBrain - INFO - >>> Drone is hovering. Initiating AI Vision... <<<
2026-05-25 13:28:18,193 - AeroBrain - INFO - 🔄 PATROL: ROTATING (64%)
2026-05-25 13:28:18,446 - AeroBrain - INFO - 🔄 PATROL: ROTATING (66%)
2026-05-25 13:28:18,675 - AeroBrain - INFO - 🔄 PATROL: ROTATING (68%)
2026-05-25 13:28:18,888 - AeroBrain - INFO - 🔄 PATROL: ROTATING (69%)
2026-05-25 13:28:19,065 - AeroBrain - INFO - 🔄 PATROL: ROTATING (71%)
2026-05-25 13:28:19,221 - AeroBrain - INFO - 🔄 PATROL: ROTATING (72%)
2026-05-25 13:28:19,407 - AeroBrain - INFO - 🔄 PATROL: ROTATING (74%)
2026-05-25 13:28:19,604 - AeroBrain - INFO - 🔄 PATROL: ROTATING (75%)
2026-05-25 13:28:19,779 - AeroBrain - INFO - 🔄 PATROL: ROTATING (77%)
2026-05-25 13:28:20,072 - AeroBrain - INFO - 🔄 PATROL: ROTATING (79%)
2026-05-25 13:28:20,298 - AeroBrain - INFO - 🔄 PATROL: ROTATING (81%)
2026-05-25 13:28:20,622 - AeroBrain - INFO - 🔄 PATROL: ROTATING (84%)
2026-05-25 13:28:21,134 - AeroBrain - INFO - Detected: person (ID: 0, Conf: 0.64, Area: 731)
2026-05-25 13:28:21,137 - AeroBrain - INFO - 🎯 TARGET (person) | YAW RIGHT ➔ | MOVE FORWARD ⬆⬆ | Area: 731
2026-05-25 13:28:21,303 - AeroBrain - INFO - 🔄 PATROL: ROTATING (1%)
2026-05-25 13:28:21,445 - AeroBrain - INFO - Detected: person (ID: 0, Conf: 0.62, Area: 1216)
2026-05-25 13:28:21,448 - AeroBrain - INFO - 🎯 TARGET (person) | YAW RIGHT ➔ | MOVE FORWARD ⬆⬆ | Area: 1216
2026-05-25 13:28:21,628 - AeroBrain - INFO - Detected: person (ID: 0, Conf: 0.60, Area: 1050)
2026-05-25 13:28:21,628 - AeroBrain - INFO - Detected: person (ID: 0, Conf: 0.40, Area: 308)
2026-05-25 13:28:21,630 - AeroBrain - INFO - 🎯 TARGET (person) | YAW RIGHT ➔ | MOVE FORWARD ⬆⬆ | Area: 1050
2026-05-25 13:28:21,767 - AeroBrain - INFO - Detected: person (ID: 0, Conf: 0.68, Area: 1334)
2026-05-25 13:28:21,767 - AeroBrain - INFO - Detected: person (ID: 0, Conf: 0.61, Area: 1102)
2026-05-25 13:28:21,769 - AeroBrain - INFO - 🎯 TARGET (person) | YAW RIGHT ➔ | MOVE FORWARD ⬆⬆ | Area: 1334
2026-05-25 13:28:21,976 - AeroBrain - INFO - Detected: person (ID: 0, Conf: 0.48, Area: 810)
2026-05-25 13:28:21,978 - AeroBrain - INFO - 🎯 TARGET (person) | YAW RIGHT ➔ | MOVE FORWARD ⬆⬆ | Area: 810
2026-05-25 13:28:22,178 - AeroBrain - INFO - Detected: person (ID: 0, Conf: 0.52, Area: 1020)
2026-05-25 13:28:22,179 - AeroBrain - INFO - Detected: person (ID: 0, Conf: 0.50, Area: 1092)
2026-05-25 13:28:22,181 - AeroBrain - INFO - 🎯 TARGET (person) | YAW RIGHT ➔ | MOVE FORWARD ⬆⬆ | Area: 1092
2026-05-25 13:28:22,345 - AeroBrain - INFO - 🔄 PATROL: ROTATING (1%)
2026-05-25 13:28:22,512 - AeroBrain - INFO - Detected: person (ID: 0, Conf: 0.61, Area: 663)
2026-05-25 13:28:22,512 - AeroBrain - INFO - Detected: boat (ID: 8, Conf: 0.46, Area: 855)
2026-05-25 13:28:22,515 - AeroBrain - INFO - 🎯 TARGET (boat) | YAW RIGHT ➔ | MOVE FORWARD ⬆⬆ | Area: 855
2026-05-25 13:28:22,693 - AeroBrain - INFO - 🔄 PATROL: ROTATING (1%)
2026-05-25 13:28:22,849 - AeroBrain - INFO - 🔄 PATROL: ROTATING (2%)
2026-05-25 13:28:23,085 - AeroBrain - INFO - 🔄 PATROL: ROTATING (4%)
2026-05-25 13:28:23,261 - AeroBrain - INFO - 🔄 PATROL: ROTATING (6%)
2026-05-25 13:28:23,450 - AeroBrain - INFO - Detected: person (ID: 0, Conf: 0.46, Area: 360)
2026-05-25 13:28:23,454 - AeroBrain - INFO - 🎯 TARGET (person) | YAW RIGHT ➔ | MOVE FORWARD ⬆⬆ | Area: 360
2026-05-25 13:28:23,630 - AeroBrain - INFO - 🔄 PATROL: ROTATING (1%)
2026-05-25 13:28:23,787 - AeroBrain - INFO - Detected: person (ID: 0, Conf: 0.55, Area: 480)
2026-05-25 13:28:23,788 - AeroBrain - INFO - Detected: person (ID: 0, Conf: 0.45, Area: 240)
2026-05-25 13:28:23,788 - AeroBrain - INFO - Detected: person (ID: 0, Conf: 0.41, Area: 275)
2026-05-25 13:28:23,790 - AeroBrain - INFO - 🎯 TARGET (person) | YAW RIGHT ➔ | MOVE FORWARD ⬆⬆ | Area: 480
2026-05-25 13:28:23,955 - AeroBrain - INFO - 🔄 PATROL: ROTATING (1%)
2026-05-25 13:28:24,148 - AeroBrain - INFO - 🔄 PATROL: ROTATING (2%)
2026-05-25 13:28:24,305 - AeroBrain - INFO - 🔄 PATROL: ROTATING (4%)
2026-05-25 13:28:24,480 - AeroBrain - INFO - Detected: person (ID: 0, Conf: 0.42, Area: 370)
2026-05-25 13:28:24,481 - AeroBrain - INFO - 🎯 TARGET (person) | YAW RIGHT ➔ | MOVE FORWARD ⬆⬆ | Area: 370
2026-05-25 13:28:24,697 - AeroBrain - INFO - 🔄 PATROL: ROTATING (1%)
2026-05-25 13:28:24,853 - AeroBrain - INFO - Detected: car (ID: 2, Conf: 0.49, Area: 1290)
2026-05-25 13:28:24,857 - AeroBrain - INFO - 🎯 TARGET (car) | YAW RIGHT ➔ | MOVE FORWARD ⬆⬆ | Area: 1290
2026-05-25 13:28:25,011 - AeroBrain - INFO - 🔄 PATROL: ROTATING (1%)
2026-05-25 13:28:25,161 - AeroBrain - INFO - 🔄 PATROL: ROTATING (2%)
2026-05-25 13:28:25,344 - AeroBrain - INFO - 🔄 PATROL: ROTATING (4%)
2026-05-25 13:28:25,495 - AeroBrain - INFO - 🔄 PATROL: ROTATING (5%)
2026-05-25 13:28:25,649 - AeroBrain - INFO - Detected: person (ID: 0, Conf: 0.49, Area: 504)
2026-05-25 13:28:25,651 - AeroBrain - INFO - 🎯 TARGET (person) | YAW LEFT ⬅ | MOVE FORWARD ⬆⬆ | Area: 504
2026-05-25 13:28:25,804 - AeroBrain - INFO - 🔄 PATROL: ROTATING (1%)
2026-05-25 13:28:25,961 - AeroBrain - INFO - Detected: person (ID: 0, Conf: 0.59, Area: 731)
2026-05-25 13:28:25,963 - AeroBrain - INFO - 🎯 TARGET (person) | YAW LEFT ⬅ | MOVE FORWARD ⬆⬆ | Area: 731
2026-05-25 13:28:26,112 - AeroBrain - INFO - 🔄 PATROL: ROTATING (1%)
2026-05-25 13:28:26,259 - AeroBrain - INFO - Detected: person (ID: 0, Conf: 0.60, Area: 588)
2026-05-25 13:28:26,259 - AeroBrain - INFO - Detected: person (ID: 0, Conf: 0.50, Area: 1188)
2026-05-25 13:28:26,262 - AeroBrain - INFO - 🎯 TARGET (person) | YAW LEFT ⬅ | MOVE FORWARD ⬆⬆ | Area: 1188
2026-05-25 13:28:26,451 - AeroBrain - INFO - Detected: person (ID: 0, Conf: 0.53, Area: 480)
2026-05-25 13:28:26,457 - AeroBrain - INFO - 🎯 TARGET (person) | YAW LEFT ⬅ | MOVE FORWARD ⬆⬆ | Area: 480
2026-05-25 13:28:26,642 - AeroBrain - INFO - 🔄 PATROL: ROTATING (1%)
2026-05-25 13:28:26,820 - AeroBrain - INFO - Detected: person (ID: 0, Conf: 0.54, Area: 731)
2026-05-25 13:28:26,824 - AeroBrain - INFO - 🎯 TARGET (person) | YAW LEFT ⬅ | MOVE FORWARD ⬆⬆ | Area: 731
2026-05-25 13:28:26,979 - AeroBrain - INFO - 🔄 PATROL: ROTATING (1%)
2026-05-25 13:28:27,155 - AeroBrain - INFO - Detected: person (ID: 0, Conf: 0.53, Area: 828)
2026-05-25 13:28:27,157 - AeroBrain - INFO - 🎯 TARGET (person) | YAW LEFT ⬅ | MOVE FORWARD ⬆⬆ | Area: 828
2026-05-25 13:28:27,311 - AeroBrain - INFO - 🔄 PATROL: ROTATING (1%)
2026-05-25 13:28:27,463 - AeroBrain - INFO - Detected: car (ID: 2, Conf: 0.43, Area: 2820)
2026-05-25 13:28:27,466 - AeroBrain - INFO - 🎯 TARGET (car) | YAW RIGHT ➔ | MOVE FORWARD ⬆⬆ | Area: 2820
2026-05-25 13:28:27,646 - AeroBrain - INFO - 🔄 PATROL: ROTATING (1%)
2026-05-25 13:28:27,826 - AeroBrain - INFO - 🔄 PATROL: ROTATING (3%)
2026-05-25 13:28:27,981 - AeroBrain - INFO - 🔄 PATROL: ROTATING (4%)
2026-05-25 13:28:28,168 - AeroBrain - INFO - 🔄 PATROL: ROTATING (5%)
2026-05-25 13:28:28,357 - AeroBrain - INFO - Detected: horse (ID: 17, Conf: 0.40, Area: 1224)
2026-05-25 13:28:28,359 - AeroBrain - INFO - 🎯 TARGET (horse) | YAW RIGHT ➔ | MOVE FORWARD ⬆⬆ | Area: 1224
2026-05-25 13:28:28,519 - AeroBrain - INFO - 🔄 PATROL: ROTATING (1%)
2026-05-25 13:28:28,676 - AeroBrain - INFO - 🔄 PATROL: ROTATING (2%)
2026-05-25 13:28:28,835 - AeroBrain - INFO - 🔄 PATROL: ROTATING (3%)
2026-05-25 13:28:28,995 - AeroBrain - INFO - 🔄 PATROL: ROTATING (5%)
2026-05-25 13:28:29,159 - AeroBrain - INFO - 🔄 PATROL: ROTATING (6%)
2026-05-25 13:28:29,350 - AeroBrain - INFO - 🔄 PATROL: ROTATING (8%)
2026-05-25 13:28:29,513 - AeroBrain - INFO - 🔄 PATROL: ROTATING (9%)
2026-05-25 13:28:29,667 - AeroBrain - INFO - 🔄 PATROL: ROTATING (10%)
2026-05-25 13:28:29,825 - AeroBrain - INFO - 🔄 PATROL: ROTATING (12%)
2026-05-25 13:28:29,987 - AeroBrain - INFO - 🔄 PATROL: ROTATING (13%)
2026-05-25 13:28:30,188 - AeroBrain - INFO - 🔄 PATROL: ROTATING (15%)
2026-05-25 13:28:30,345 - AeroBrain - INFO - 🔄 PATROL: ROTATING (16%)
2026-05-25 13:28:30,503 - AeroBrain - INFO - 🔄 PATROL: ROTATING (17%)
2026-05-25 13:28:30,663 - AeroBrain - INFO - Detected: boat (ID: 8, Conf: 0.56, Area: 16940)
2026-05-25 13:28:30,665 - AeroBrain - INFO - 🎯 TARGET (boat) | YAW RIGHT ➔ | MOVE FORWARD ⬆⬆ | Area: 16940
2026-05-25 13:28:30,862 - AeroBrain - INFO - 🔄 PATROL: ROTATING (1%)
2026-05-25 13:28:31,026 - AeroBrain - INFO - 🔄 PATROL: ROTATING (3%)
2026-05-25 13:28:31,179 - AeroBrain - INFO - 🔄 PATROL: ROTATING (4%)
2026-05-25 13:28:31,363 - AeroBrain - INFO - 🔄 PATROL: ROTATING (5%)
2026-05-25 13:28:31,511 - AeroBrain - INFO - 🔄 PATROL: ROTATING (7%)
2026-05-25 13:28:31,696 - AeroBrain - INFO - 🔄 PATROL: ROTATING (8%)
2026-05-25 13:28:31,870 - AeroBrain - INFO - 🔄 PATROL: ROTATING (10%)
2026-05-25 13:28:32,044 - AeroBrain - INFO - Detected: fire hydrant (ID: 10, Conf: 0.61, Area: 1269)
2026-05-25 13:28:32,046 - AeroBrain - INFO - 🎯 TARGET (fire hydrant) | CENTERED = | MOVE FORWARD ⬆⬆ | Area: 1269
2026-05-25 13:28:32,183 - AeroBrain - INFO - Detected: fire hydrant (ID: 10, Conf: 0.48, Area: 1175)
2026-05-25 13:28:32,185 - AeroBrain - INFO - 🎯 TARGET (fire hydrant) | CENTERED = | MOVE FORWARD ⬆⬆ | Area: 1175
2026-05-25 13:28:32,346 - AeroBrain - INFO - 🔄 PATROL: ROTATING (1%)
2026-05-25 13:28:32,485 - AeroBrain - INFO - Detected: boat (ID: 8, Conf: 0.52, Area: 10962)
2026-05-25 13:28:32,487 - AeroBrain - INFO - 🎯 TARGET (boat) | YAW LEFT ⬅ | MOVE FORWARD ⬆⬆ | Area: 10962
2026-05-25 13:28:32,654 - AeroBrain - INFO - 🔄 PATROL: ROTATING (1%)
2026-05-25 13:28:32,816 - AeroBrain - INFO - 🔄 PATROL: ROTATING (2%)
2026-05-25 13:28:32,964 - AeroBrain - INFO - 🔄 PATROL: ROTATING (3%)
2026-05-25 13:28:33,140 - AeroBrain - INFO - 🔄 PATROL: ROTATING (5%)
2026-05-25 13:28:33,352 - AeroBrain - INFO - 🔄 PATROL: ROTATING (7%)
2026-05-25 13:28:33,515 - AeroBrain - INFO - 🔄 PATROL: ROTATING (8%)
2026-05-25 13:28:33,687 - AeroBrain - INFO - 🔄 PATROL: ROTATING (9%)
2026-05-25 13:28:33,855 - AeroBrain - INFO - 🔄 PATROL: ROTATING (11%)
2026-05-25 13:28:34,024 - AeroBrain - INFO - 🔄 PATROL: ROTATING (12%)
2026-05-25 13:28:34,173 - AeroBrain - INFO - Detected: boat (ID: 8, Conf: 0.66, Area: 5265)
2026-05-25 13:28:34,175 - AeroBrain - INFO - 🎯 TARGET (boat) | YAW LEFT ⬅ | MOVE FORWARD ⬆⬆ | Area: 5265
2026-05-25 13:28:34,346 - AeroBrain - INFO - Detected: person (ID: 0, Conf: 0.54, Area: 261)
2026-05-25 13:28:34,348 - AeroBrain - INFO - 🎯 TARGET (person) | YAW RIGHT ➔ | MOVE FORWARD ⬆⬆ | Area: 261
2026-05-25 13:28:34,494 - AeroBrain - INFO - Detected: person (ID: 0, Conf: 0.51, Area: 216)
2026-05-25 13:28:34,494 - AeroBrain - INFO - Detected: person (ID: 0, Conf: 0.48, Area: 243)
2026-05-25 13:28:34,496 - AeroBrain - INFO - 🎯 TARGET (person) | YAW RIGHT ➔ | MOVE FORWARD ⬆⬆ | Area: 243
2026-05-25 13:28:34,680 - AeroBrain - INFO - 🔄 PATROL: ROTATING (1%)
2026-05-25 13:28:34,865 - AeroBrain - INFO - 🔄 PATROL: ROTATING (3%)
2026-05-25 13:28:35,032 - AeroBrain - INFO - 🔄 PATROL: ROTATING (4%)
2026-05-25 13:28:35,196 - AeroBrain - INFO - 🔄 PATROL: ROTATING (5%)
2026-05-25 13:28:35,378 - AeroBrain - INFO - 🔄 PATROL: ROTATING (7%)
2026-05-25 13:28:35,543 - AeroBrain - INFO - 🔄 PATROL: ROTATING (8%)
2026-05-25 13:28:35,698 - AeroBrain - INFO - Detected: person (ID: 0, Conf: 0.59, Area: 800)
2026-05-25 13:28:35,700 - AeroBrain - INFO - 🎯 TARGET (person) | YAW RIGHT ➔ | MOVE FORWARD ⬆⬆ | Area: 800
2026-05-25 13:28:35,884 - AeroBrain - INFO - Detected: person (ID: 0, Conf: 0.56, Area: 935)
2026-05-25 13:28:35,884 - AeroBrain - INFO - Detected: person (ID: 0, Conf: 0.50, Area: 324)
2026-05-25 13:28:35,886 - AeroBrain - INFO - 🎯 TARGET (person) | YAW RIGHT ➔ | MOVE FORWARD ⬆⬆ | Area: 935
2026-05-25 13:28:36,089 - AeroBrain - INFO - Detected: person (ID: 0, Conf: 0.61, Area: 690)
2026-05-25 13:28:36,090 - AeroBrain - INFO - Detected: person (ID: 0, Conf: 0.41, Area: 513)
2026-05-25 13:28:36,092 - AeroBrain - INFO - 🎯 TARGET (person) | YAW RIGHT ➔ | MOVE FORWARD ⬆⬆ | Area: 690
2026-05-25 13:28:36,248 - AeroBrain - INFO - Detected: person (ID: 0, Conf: 0.63, Area: 738)
2026-05-25 13:28:36,249 - AeroBrain - INFO - 🎯 TARGET (person) | YAW RIGHT ➔ | MOVE FORWARD ⬆⬆ | Area: 738
2026-05-25 13:28:36,435 - AeroBrain - INFO - Detected: person (ID: 0, Conf: 0.54, Area: 741)
2026-05-25 13:28:36,440 - AeroBrain - INFO - 🎯 TARGET (person) | YAW RIGHT ➔ | MOVE FORWARD ⬆⬆ | Area: 741
2026-05-25 13:28:36,622 - AeroBrain - INFO - Detected: person (ID: 0, Conf: 0.72, Area: 574)
2026-05-25 13:28:36,628 - AeroBrain - INFO - 🎯 TARGET (person) | YAW RIGHT ➔ | MOVE FORWARD ⬆⬆ | Area: 574
2026-05-25 13:28:36,815 - AeroBrain - INFO - Detected: person (ID: 0, Conf: 0.71, Area: 533)
2026-05-25 13:28:36,817 - AeroBrain - INFO - 🎯 TARGET (person) | YAW RIGHT ➔ | MOVE FORWARD ⬆⬆ | Area: 533
2026-05-25 13:28:36,968 - AeroBrain - INFO - Detected: person (ID: 0, Conf: 0.57, Area: 518)
2026-05-25 13:28:36,970 - AeroBrain - INFO - 🎯 TARGET (person) | YAW RIGHT ➔ | MOVE FORWARD ⬆⬆ | Area: 518
2026-05-25 13:28:37,124 - AeroBrain - INFO - Detected: person (ID: 0, Conf: 0.53, Area: 456)
2026-05-25 13:28:37,126 - AeroBrain - INFO - 🎯 TARGET (person) | YAW RIGHT ➔ | MOVE FORWARD ⬆⬆ | Area: 456
2026-05-25 13:28:37,270 - AeroBrain - INFO - Detected: person (ID: 0, Conf: 0.67, Area: 456)
2026-05-25 13:28:37,271 - AeroBrain - INFO - Detected: person (ID: 0, Conf: 0.43, Area: 230)
2026-05-25 13:28:37,273 - AeroBrain - INFO - 🎯 TARGET (person) | YAW RIGHT ➔ | MOVE FORWARD ⬆⬆ | Area: 456
2026-05-25 13:28:37,419 - AeroBrain - INFO - Detected: person (ID: 0, Conf: 0.62, Area: 468)
2026-05-25 13:28:37,422 - AeroBrain - INFO - 🎯 TARGET (person) | YAW RIGHT ➔ | MOVE FORWARD ⬆⬆ | Area: 468
2026-05-25 13:28:37,565 - AeroBrain - INFO - Detected: person (ID: 0, Conf: 0.44, Area: 462)
2026-05-25 13:28:37,567 - AeroBrain - INFO - 🎯 TARGET (person) | YAW RIGHT ➔ | MOVE FORWARD ⬆⬆ | Area: 462
2026-05-25 13:28:37,710 - AeroBrain - INFO - Detected: person (ID: 0, Conf: 0.55, Area: 451)
2026-05-25 13:28:37,711 - AeroBrain - INFO - Detected: person (ID: 0, Conf: 0.41, Area: 306)
2026-05-25 13:28:37,714 - AeroBrain - INFO - 🎯 TARGET (person) | YAW RIGHT ➔ | MOVE FORWARD ⬆⬆ | Area: 451
2026-05-25 13:28:37,884 - AeroBrain - INFO - Detected: person (ID: 0, Conf: 0.57, Area: 440)
2026-05-25 13:28:37,885 - AeroBrain - INFO - Detected: person (ID: 0, Conf: 0.54, Area: 414)
2026-05-25 13:28:37,885 - AeroBrain - INFO - Detected: person (ID: 0, Conf: 0.43, Area: 341)
2026-05-25 13:28:37,889 - AeroBrain - INFO - 🎯 TARGET (person) | YAW RIGHT ➔ | MOVE FORWARD ⬆⬆ | Area: 440
2026-05-25 13:28:38,068 - AeroBrain - INFO - Detected: person (ID: 0, Conf: 0.54, Area: 468)
2026-05-25 13:28:38,069 - AeroBrain - INFO - Detected: person (ID: 0, Conf: 0.47, Area: 396)
2026-05-25 13:28:38,071 - AeroBrain - INFO - 🎯 TARGET (person) | CENTERED = | MOVE FORWARD ⬆⬆ | Area: 468
2026-05-25 13:28:38,211 - AeroBrain - INFO - Detected: person (ID: 0, Conf: 0.43, Area: 299)
2026-05-25 13:28:38,214 - AeroBrain - INFO - 🎯 TARGET (person) | YAW RIGHT ➔ | MOVE FORWARD ⬆⬆ | Area: 299
2026-05-25 13:28:38,390 - AeroBrain - INFO - Detected: person (ID: 0, Conf: 0.54, Area: 456)
2026-05-25 13:28:38,391 - AeroBrain - INFO - Detected: person (ID: 0, Conf: 0.41, Area: 442)
2026-05-25 13:28:38,392 - AeroBrain - INFO - 🎯 TARGET (person) | YAW RIGHT ➔ | MOVE FORWARD ⬆⬆ | Area: 456
2026-05-25 13:28:38,538 - AeroBrain - INFO - Detected: person (ID: 0, Conf: 0.55, Area: 456)
2026-05-25 13:28:38,541 - AeroBrain - INFO - Detected: person (ID: 0, Conf: 0.45, Area: 330)
2026-05-25 13:28:38,541 - AeroBrain - INFO - Detected: person (ID: 0, Conf: 0.41, Area: 276)
2026-05-25 13:28:38,545 - AeroBrain - INFO - 🎯 TARGET (person) | CENTERED = | MOVE FORWARD ⬆⬆ | Area: 456
2026-05-25 13:28:38,696 - AeroBrain - INFO - 🔄 PATROL: ROTATING (1%)
2026-05-25 13:28:38,834 - AeroBrain - INFO - Detected: person (ID: 0, Conf: 0.60, Area: 600)
2026-05-25 13:28:38,835 - AeroBrain - INFO - Detected: person (ID: 0, Conf: 0.49, Area: 364)
2026-05-25 13:28:38,837 - AeroBrain - INFO - 🎯 TARGET (person) | YAW RIGHT ➔ | MOVE FORWARD ⬆⬆ | Area: 600
2026-05-25 13:28:38,984 - AeroBrain - INFO - 🔄 PATROL: ROTATING (1%)
2026-05-25 13:28:39,167 - AeroBrain - INFO - 🔄 PATROL: ROTATING (2%)
2026-05-25 13:28:39,335 - AeroBrain - INFO - Detected: person (ID: 0, Conf: 0.56, Area: 384)
2026-05-25 13:28:39,336 - AeroBrain - INFO - Detected: person (ID: 0, Conf: 0.41, Area: 697)
2026-05-25 13:28:39,338 - AeroBrain - INFO - 🎯 TARGET (person) | CENTERED = | MOVE FORWARD ⬆⬆ | Area: 697
2026-05-25 13:28:39,479 - AeroBrain - INFO - Detected: person (ID: 0, Conf: 0.45, Area: 242)
2026-05-25 13:28:39,481 - AeroBrain - INFO - 🎯 TARGET (person) | CENTERED = | MOVE FORWARD ⬆⬆ | Area: 242
2026-05-25 13:28:39,657 - AeroBrain - INFO - Detected: person (ID: 0, Conf: 0.59, Area: 504)
2026-05-25 13:28:39,657 - AeroBrain - INFO - Detected: person (ID: 0, Conf: 0.48, Area: 520)
2026-05-25 13:28:39,658 - AeroBrain - INFO - Detected: person (ID: 0, Conf: 0.48, Area: 370)
2026-05-25 13:28:39,658 - AeroBrain - INFO - 🎯 TARGET (person) | YAW LEFT ⬅ | MOVE FORWARD ⬆⬆ | Area: 520
2026-05-25 13:28:39,837 - AeroBrain - INFO - Detected: person (ID: 0, Conf: 0.54, Area: 689)
2026-05-25 13:28:39,837 - AeroBrain - INFO - Detected: person (ID: 0, Conf: 0.53, Area: 250)
2026-05-25 13:28:39,837 - AeroBrain - INFO - Detected: person (ID: 0, Conf: 0.49, Area: 533)
2026-05-25 13:28:39,838 - AeroBrain - INFO - Detected: person (ID: 0, Conf: 0.48, Area: 559)
2026-05-25 13:28:39,838 - AeroBrain - INFO - Detected: person (ID: 0, Conf: 0.47, Area: 315)
2026-05-25 13:28:39,840 - AeroBrain - INFO - 🎯 TARGET (person) | CENTERED = | MOVE FORWARD ⬆⬆ | Area: 689
2026-05-25 13:28:39,981 - AeroBrain - INFO - Detected: person (ID: 0, Conf: 0.62, Area: 675)
2026-05-25 13:28:39,981 - AeroBrain - INFO - Detected: person (ID: 0, Conf: 0.60, Area: 812)
2026-05-25 13:28:39,982 - AeroBrain - INFO - Detected: person (ID: 0, Conf: 0.54, Area: 507)
2026-05-25 13:28:39,982 - AeroBrain - INFO - Detected: person (ID: 0, Conf: 0.43, Area: 352)
2026-05-25 13:28:39,984 - AeroBrain - INFO - 🎯 TARGET (person) | CENTERED = | MOVE FORWARD ⬆⬆ | Area: 812
2026-05-25 13:28:40,154 - AeroBrain - INFO - Detected: person (ID: 0, Conf: 0.70, Area: 825)
2026-05-25 13:28:40,156 - AeroBrain - INFO - Detected: person (ID: 0, Conf: 0.53, Area: 504)
2026-05-25 13:28:40,157 - AeroBrain - INFO - Detected: person (ID: 0, Conf: 0.45, Area: 297)
2026-05-25 13:28:40,157 - AeroBrain - INFO - Detected: person (ID: 0, Conf: 0.45, Area: 680)
2026-05-25 13:28:40,157 - AeroBrain - INFO - Detected: person (ID: 0, Conf: 0.41, Area: 492)
2026-05-25 13:28:40,158 - AeroBrain - INFO - 🎯 TARGET (person) | CENTERED = | MOVE FORWARD ⬆⬆ | Area: 825
2026-05-25 13:28:40,330 - AeroBrain - INFO - Detected: person (ID: 0, Conf: 0.67, Area: 598)
2026-05-25 13:28:40,331 - AeroBrain - INFO - Detected: person (ID: 0, Conf: 0.65, Area: 533)
2026-05-25 13:28:40,332 - AeroBrain - INFO - Detected: person (ID: 0, Conf: 0.41, Area: 330)
2026-05-25 13:28:40,332 - AeroBrain - INFO - Detected: person (ID: 0, Conf: 0.40, Area: 407)
2026-05-25 13:28:40,334 - AeroBrain - INFO - 🎯 TARGET (person) | CENTERED = | MOVE FORWARD ⬆⬆ | Area: 598
2026-05-25 13:28:40,473 - AeroBrain - INFO - Detected: person (ID: 0, Conf: 0.56, Area: 645)
2026-05-25 13:28:40,474 - AeroBrain - INFO - Detected: person (ID: 0, Conf: 0.40, Area: 455)
2026-05-25 13:28:40,476 - AeroBrain - INFO - 🎯 TARGET (person) | YAW LEFT ⬅ | MOVE FORWARD ⬆⬆ | Area: 645
2026-05-25 13:28:40,615 - AeroBrain - INFO - Detected: person (ID: 0, Conf: 0.54, Area: 540)
2026-05-25 13:28:40,616 - AeroBrain - INFO - Detected: person (ID: 0, Conf: 0.48, Area: 520)
2026-05-25 13:28:40,616 - AeroBrain - INFO - Detected: person (ID: 0, Conf: 0.42, Area: 250)
2026-05-25 13:28:40,617 - AeroBrain - INFO - Detected: person (ID: 0, Conf: 0.40, Area: 494)
2026-05-25 13:28:40,619 - AeroBrain - INFO - 🎯 TARGET (person) | YAW LEFT ⬅ | MOVE FORWARD ⬆⬆ | Area: 540
2026-05-25 13:28:40,794 - AeroBrain - INFO - Detected: person (ID: 0, Conf: 0.64, Area: 574)
2026-05-25 13:28:40,795 - AeroBrain - INFO - Detected: person (ID: 0, Conf: 0.56, Area: 451)
2026-05-25 13:28:40,795 - AeroBrain - INFO - Detected: person (ID: 0, Conf: 0.53, Area: 516)
2026-05-25 13:28:40,797 - AeroBrain - INFO - 🎯 TARGET (person) | YAW LEFT ⬅ | MOVE FORWARD ⬆⬆ | Area: 574
2026-05-25 13:28:40,939 - AeroBrain - INFO - Detected: person (ID: 0, Conf: 0.65, Area: 616)
2026-05-25 13:28:40,940 - AeroBrain - INFO - Detected: person (ID: 0, Conf: 0.59, Area: 405)
2026-05-25 13:28:40,941 - AeroBrain - INFO - Detected: person (ID: 0, Conf: 0.49, Area: 516)
2026-05-25 13:28:40,941 - AeroBrain - INFO - Detected: person (ID: 0, Conf: 0.46, Area: 330)
2026-05-25 13:28:40,941 - AeroBrain - INFO - Detected: person (ID: 0, Conf: 0.45, Area: 540)
2026-05-25 13:28:40,944 - AeroBrain - INFO - 🎯 TARGET (person) | YAW LEFT ⬅ | MOVE FORWARD ⬆⬆ | Area: 616
2026-05-25 13:28:41,082 - AeroBrain - INFO - Detected: person (ID: 0, Conf: 0.52, Area: 480)
2026-05-25 13:28:41,084 - AeroBrain - INFO - 🎯 TARGET (person) | YAW LEFT ⬅ | MOVE FORWARD ⬆⬆ | Area: 480
2026-05-25 13:28:41,227 - AeroBrain - INFO - Detected: person (ID: 0, Conf: 0.60, Area: 533)
2026-05-25 13:28:41,227 - AeroBrain - INFO - Detected: person (ID: 0, Conf: 0.60, Area: 630)
2026-05-25 13:28:41,228 - AeroBrain - INFO - Detected: person (ID: 0, Conf: 0.59, Area: 506)
2026-05-25 13:28:41,228 - AeroBrain - INFO - Detected: person (ID: 0, Conf: 0.42, Area: 396)
2026-05-25 13:28:41,230 - AeroBrain - INFO - 🎯 TARGET (person) | YAW LEFT ⬅ | MOVE FORWARD ⬆⬆ | Area: 630
2026-05-25 13:28:41,406 - AeroBrain - INFO - Detected: person (ID: 0, Conf: 0.63, Area: 700)
2026-05-25 13:28:41,406 - AeroBrain - INFO - Detected: person (ID: 0, Conf: 0.62, Area: 752)
2026-05-25 13:28:41,407 - AeroBrain - INFO - Detected: person (ID: 0, Conf: 0.46, Area: 552)
2026-05-25 13:28:41,408 - AeroBrain - INFO - 🎯 TARGET (person) | YAW LEFT ⬅ | MOVE FORWARD ⬆⬆ | Area: 752
2026-05-25 13:28:41,579 - AeroBrain - INFO - Detected: person (ID: 0, Conf: 0.55, Area: 612)
2026-05-25 13:28:41,580 - AeroBrain - INFO - Detected: person (ID: 0, Conf: 0.51, Area: 348)
2026-05-25 13:28:41,580 - AeroBrain - INFO - Detected: person (ID: 0, Conf: 0.47, Area: 504)
2026-05-25 13:28:41,582 - AeroBrain - INFO - 🎯 TARGET (person) | CENTERED = | MOVE FORWARD ⬆⬆ | Area: 612
2026-05-25 13:28:41,724 - AeroBrain - INFO - Detected: person (ID: 0, Conf: 0.58, Area: 552)
2026-05-25 13:28:41,724 - AeroBrain - INFO - Detected: person (ID: 0, Conf: 0.48, Area: 561)
2026-05-25 13:28:41,725 - AeroBrain - INFO - Detected: person (ID: 0, Conf: 0.42, Area: 330)
2026-05-25 13:28:41,726 - AeroBrain - INFO - 🎯 TARGET (person) | CENTERED = | MOVE FORWARD ⬆⬆ | Area: 561
2026-05-25 13:28:41,894 - AeroBrain - INFO - Detected: person (ID: 0, Conf: 0.61, Area: 828)
2026-05-25 13:28:41,895 - AeroBrain - INFO - Detected: person (ID: 0, Conf: 0.55, Area: 918)
2026-05-25 13:28:41,896 - AeroBrain - INFO - Detected: person (ID: 0, Conf: 0.48, Area: 385)
2026-05-25 13:28:41,897 - AeroBrain - INFO - 🎯 TARGET (person) | CENTERED = | MOVE FORWARD ⬆⬆ | Area: 918
2026-05-25 13:28:42,042 - AeroBrain - INFO - Detected: person (ID: 0, Conf: 0.48, Area: 969)
2026-05-25 13:28:42,042 - AeroBrain - INFO - Detected: person (ID: 0, Conf: 0.44, Area: 330)
2026-05-25 13:28:42,043 - AeroBrain - INFO - Detected: person (ID: 0, Conf: 0.42, Area: 363)
2026-05-25 13:28:42,044 - AeroBrain - INFO - 🎯 TARGET (person) | CENTERED = | MOVE FORWARD ⬆⬆ | Area: 969
2026-05-25 13:28:42,187 - AeroBrain - INFO - Detected: person (ID: 0, Conf: 0.57, Area: 882)
2026-05-25 13:28:42,188 - AeroBrain - INFO - Detected: person (ID: 0, Conf: 0.52, Area: 481)
2026-05-25 13:28:42,190 - AeroBrain - INFO - 🎯 TARGET (person) | CENTERED = | MOVE FORWARD ⬆⬆ | Area: 882
2026-05-25 13:28:42,360 - AeroBrain - INFO - Detected: person (ID: 0, Conf: 0.69, Area: 475)
2026-05-25 13:28:42,361 - AeroBrain - INFO - Detected: person (ID: 0, Conf: 0.61, Area: 704)
2026-05-25 13:28:42,361 - AeroBrain - INFO - Detected: person (ID: 0, Conf: 0.52, Area: 756)
2026-05-25 13:28:42,363 - AeroBrain - INFO - 🎯 TARGET (person) | CENTERED = | MOVE FORWARD ⬆⬆ | Area: 756
2026-05-25 13:28:42,534 - AeroBrain - INFO - Detected: person (ID: 0, Conf: 0.58, Area: 816)
2026-05-25 13:28:42,535 - AeroBrain - INFO - Detected: person (ID: 0, Conf: 0.46, Area: 559)
2026-05-25 13:28:42,535 - AeroBrain - INFO - Detected: person (ID: 0, Conf: 0.46, Area: 288)
2026-05-25 13:28:42,535 - AeroBrain - INFO - Detected: person (ID: 0, Conf: 0.45, Area: 320)
2026-05-25 13:28:42,538 - AeroBrain - INFO - 🎯 TARGET (person) | YAW LEFT ⬅ | MOVE FORWARD ⬆⬆ | Area: 816
2026-05-25 13:28:42,684 - AeroBrain - INFO - Detected: person (ID: 0, Conf: 0.61, Area: 960)
2026-05-25 13:28:42,685 - AeroBrain - INFO - Detected: person (ID: 0, Conf: 0.49, Area: 352)
2026-05-25 13:28:42,685 - AeroBrain - INFO - Detected: person (ID: 0, Conf: 0.48, Area: 456)
2026-05-25 13:28:42,687 - AeroBrain - INFO - 🎯 TARGET (person) | YAW LEFT ⬅ | MOVE FORWARD ⬆⬆ | Area: 960
2026-05-25 13:28:42,857 - AeroBrain - INFO - Detected: person (ID: 0, Conf: 0.61, Area: 846)
2026-05-25 13:28:42,858 - AeroBrain - INFO - Detected: person (ID: 0, Conf: 0.45, Area: 352)
2026-05-25 13:28:42,858 - AeroBrain - INFO - Detected: person (ID: 0, Conf: 0.42, Area: 253)
2026-05-25 13:28:42,860 - AeroBrain - INFO - 🎯 TARGET (person) | YAW LEFT ⬅ | MOVE FORWARD ⬆⬆ | Area: 846
2026-05-25 13:28:43,003 - AeroBrain - INFO - Detected: person (ID: 0, Conf: 0.50, Area: 672)
2026-05-25 13:28:43,003 - AeroBrain - INFO - Detected: person (ID: 0, Conf: 0.45, Area: 374)
2026-05-25 13:28:43,005 - AeroBrain - INFO - 🎯 TARGET (person) | YAW LEFT ⬅ | MOVE FORWARD ⬆⬆ | Area: 672
2026-05-25 13:28:43,177 - AeroBrain - INFO - Detected: person (ID: 0, Conf: 0.48, Area: 310)
2026-05-25 13:28:43,180 - AeroBrain - INFO - 🎯 TARGET (person) | YAW LEFT ⬅ | MOVE FORWARD ⬆⬆ | Area: 310
2026-05-25 13:28:43,351 - AeroBrain - INFO - Detected: person (ID: 0, Conf: 0.49, Area: 363)
2026-05-25 13:28:43,351 - AeroBrain - INFO - Detected: person (ID: 0, Conf: 0.44, Area: 480)
2026-05-25 13:28:43,352 - AeroBrain - INFO - Detected: person (ID: 0, Conf: 0.40, Area: 341)
2026-05-25 13:28:43,354 - AeroBrain - INFO - 🎯 TARGET (person) | YAW LEFT ⬅ | MOVE FORWARD ⬆⬆ | Area: 480
2026-05-25 13:28:43,491 - AeroBrain - INFO - Detected: person (ID: 0, Conf: 0.53, Area: 598)
2026-05-25 13:28:43,492 - AeroBrain - INFO - Detected: person (ID: 0, Conf: 0.45, Area: 310)
2026-05-25 13:28:43,494 - AeroBrain - INFO - 🎯 TARGET (person) | YAW LEFT ⬅ | MOVE FORWARD ⬆⬆ | Area: 598
2026-05-25 13:28:43,674 - AeroBrain - INFO - Detected: person (ID: 0, Conf: 0.54, Area: 750)
2026-05-25 13:28:43,677 - AeroBrain - INFO - 🎯 TARGET (person) | YAW LEFT ⬅ | MOVE FORWARD ⬆⬆ | Area: 750
2026-05-25 13:28:43,853 - AeroBrain - INFO - 🔄 PATROL: ROTATING (1%)
2026-05-25 13:28:43,994 - AeroBrain - INFO - Detected: person (ID: 0, Conf: 0.47, Area: 270)
2026-05-25 13:28:43,996 - AeroBrain - INFO - 🎯 TARGET (person) | YAW LEFT ⬅ | MOVE FORWARD ⬆⬆ | Area: 270
2026-05-25 13:28:44,174 - AeroBrain - INFO - 🔄 PATROL: ROTATING (1%)
2026-05-25 13:28:44,316 - AeroBrain - INFO - Detected: person (ID: 0, Conf: 0.55, Area: 330)
2026-05-25 13:28:44,318 - AeroBrain - INFO - Detected: person (ID: 0, Conf: 0.47, Area: 432)
2026-05-25 13:28:44,320 - AeroBrain - INFO - 🎯 TARGET (person) | YAW LEFT ⬅ | MOVE FORWARD ⬆⬆ | Area: 432
2026-05-25 13:28:44,459 - AeroBrain - INFO - Detected: person (ID: 0, Conf: 0.41, Area: 330)
2026-05-25 13:28:44,461 - AeroBrain - INFO - 🎯 TARGET (person) | YAW LEFT ⬅ | MOVE FORWARD ⬆⬆ | Area: 330
2026-05-25 13:28:44,632 - AeroBrain - INFO - Detected: person (ID: 0, Conf: 0.54, Area: 741)
2026-05-25 13:28:44,633 - AeroBrain - INFO - Detected: person (ID: 0, Conf: 0.52, Area: 370)
2026-05-25 13:28:44,636 - AeroBrain - INFO - 🎯 TARGET (person) | YAW LEFT ⬅ | MOVE FORWARD ⬆⬆ | Area: 741
2026-05-25 13:28:44,804 - AeroBrain - INFO - Detected: person (ID: 0, Conf: 0.47, Area: 440)
2026-05-25 13:28:44,806 - AeroBrain - INFO - Detected: person (ID: 0, Conf: 0.41, Area: 828)
2026-05-25 13:28:44,809 - AeroBrain - INFO - 🎯 TARGET (person) | CENTERED = | MOVE FORWARD ⬆⬆ | Area: 828
2026-05-25 13:28:44,952 - AeroBrain - INFO - Detected: person (ID: 0, Conf: 0.53, Area: 440)
2026-05-25 13:28:44,953 - AeroBrain - INFO - Detected: person (ID: 0, Conf: 0.44, Area: 319)
2026-05-25 13:28:44,955 - AeroBrain - INFO - 🎯 TARGET (person) | YAW LEFT ⬅ | MOVE FORWARD ⬆⬆ | Area: 440
2026-05-25 13:28:45,127 - AeroBrain - INFO - Detected: person (ID: 0, Conf: 0.45, Area: 330)
2026-05-25 13:28:45,128 - AeroBrain - INFO - Detected: person (ID: 0, Conf: 0.44, Area: 340)
2026-05-25 13:28:45,131 - AeroBrain - INFO - 🎯 TARGET (person) | YAW LEFT ⬅ | MOVE FORWARD ⬆⬆ | Area: 340
2026-05-25 13:28:45,309 - AeroBrain - INFO - 🔄 PATROL: ROTATING (1%)
2026-05-25 13:28:45,453 - AeroBrain - INFO - Detected: person (ID: 0, Conf: 0.64, Area: 728)
2026-05-25 13:28:45,453 - AeroBrain - INFO - Detected: person (ID: 0, Conf: 0.61, Area: 374)
2026-05-25 13:28:45,454 - AeroBrain - INFO - Detected: person (ID: 0, Conf: 0.41, Area: 480)
2026-05-25 13:28:45,455 - AeroBrain - INFO - 🎯 TARGET (person) | CENTERED = | MOVE FORWARD ⬆⬆ | Area: 728
2026-05-25 13:28:45,628 - AeroBrain - INFO - 🔄 PATROL: ROTATING (1%)
2026-05-25 13:28:45,771 - AeroBrain - INFO - Detected: person (ID: 0, Conf: 0.42, Area: 390)
2026-05-25 13:28:45,773 - AeroBrain - INFO - 🎯 TARGET (person) | YAW LEFT ⬅ | MOVE FORWARD ⬆⬆ | Area: 390
2026-05-25 13:28:45,917 - AeroBrain - INFO - Detected: person (ID: 0, Conf: 0.44, Area: 396)
2026-05-25 13:28:45,917 - AeroBrain - INFO - Detected: person (ID: 0, Conf: 0.43, Area: 450)
2026-05-25 13:28:45,919 - AeroBrain - INFO - 🎯 TARGET (person) | YAW LEFT ⬅ | MOVE FORWARD ⬆⬆ | Area: 450
2026-05-25 13:28:46,086 - AeroBrain - INFO - Detected: person (ID: 0, Conf: 0.46, Area: 774)
2026-05-25 13:28:46,087 - AeroBrain - INFO - Detected: person (ID: 0, Conf: 0.41, Area: 520)
2026-05-25 13:28:46,088 - AeroBrain - INFO - 🎯 TARGET (person) | CENTERED = | MOVE FORWARD ⬆⬆ | Area: 774
2026-05-25 13:28:46,235 - AeroBrain - INFO - Detected: person (ID: 0, Conf: 0.71, Area: 1539)
2026-05-25 13:28:46,235 - AeroBrain - INFO - Detected: person (ID: 0, Conf: 0.60, Area: 440)
2026-05-25 13:28:46,237 - AeroBrain - INFO - 🎯 TARGET (person) | CENTERED = | MOVE FORWARD ⬆⬆ | Area: 1539
2026-05-25 13:28:46,412 - AeroBrain - INFO - Detected: person (ID: 0, Conf: 0.62, Area: 1595)
2026-05-25 13:28:46,412 - AeroBrain - INFO - Detected: person (ID: 0, Conf: 0.55, Area: 616)
2026-05-25 13:28:46,413 - AeroBrain - INFO - Detected: person (ID: 0, Conf: 0.46, Area: 363)
2026-05-25 13:28:46,415 - AeroBrain - INFO - 🎯 TARGET (person) | CENTERED = | MOVE FORWARD ⬆⬆ | Area: 1595
2026-05-25 13:28:46,588 - AeroBrain - INFO - Detected: person (ID: 0, Conf: 0.57, Area: 546)
2026-05-25 13:28:46,589 - AeroBrain - INFO - Detected: person (ID: 0, Conf: 0.51, Area: 408)
2026-05-25 13:28:46,595 - AeroBrain - INFO - 🎯 TARGET (person) | YAW LEFT ⬅ | MOVE FORWARD ⬆⬆ | Area: 546
2026-05-25 13:28:46,736 - AeroBrain - INFO - Detected: person (ID: 0, Conf: 0.61, Area: 418)
2026-05-25 13:28:46,737 - AeroBrain - INFO - Detected: person (ID: 0, Conf: 0.61, Area: 450)
2026-05-25 13:28:46,737 - AeroBrain - INFO - Detected: person (ID: 0, Conf: 0.55, Area: 456)
2026-05-25 13:28:46,737 - AeroBrain - INFO - Detected: person (ID: 0, Conf: 0.49, Area: 507)
2026-05-25 13:28:46,738 - AeroBrain - INFO - Detected: person (ID: 0, Conf: 0.44, Area: 190)
2026-05-25 13:28:46,739 - AeroBrain - INFO - 🎯 TARGET (person) | YAW LEFT ⬅ | MOVE FORWARD ⬆⬆ | Area: 507
2026-05-25 13:28:46,909 - AeroBrain - INFO - Detected: person (ID: 0, Conf: 0.41, Area: 170)
2026-05-25 13:28:46,911 - AeroBrain - INFO - 🎯 TARGET (person) | CENTERED = | MOVE FORWARD ⬆⬆ | Area: 170
2026-05-25 13:28:47,084 - AeroBrain - INFO - Detected: person (ID: 0, Conf: 0.45, Area: 456)
2026-05-25 13:28:47,087 - AeroBrain - INFO - Detected: person (ID: 0, Conf: 0.40, Area: 533)
2026-05-25 13:28:47,090 - AeroBrain - INFO - 🎯 TARGET (person) | CENTERED = | MOVE FORWARD ⬆⬆ | Area: 533
2026-05-25 13:28:47,264 - AeroBrain - INFO - Detected: person (ID: 0, Conf: 0.59, Area: 440)
2026-05-25 13:28:47,264 - AeroBrain - INFO - Detected: person (ID: 0, Conf: 0.57, Area: 533)
2026-05-25 13:28:47,266 - AeroBrain - INFO - Detected: person (ID: 0, Conf: 0.53, Area: 492)
2026-05-25 13:28:47,268 - AeroBrain - INFO - 🎯 TARGET (person) | CENTERED = | MOVE FORWARD ⬆⬆ | Area: 533
2026-05-25 13:28:47,408 - AeroBrain - INFO - Detected: person (ID: 0, Conf: 0.60, Area: 468)
2026-05-25 13:28:47,411 - AeroBrain - INFO - Detected: person (ID: 0, Conf: 0.55, Area: 572)
2026-05-25 13:28:47,411 - AeroBrain - INFO - Detected: person (ID: 0, Conf: 0.54, Area: 473)
2026-05-25 13:28:47,414 - AeroBrain - INFO - 🎯 TARGET (person) | YAW LEFT ⬅ | MOVE FORWARD ⬆⬆ | Area: 572
2026-05-25 13:28:47,559 - AeroBrain - INFO - Detected: person (ID: 0, Conf: 0.67, Area: 440)
2026-05-25 13:28:47,560 - AeroBrain - INFO - Detected: person (ID: 0, Conf: 0.66, Area: 520)
2026-05-25 13:28:47,560 - AeroBrain - INFO - Detected: person (ID: 0, Conf: 0.48, Area: 546)
2026-05-25 13:28:47,561 - AeroBrain - INFO - 🎯 TARGET (person) | YAW LEFT ⬅ | MOVE FORWARD ⬆⬆ | Area: 546
2026-05-25 13:28:47,702 - AeroBrain - INFO - Detected: person (ID: 0, Conf: 0.59, Area: 533)
2026-05-25 13:28:47,704 - AeroBrain - INFO - Detected: person (ID: 0, Conf: 0.54, Area: 468)
2026-05-25 13:28:47,704 - AeroBrain - INFO - Detected: person (ID: 0, Conf: 0.48, Area: 720)
2026-05-25 13:28:47,706 - AeroBrain - INFO - 🎯 TARGET (person) | CENTERED = | MOVE FORWARD ⬆⬆ | Area: 720
2026-05-25 13:28:47,878 - AeroBrain - INFO - Detected: person (ID: 0, Conf: 0.50, Area: 418)
2026-05-25 13:28:47,879 - AeroBrain - INFO - Detected: person (ID: 0, Conf: 0.50, Area: 540)
2026-05-25 13:28:47,879 - AeroBrain - INFO - Detected: person (ID: 0, Conf: 0.40, Area: 882)
2026-05-25 13:28:47,882 - AeroBrain - INFO - 🎯 TARGET (person) | CENTERED = | MOVE FORWARD ⬆⬆ | Area: 882
2026-05-25 13:28:48,206 - AeroBrain - INFO - Detected: person (ID: 0, Conf: 0.55, Area: 546)
2026-05-25 13:28:48,207 - AeroBrain - INFO - Detected: person (ID: 0, Conf: 0.52, Area: 588)
2026-05-25 13:28:48,208 - AeroBrain - INFO - 🎯 TARGET (person) | YAW LEFT ⬅ | MOVE FORWARD ⬆⬆ | Area: 588
2026-05-25 13:28:48,377 - AeroBrain - INFO - 🔄 PATROL: ROTATING (1%)
2026-05-25 13:28:48,523 - AeroBrain - INFO - Detected: person (ID: 0, Conf: 0.63, Area: 675)
2026-05-25 13:28:48,524 - AeroBrain - INFO - Detected: person (ID: 0, Conf: 0.62, Area: 658)
2026-05-25 13:28:48,526 - AeroBrain - INFO - 🎯 TARGET (person) | YAW LEFT ⬅ | MOVE FORWARD ⬆⬆ | Area: 675
2026-05-25 13:28:48,664 - AeroBrain - INFO - 🔄 PATROL: ROTATING (1%)
2026-05-25 13:28:48,908 - AeroBrain - INFO - Detected: person (ID: 0, Conf: 0.65, Area: 735)
2026-05-25 13:28:48,908 - AeroBrain - INFO - Detected: person (ID: 0, Conf: 0.55, Area: 598)
2026-05-25 13:28:48,910 - AeroBrain - INFO - 🎯 TARGET (person) | YAW LEFT ⬅ | MOVE FORWARD ⬆⬆ | Area: 735
2026-05-25 13:28:49,086 - AeroBrain - INFO - 🔄 PATROL: ROTATING (1%)
2026-05-25 13:28:49,230 - AeroBrain - INFO - Detected: traffic light (ID: 9, Conf: 0.52, Area: 286)
2026-05-25 13:28:49,231 - AeroBrain - INFO - Detected: person (ID: 0, Conf: 0.43, Area: 630)
2026-05-25 13:28:49,231 - AeroBrain - INFO - Detected: person (ID: 0, Conf: 0.43, Area: 720)
2026-05-25 13:28:49,233 - AeroBrain - INFO - 🎯 TARGET (person) | YAW LEFT ⬅ | MOVE FORWARD ⬆⬆ | Area: 720
2026-05-25 13:28:49,407 - AeroBrain - INFO - 🔄 PATROL: ROTATING (1%)
2026-05-25 13:28:49,582 - AeroBrain - INFO - Detected: person (ID: 0, Conf: 0.65, Area: 833)
2026-05-25 13:28:49,583 - AeroBrain - INFO - Detected: person (ID: 0, Conf: 0.52, Area: 833)
2026-05-25 13:28:49,585 - AeroBrain - INFO - 🎯 TARGET (person) | YAW LEFT ⬅ | MOVE FORWARD ⬆⬆ | Area: 833
2026-05-25 13:28:49,726 - AeroBrain - INFO - 🔄 PATROL: ROTATING (1%)
2026-05-25 13:28:49,893 - AeroBrain - INFO - Detected: person (ID: 0, Conf: 0.63, Area: 799)
2026-05-25 13:28:49,894 - AeroBrain - INFO - Detected: person (ID: 0, Conf: 0.55, Area: 867)
2026-05-25 13:28:49,896 - AeroBrain - INFO - 🎯 TARGET (person) | YAW LEFT ⬅ | MOVE FORWARD ⬆⬆ | Area: 867
2026-05-25 13:28:50,040 - AeroBrain - INFO - 🔄 PATROL: ROTATING (1%)
2026-05-25 13:28:50,184 - AeroBrain - INFO - Detected: person (ID: 0, Conf: 0.53, Area: 595)
2026-05-25 13:28:50,186 - AeroBrain - INFO - 🎯 TARGET (person) | YAW LEFT ⬅ | MOVE FORWARD ⬆⬆ | Area: 595
2026-05-25 13:28:50,357 - AeroBrain - INFO - 🔄 PATROL: ROTATING (1%)
2026-05-25 13:28:50,501 - AeroBrain - INFO - Detected: person (ID: 0, Conf: 0.58, Area: 950)
2026-05-25 13:28:50,502 - AeroBrain - INFO - Detected: person (ID: 0, Conf: 0.42, Area: 665)
2026-05-25 13:28:50,504 - AeroBrain - INFO - 🎯 TARGET (person) | YAW LEFT ⬅ | MOVE FORWARD ⬆⬆ | Area: 950
2026-05-25 13:28:50,676 - AeroBrain - INFO - 🔄 PATROL: ROTATING (1%)
2026-05-25 13:28:50,845 - AeroBrain - INFO - Detected: person (ID: 0, Conf: 0.57, Area: 374)
2026-05-25 13:28:50,845 - AeroBrain - INFO - Detected: person (ID: 0, Conf: 0.53, Area: 720)
2026-05-25 13:28:50,845 - AeroBrain - INFO - Detected: train (ID: 6, Conf: 0.46, Area: 82521)
2026-05-25 13:28:50,847 - AeroBrain - INFO - 🎯 TARGET (train) | YAW RIGHT ➔ | HOLD DISTANCE = | Area: 82521
2026-05-25 13:28:50,999 - AeroBrain - INFO - 🔄 PATROL: ROTATING (1%)
2026-05-25 13:28:51,168 - AeroBrain - INFO - Detected: train (ID: 6, Conf: 0.50, Area: 93654)
2026-05-25 13:28:51,171 - AeroBrain - INFO - 🎯 TARGET (train) | YAW RIGHT ➔ | MOVE BACKWARD ⬇ | Area: 93654
2026-05-25 13:28:51,340 - AeroBrain - INFO - 🔄 PATROL: ROTATING (1%)
2026-05-25 13:28:51,474 - AeroBrain - INFO - Detected: train (ID: 6, Conf: 0.51, Area: 115918)
2026-05-25 13:28:51,475 - AeroBrain - INFO - Detected: person (ID: 0, Conf: 0.43, Area: 207)
2026-05-25 13:28:51,477 - AeroBrain - INFO - 🎯 TARGET (train) | YAW RIGHT ➔ | MOVE BACKWARD ⬇ | Area: 115918
2026-05-25 13:28:51,651 - AeroBrain - INFO - 🔄 PATROL: ROTATING (1%)
2026-05-25 13:28:51,820 - AeroBrain - INFO - 🔄 PATROL: ROTATING (2%)
2026-05-25 13:28:51,958 - AeroBrain - INFO - 🔄 PATROL: ROTATING (4%)
2026-05-25 13:28:52,122 - AeroBrain - INFO - 🔄 PATROL: ROTATING (5%)
2026-05-25 13:28:52,267 - AeroBrain - INFO - 🔄 PATROL: ROTATING (6%)
2026-05-25 13:28:52,418 - AeroBrain - INFO - 🔄 PATROL: ROTATING (7%)
2026-05-25 13:28:52,586 - AeroBrain - INFO - 🔄 PATROL: ROTATING (9%)
2026-05-25 13:28:52,724 - AeroBrain - INFO - Detected: train (ID: 6, Conf: 0.48, Area: 197348)
2026-05-25 13:28:52,726 - AeroBrain - INFO - 🎯 TARGET (train) | YAW RIGHT ➔ | MOVE BACKWARD ⬇ | Area: 197348
2026-05-25 13:28:52,890 - AeroBrain - INFO - 🔄 PATROL: ROTATING (1%)
2026-05-25 13:28:53,058 - AeroBrain - INFO - 🔄 PATROL: ROTATING (2%)
2026-05-25 13:28:53,197 - AeroBrain - INFO - Detected: train (ID: 6, Conf: 0.72, Area: 236147)
2026-05-25 13:28:53,198 - AeroBrain - INFO - 🎯 TARGET (train) | YAW RIGHT ➔ | MOVE BACKWARD ⬇ | Area: 236147
2026-05-25 13:28:53,365 - AeroBrain - INFO - 🔄 PATROL: ROTATING (1%)
2026-05-25 13:28:53,531 - AeroBrain - INFO - 🔄 PATROL: ROTATING (2%)
2026-05-25 13:28:53,671 - AeroBrain - INFO - Detected: train (ID: 6, Conf: 0.41, Area: 253232)
2026-05-25 13:28:53,672 - AeroBrain - INFO - 🎯 TARGET (train) | CENTERED = | MOVE BACKWARD ⬇ | Area: 253232
2026-05-25 13:28:53,838 - AeroBrain - INFO - Detected: train (ID: 6, Conf: 0.42, Area: 158549)
2026-05-25 13:28:53,841 - AeroBrain - INFO - 🎯 TARGET (train) | CENTERED = | MOVE BACKWARD ⬇ | Area: 158549
2026-05-25 13:28:53,978 - AeroBrain - INFO - 🔄 PATROL: ROTATING (1%)
2026-05-25 13:28:54,157 - AeroBrain - INFO - Detected: train (ID: 6, Conf: 0.47, Area: 237566)
2026-05-25 13:28:54,159 - AeroBrain - INFO - 🎯 TARGET (train) | CENTERED = | MOVE BACKWARD ⬇ | Area: 237566
2026-05-25 13:28:54,329 - AeroBrain - INFO - 🔄 PATROL: ROTATING (1%)
2026-05-25 13:28:54,474 - AeroBrain - INFO - Detected: train (ID: 6, Conf: 0.55, Area: 221805)
2026-05-25 13:28:54,476 - AeroBrain - INFO - 🎯 TARGET (train) | YAW LEFT ⬅ | MOVE BACKWARD ⬇ | Area: 221805
2026-05-25 13:28:54,651 - AeroBrain - INFO - 🔄 PATROL: ROTATING (1%)
2026-05-25 13:28:54,825 - AeroBrain - INFO - 🔄 PATROL: ROTATING (2%)
2026-05-25 13:28:54,970 - AeroBrain - INFO - Detected: train (ID: 6, Conf: 0.56, Area: 205012)
2026-05-25 13:28:54,972 - AeroBrain - INFO - 🎯 TARGET (train) | YAW LEFT ⬅ | MOVE BACKWARD ⬇ | Area: 205012
2026-05-25 13:28:55,145 - AeroBrain - INFO - 🔄 PATROL: ROTATING (1%)
2026-05-25 13:28:55,316 - AeroBrain - INFO - 🔄 PATROL: ROTATING (2%)
2026-05-25 13:28:55,466 - AeroBrain - INFO - 🔄 PATROL: ROTATING (4%)
2026-05-25 13:28:55,603 - AeroBrain - INFO - Detected: person (ID: 0, Conf: 0.53, Area: 1456)
2026-05-25 13:28:55,605 - AeroBrain - INFO - 🎯 TARGET (person) | YAW RIGHT ➔ | MOVE FORWARD ⬆⬆ | Area: 1456
2026-05-25 13:28:55,756 - AeroBrain - INFO - Detected: train (ID: 6, Conf: 0.42, Area: 169566)
2026-05-25 13:28:55,758 - AeroBrain - INFO - 🎯 TARGET (train) | CENTERED = | MOVE BACKWARD ⬇ | Area: 169566
2026-05-25 13:28:55,929 - AeroBrain - INFO - Detected: person (ID: 0, Conf: 0.65, Area: 1501)
2026-05-25 13:28:55,933 - AeroBrain - INFO - 🎯 TARGET (person) | YAW RIGHT ➔ | MOVE FORWARD ⬆⬆ | Area: 1501
2026-05-25 13:28:56,117 - AeroBrain - INFO - 🔄 PATROL: ROTATING (1%)
2026-05-25 13:28:56,258 - AeroBrain - INFO - Detected: person (ID: 0, Conf: 0.67, Area: 1420)
2026-05-25 13:28:56,258 - AeroBrain - INFO - Detected: person (ID: 0, Conf: 0.40, Area: 969)
2026-05-25 13:28:56,261 - AeroBrain - INFO - 🎯 TARGET (person) | YAW RIGHT ➔ | MOVE FORWARD ⬆⬆ | Area: 1420
2026-05-25 13:28:56,444 - AeroBrain - INFO - Detected: train (ID: 6, Conf: 0.59, Area: 138620)
2026-05-25 13:28:56,447 - AeroBrain - INFO - 🎯 TARGET (train) | YAW LEFT ⬅ | MOVE BACKWARD ⬇ | Area: 138620
2026-05-25 13:28:56,621 - AeroBrain - INFO - Detected: person (ID: 0, Conf: 0.71, Area: 1190)
2026-05-25 13:28:56,624 - AeroBrain - INFO - 🎯 TARGET (person) | CENTERED = | MOVE FORWARD ⬆⬆ | Area: 1190
2026-05-25 13:28:56,767 - AeroBrain - INFO - Detected: train (ID: 6, Conf: 0.62, Area: 127414)
2026-05-25 13:28:56,770 - AeroBrain - INFO - 🎯 TARGET (train) | YAW LEFT ⬅ | MOVE BACKWARD ⬇ | Area: 127414
2026-05-25 13:28:56,916 - AeroBrain - INFO - Detected: train (ID: 6, Conf: 0.60, Area: 127680)
2026-05-25 13:28:56,917 - AeroBrain - INFO - Detected: person (ID: 0, Conf: 0.48, Area: 1425)
2026-05-25 13:28:56,919 - AeroBrain - INFO - 🎯 TARGET (train) | YAW LEFT ⬅ | MOVE BACKWARD ⬇ | Area: 127680
2026-05-25 13:28:57,096 - AeroBrain - INFO - Detected: train (ID: 6, Conf: 0.65, Area: 127893)
2026-05-25 13:28:57,098 - AeroBrain - INFO - 🎯 TARGET (train) | YAW LEFT ⬅ | MOVE BACKWARD ⬇ | Area: 127893
2026-05-25 13:28:57,239 - AeroBrain - INFO - Detected: train (ID: 6, Conf: 0.49, Area: 131928)
2026-05-25 13:28:57,241 - AeroBrain - INFO - 🎯 TARGET (train) | YAW LEFT ⬅ | MOVE BACKWARD ⬇ | Area: 131928
2026-05-25 13:28:57,416 - AeroBrain - INFO - 🔄 PATROL: ROTATING (1%)
2026-05-25 13:28:57,583 - AeroBrain - INFO - Detected: train (ID: 6, Conf: 0.56, Area: 142742)
2026-05-25 13:28:57,585 - AeroBrain - INFO - 🎯 TARGET (train) | YAW LEFT ⬅ | MOVE BACKWARD ⬇ | Area: 142742
2026-05-25 13:28:57,723 - AeroBrain - INFO - Detected: train (ID: 6, Conf: 0.66, Area: 143878)
2026-05-25 13:28:57,726 - AeroBrain - INFO - 🎯 TARGET (train) | YAW LEFT ⬅ | MOVE BACKWARD ⬇ | Area: 143878
2026-05-25 13:28:57,894 - AeroBrain - INFO - Detected: train (ID: 6, Conf: 0.45, Area: 142263)
2026-05-25 13:28:57,896 - AeroBrain - INFO - 🎯 TARGET (train) | YAW LEFT ⬅ | MOVE BACKWARD ⬇ | Area: 142263
2026-05-25 13:28:58,061 - AeroBrain - INFO - Detected: train (ID: 6, Conf: 0.63, Area: 145137)
2026-05-25 13:28:58,064 - AeroBrain - INFO - 🎯 TARGET (train) | YAW LEFT ⬅ | MOVE BACKWARD ⬇ | Area: 145137
2026-05-25 13:28:58,207 - AeroBrain - INFO - Detected: train (ID: 6, Conf: 0.40, Area: 150570)
2026-05-25 13:28:58,210 - AeroBrain - INFO - 🎯 TARGET (train) | YAW LEFT ⬅ | MOVE BACKWARD ⬇ | Area: 150570
2026-05-25 13:28:58,374 - AeroBrain - INFO - Detected: train (ID: 6, Conf: 0.67, Area: 153916)
2026-05-25 13:28:58,376 - AeroBrain - INFO - 🎯 TARGET (train) | YAW LEFT ⬅ | MOVE BACKWARD ⬇ | Area: 153916
2026-05-25 13:28:58,549 - AeroBrain - INFO - Detected: train (ID: 6, Conf: 0.71, Area: 161280)
2026-05-25 13:28:58,551 - AeroBrain - INFO - 🎯 TARGET (train) | YAW LEFT ⬅ | MOVE BACKWARD ⬇ | Area: 161280
2026-05-25 13:28:58,692 - AeroBrain - INFO - Detected: train (ID: 6, Conf: 0.71, Area: 166692)
2026-05-25 13:28:58,693 - AeroBrain - INFO - Detected: person (ID: 0, Conf: 0.59, Area: 528)
2026-05-25 13:28:58,694 - AeroBrain - INFO - 🎯 TARGET (train) | YAW LEFT ⬅ | MOVE BACKWARD ⬇ | Area: 166692
2026-05-25 13:28:58,862 - AeroBrain - INFO - Detected: truck (ID: 7, Conf: 0.50, Area: 1476)
2026-05-25 13:28:58,864 - AeroBrain - INFO - 🎯 TARGET (truck) | YAW RIGHT ➔ | MOVE FORWARD ⬆⬆ | Area: 1476
2026-05-25 13:28:59,036 - AeroBrain - INFO - Detected: person (ID: 0, Conf: 0.67, Area: 1040)
2026-05-25 13:28:59,036 - AeroBrain - INFO - Detected: train (ID: 6, Conf: 0.47, Area: 176860)
2026-05-25 13:28:59,039 - AeroBrain - INFO - 🎯 TARGET (train) | YAW LEFT ⬅ | MOVE BACKWARD ⬇ | Area: 176860
2026-05-25 13:28:59,183 - AeroBrain - INFO - Detected: person (ID: 0, Conf: 0.73, Area: 1156)
2026-05-25 13:28:59,183 - AeroBrain - INFO - Detected: person (ID: 0, Conf: 0.52, Area: 986)
2026-05-25 13:28:59,185 - AeroBrain - INFO - 🎯 TARGET (person) | YAW RIGHT ➔ | MOVE FORWARD ⬆⬆ | Area: 1156
2026-05-25 13:28:59,324 - AeroBrain - INFO - Detected: person (ID: 0, Conf: 0.71, Area: 1071)
2026-05-25 13:28:59,325 - AeroBrain - INFO - Detected: train (ID: 6, Conf: 0.53, Area: 182784)
2026-05-25 13:28:59,326 - AeroBrain - INFO - 🎯 TARGET (train) | YAW LEFT ⬅ | MOVE BACKWARD ⬇ | Area: 182784
2026-05-25 13:28:59,466 - AeroBrain - INFO - Detected: person (ID: 0, Conf: 0.72, Area: 952)
2026-05-25 13:28:59,467 - AeroBrain - INFO - Detected: person (ID: 0, Conf: 0.67, Area: 1292)
2026-05-25 13:28:59,469 - AeroBrain - INFO - 🎯 TARGET (person) | YAW RIGHT ➔ | MOVE FORWARD ⬆⬆ | Area: 1292
2026-05-25 13:28:59,638 - AeroBrain - INFO - Detected: person (ID: 0, Conf: 0.80, Area: 1224)
2026-05-25 13:28:59,639 - AeroBrain - INFO - Detected: train (ID: 6, Conf: 0.57, Area: 185076)
2026-05-25 13:28:59,641 - AeroBrain - INFO - 🎯 TARGET (train) | YAW LEFT ⬅ | MOVE BACKWARD ⬇ | Area: 185076
2026-05-25 13:28:59,808 - AeroBrain - INFO - Detected: person (ID: 0, Conf: 0.67, Area: 1280)
2026-05-25 13:28:59,809 - AeroBrain - INFO - Detected: person (ID: 0, Conf: 0.66, Area: 1178)
2026-05-25 13:28:59,811 - AeroBrain - INFO - 🎯 TARGET (person) | YAW RIGHT ➔ | MOVE FORWARD ⬆⬆ | Area: 1280
2026-05-25 13:28:59,948 - AeroBrain - INFO - Detected: person (ID: 0, Conf: 0.70, Area: 1026)
2026-05-25 13:28:59,948 - AeroBrain - INFO - Detected: train (ID: 6, Conf: 0.68, Area: 185942)
2026-05-25 13:28:59,952 - AeroBrain - INFO - 🎯 TARGET (train) | YAW LEFT ⬅ | MOVE BACKWARD ⬇ | Area: 185942
2026-05-25 13:29:00,128 - AeroBrain - INFO - Detected: person (ID: 0, Conf: 0.61, Area: 826)
2026-05-25 13:29:00,130 - AeroBrain - INFO - 🎯 TARGET (person) | YAW RIGHT ➔ | MOVE FORWARD ⬆⬆ | Area: 826
2026-05-25 13:29:00,305 - AeroBrain - INFO - Detected: person (ID: 0, Conf: 0.63, Area: 940)
2026-05-25 13:29:00,305 - AeroBrain - INFO - Detected: train (ID: 6, Conf: 0.45, Area: 187768)
2026-05-25 13:29:00,307 - AeroBrain - INFO - 🎯 TARGET (train) | YAW LEFT ⬅ | MOVE BACKWARD ⬇ | Area: 187768
2026-05-25 13:29:00,446 - AeroBrain - INFO - Detected: person (ID: 0, Conf: 0.71, Area: 944)
2026-05-25 13:29:00,446 - AeroBrain - INFO - Detected: train (ID: 6, Conf: 0.49, Area: 187376)
2026-05-25 13:29:00,448 - AeroBrain - INFO - 🎯 TARGET (train) | YAW LEFT ⬅ | MOVE BACKWARD ⬇ | Area: 187376
2026-05-25 13:29:00,617 - AeroBrain - INFO - Detected: person (ID: 0, Conf: 0.55, Area: 820)
2026-05-25 13:29:00,619 - AeroBrain - INFO - 🎯 TARGET (person) | YAW RIGHT ➔ | MOVE FORWARD ⬆⬆ | Area: 820
2026-05-25 13:29:00,783 - AeroBrain - INFO - 🔄 PATROL: ROTATING (1%)
2026-05-25 13:29:00,921 - AeroBrain - INFO - Detected: person (ID: 0, Conf: 0.72, Area: 1035)
2026-05-25 13:29:00,921 - AeroBrain - INFO - Detected: person (ID: 0, Conf: 0.71, Area: 1488)
2026-05-25 13:29:00,922 - AeroBrain - INFO - 🎯 TARGET (person) | YAW RIGHT ➔ | MOVE FORWARD ⬆⬆ | Area: 1488
2026-05-25 13:29:01,086 - AeroBrain - INFO - Detected: person (ID: 0, Conf: 0.80, Area: 1216)
2026-05-25 13:29:01,086 - AeroBrain - INFO - Detected: person (ID: 0, Conf: 0.61, Area: 396)
2026-05-25 13:29:01,088 - AeroBrain - INFO - 🎯 TARGET (person) | YAW RIGHT ➔ | MOVE FORWARD ⬆⬆ | Area: 1216
2026-05-25 13:29:01,223 - AeroBrain - INFO - Detected: person (ID: 0, Conf: 0.66, Area: 992)
2026-05-25 13:29:01,223 - AeroBrain - INFO - Detected: person (ID: 0, Conf: 0.62, Area: 928)
2026-05-25 13:29:01,225 - AeroBrain - INFO - 🎯 TARGET (person) | YAW RIGHT ➔ | MOVE FORWARD ⬆⬆ | Area: 992
2026-05-25 13:29:01,387 - AeroBrain - INFO - Detected: person (ID: 0, Conf: 0.50, Area: 810)
2026-05-25 13:29:01,390 - AeroBrain - INFO - 🎯 TARGET (person) | YAW RIGHT ➔ | MOVE FORWARD ⬆⬆ | Area: 810
2026-05-25 13:29:01,557 - AeroBrain - INFO - Detected: train (ID: 6, Conf: 0.62, Area: 168381)
2026-05-25 13:29:01,559 - AeroBrain - INFO - 🎯 TARGET (train) | CENTERED = | MOVE BACKWARD ⬇ | Area: 168381
2026-05-25 13:29:01,694 - AeroBrain - INFO - Detected: person (ID: 0, Conf: 0.56, Area: 720)
2026-05-25 13:29:01,694 - AeroBrain - INFO - Detected: person (ID: 0, Conf: 0.50, Area: 1020)
2026-05-25 13:29:01,696 - AeroBrain - INFO - 🎯 TARGET (person) | YAW RIGHT ➔ | MOVE FORWARD ⬆⬆ | Area: 1020
2026-05-25 13:29:01,855 - AeroBrain - INFO - Detected: train (ID: 6, Conf: 0.69, Area: 159507)
2026-05-25 13:29:01,858 - AeroBrain - INFO - 🎯 TARGET (train) | YAW LEFT ⬅ | MOVE BACKWARD ⬇ | Area: 159507
2026-05-25 13:29:01,993 - AeroBrain - INFO - Detected: person (ID: 0, Conf: 0.60, Area: 795)
2026-05-25 13:29:01,994 - AeroBrain - INFO - Detected: train (ID: 6, Conf: 0.60, Area: 157440)
2026-05-25 13:29:01,994 - AeroBrain - INFO - Detected: person (ID: 0, Conf: 0.42, Area: 765)
2026-05-25 13:29:01,995 - AeroBrain - INFO - 🎯 TARGET (train) | YAW LEFT ⬅ | MOVE BACKWARD ⬇ | Area: 157440
2026-05-25 13:29:02,155 - AeroBrain - INFO - Detected: train (ID: 6, Conf: 0.49, Area: 152640)
2026-05-25 13:29:02,158 - AeroBrain - INFO - 🎯 TARGET (train) | YAW LEFT ⬅ | MOVE BACKWARD ⬇ | Area: 152640
2026-05-25 13:29:02,319 - AeroBrain - INFO - 🔄 PATROL: ROTATING (1%)
2026-05-25 13:29:02,479 - AeroBrain - INFO - 🔄 PATROL: ROTATING (2%)
2026-05-25 13:29:02,645 - AeroBrain - INFO - 🔄 PATROL: ROTATING (4%)
2026-05-25 13:29:02,806 - AeroBrain - INFO - Detected: train (ID: 6, Conf: 0.82, Area: 151680)
2026-05-25 13:29:02,807 - AeroBrain - INFO - Detected: person (ID: 0, Conf: 0.56, Area: 322)
2026-05-25 13:29:02,809 - AeroBrain - INFO - 🎯 TARGET (train) | YAW LEFT ⬅ | MOVE BACKWARD ⬇ | Area: 151680
2026-05-25 13:29:02,940 - AeroBrain - INFO - Detected: train (ID: 6, Conf: 0.62, Area: 144658)
2026-05-25 13:29:02,940 - AeroBrain - INFO - Detected: person (ID: 0, Conf: 0.49, Area: 481)
2026-05-25 13:29:02,942 - AeroBrain - INFO - 🎯 TARGET (train) | YAW LEFT ⬅ | MOVE BACKWARD ⬇ | Area: 144658
2026-05-25 13:29:03,106 - AeroBrain - INFO - Detected: train (ID: 6, Conf: 0.57, Area: 137186)
2026-05-25 13:29:03,107 - AeroBrain - INFO - Detected: person (ID: 0, Conf: 0.56, Area: 700)
2026-05-25 13:29:03,108 - AeroBrain - INFO - 🎯 TARGET (train) | YAW LEFT ⬅ | MOVE BACKWARD ⬇ | Area: 137186
2026-05-25 13:29:03,246 - AeroBrain - INFO - Detected: train (ID: 6, Conf: 0.64, Area: 137473)
2026-05-25 13:29:03,248 - AeroBrain - INFO - 🎯 TARGET (train) | YAW LEFT ⬅ | MOVE BACKWARD ⬇ | Area: 137473
2026-05-25 13:29:03,410 - AeroBrain - INFO - Detected: train (ID: 6, Conf: 0.55, Area: 138330)
2026-05-25 13:29:03,413 - AeroBrain - INFO - 🎯 TARGET (train) | YAW LEFT ⬅ | MOVE BACKWARD ⬇ | Area: 138330
2026-05-25 13:29:03,579 - AeroBrain - INFO - Detected: train (ID: 6, Conf: 0.70, Area: 143221)
2026-05-25 13:29:03,579 - AeroBrain - INFO - Detected: person (ID: 0, Conf: 0.56, Area: 770)
2026-05-25 13:29:03,581 - AeroBrain - INFO - 🎯 TARGET (train) | YAW LEFT ⬅ | MOVE BACKWARD ⬇ | Area: 143221
2026-05-25 13:29:03,740 - AeroBrain - INFO - Detected: train (ID: 6, Conf: 0.82, Area: 149614)
2026-05-25 13:29:03,741 - AeroBrain - INFO - Detected: person (ID: 0, Conf: 0.43, Area: 663)
2026-05-25 13:29:03,743 - AeroBrain - INFO - 🎯 TARGET (train) | YAW LEFT ⬅ | MOVE BACKWARD ⬇ | Area: 149614
2026-05-25 13:29:03,903 - AeroBrain - INFO - Detected: train (ID: 6, Conf: 0.78, Area: 155196)
2026-05-25 13:29:03,905 - AeroBrain - INFO - 🎯 TARGET (train) | YAW LEFT ⬅ | MOVE BACKWARD ⬇ | Area: 155196
2026-05-25 13:29:04,076 - AeroBrain - INFO - Detected: train (ID: 6, Conf: 0.76, Area: 160465)
2026-05-25 13:29:04,078 - AeroBrain - INFO - 🎯 TARGET (train) | YAW LEFT ⬅ | MOVE BACKWARD ⬇ | Area: 160465
2026-05-25 13:29:04,240 - AeroBrain - INFO - Detected: person (ID: 0, Conf: 0.75, Area: 675)
2026-05-25 13:29:04,240 - AeroBrain - INFO - Detected: train (ID: 6, Conf: 0.75, Area: 168960)
2026-05-25 13:29:04,243 - AeroBrain - INFO - 🎯 TARGET (train) | YAW LEFT ⬅ | MOVE BACKWARD ⬇ | Area: 168960
2026-05-25 13:29:04,415 - AeroBrain - INFO - Detected: person (ID: 0, Conf: 0.66, Area: 833)
2026-05-25 13:29:04,416 - AeroBrain - INFO - Detected: train (ID: 6, Conf: 0.54, Area: 172558)
2026-05-25 13:29:04,418 - AeroBrain - INFO - 🎯 TARGET (train) | YAW LEFT ⬅ | MOVE BACKWARD ⬇ | Area: 172558
2026-05-25 13:29:04,580 - AeroBrain - INFO - Detected: train (ID: 6, Conf: 0.68, Area: 178188)
2026-05-25 13:29:04,581 - AeroBrain - INFO - Detected: person (ID: 0, Conf: 0.64, Area: 1064)
2026-05-25 13:29:04,585 - AeroBrain - INFO - 🎯 TARGET (train) | YAW LEFT ⬅ | MOVE BACKWARD ⬇ | Area: 178188
2026-05-25 13:29:04,731 - AeroBrain - INFO - Detected: person (ID: 0, Conf: 0.40, Area: 864)
2026-05-25 13:29:04,732 - AeroBrain - INFO - 🎯 TARGET (person) | YAW RIGHT ➔ | MOVE FORWARD ⬆⬆ | Area: 864
2026-05-25 13:29:04,904 - AeroBrain - INFO - 🔄 PATROL: ROTATING (1%)
2026-05-25 13:29:05,075 - AeroBrain - INFO - Detected: person (ID: 0, Conf: 0.58, Area: 828)
2026-05-25 13:29:05,079 - AeroBrain - INFO - 🎯 TARGET (person) | YAW RIGHT ➔ | MOVE FORWARD ⬆⬆ | Area: 828
2026-05-25 13:29:05,223 - AeroBrain - INFO - 🔄 PATROL: ROTATING (1%)
2026-05-25 13:29:05,389 - AeroBrain - INFO - Detected: person (ID: 0, Conf: 0.52, Area: 774)
2026-05-25 13:29:05,389 - AeroBrain - INFO - Detected: person (ID: 0, Conf: 0.50, Area: 560)
2026-05-25 13:29:05,392 - AeroBrain - INFO - 🎯 TARGET (person) | YAW RIGHT ➔ | MOVE FORWARD ⬆⬆ | Area: 774
2026-05-25 13:29:05,538 - AeroBrain - INFO - Detected: person (ID: 0, Conf: 0.68, Area: 559)
2026-05-25 13:29:05,538 - AeroBrain - INFO - Detected: train (ID: 6, Conf: 0.47, Area: 180583)
2026-05-25 13:29:05,540 - AeroBrain - INFO - 🎯 TARGET (train) | CENTERED = | MOVE BACKWARD ⬇ | Area: 180583
2026-05-25 13:29:05,682 - AeroBrain - INFO - Detected: person (ID: 0, Conf: 0.72, Area: 1953)
2026-05-25 13:29:05,683 - AeroBrain - INFO - Detected: person (ID: 0, Conf: 0.47, Area: 504)
2026-05-25 13:29:05,683 - AeroBrain - INFO - Detected: train (ID: 6, Conf: 0.44, Area: 168625)
2026-05-25 13:29:05,685 - AeroBrain - INFO - 🎯 TARGET (train) | YAW LEFT ⬅ | MOVE BACKWARD ⬇ | Area: 168625
2026-05-25 13:29:05,858 - AeroBrain - INFO - Detected: train (ID: 6, Conf: 0.61, Area: 165255)
2026-05-25 13:29:05,860 - AeroBrain - INFO - Detected: person (ID: 0, Conf: 0.50, Area: 616)
2026-05-25 13:29:05,862 - AeroBrain - INFO - 🎯 TARGET (train) | YAW LEFT ⬅ | MOVE BACKWARD ⬇ | Area: 165255
2026-05-25 13:29:06,003 - AeroBrain - INFO - 🔄 PATROL: ROTATING (1%)
2026-05-25 13:29:06,187 - AeroBrain - INFO - Detected: person (ID: 0, Conf: 0.58, Area: 588)
2026-05-25 13:29:06,188 - AeroBrain - INFO - Detected: truck (ID: 7, Conf: 0.45, Area: 768)
2026-05-25 13:29:06,188 - AeroBrain - INFO - Detected: person (ID: 0, Conf: 0.44, Area: 540)
2026-05-25 13:29:06,190 - AeroBrain - INFO - 🎯 TARGET (truck) | YAW RIGHT ➔ | MOVE FORWARD ⬆⬆ | Area: 768
2026-05-25 13:29:06,332 - AeroBrain - INFO - 🔄 PATROL: ROTATING (1%)
2026-05-25 13:29:06,476 - AeroBrain - INFO - Detected: train (ID: 6, Conf: 0.63, Area: 159795)
2026-05-25 13:29:06,476 - AeroBrain - INFO - Detected: person (ID: 0, Conf: 0.52, Area: 440)
2026-05-25 13:29:06,478 - AeroBrain - INFO - 🎯 TARGET (train) | YAW LEFT ⬅ | MOVE BACKWARD ⬇ | Area: 159795
2026-05-25 13:29:06,649 - AeroBrain - INFO - 🔄 PATROL: ROTATING (1%)
2026-05-25 13:29:06,825 - AeroBrain - INFO - Detected: train (ID: 6, Conf: 0.68, Area: 150406)
2026-05-25 13:29:06,827 - AeroBrain - INFO - 🎯 TARGET (train) | YAW LEFT ⬅ | MOVE BACKWARD ⬇ | Area: 150406
2026-05-25 13:29:06,973 - AeroBrain - INFO - Detected: train (ID: 6, Conf: 0.70, Area: 144480)
2026-05-25 13:29:06,973 - AeroBrain - INFO - Detected: person (ID: 0, Conf: 0.43, Area: 350)
2026-05-25 13:29:06,975 - AeroBrain - INFO - 🎯 TARGET (train) | YAW LEFT ⬅ | MOVE BACKWARD ⬇ | Area: 144480
2026-05-25 13:29:07,147 - AeroBrain - INFO - Detected: train (ID: 6, Conf: 0.62, Area: 141010)
2026-05-25 13:29:07,150 - AeroBrain - INFO - 🎯 TARGET (train) | YAW LEFT ⬅ | MOVE BACKWARD ⬇ | Area: 141010
2026-05-25 13:29:07,321 - AeroBrain - INFO - Detected: train (ID: 6, Conf: 0.57, Area: 142263)
2026-05-25 13:29:07,322 - AeroBrain - INFO - Detected: person (ID: 0, Conf: 0.53, Area: 432)
2026-05-25 13:29:07,324 - AeroBrain - INFO - 🎯 TARGET (train) | YAW LEFT ⬅ | MOVE BACKWARD ⬇ | Area: 142263
2026-05-25 13:29:07,465 - AeroBrain - INFO - Detected: train (ID: 6, Conf: 0.78, Area: 144480)
2026-05-25 13:29:07,467 - AeroBrain - INFO - 🎯 TARGET (train) | YAW LEFT ⬅ | MOVE BACKWARD ⬇ | Area: 144480
2026-05-25 13:29:07,634 - AeroBrain - INFO - Detected: train (ID: 6, Conf: 0.75, Area: 149448)
2026-05-25 13:29:07,637 - AeroBrain - INFO - 🎯 TARGET (train) | YAW LEFT ⬅ | MOVE BACKWARD ⬇ | Area: 149448
2026-05-25 13:29:07,804 - AeroBrain - INFO - Detected: train (ID: 6, Conf: 0.70, Area: 155040)
2026-05-25 13:29:07,806 - AeroBrain - INFO - 🎯 TARGET (train) | YAW LEFT ⬅ | MOVE BACKWARD ⬇ | Area: 155040
2026-05-25 13:29:07,952 - AeroBrain - INFO - Detected: train (ID: 6, Conf: 0.64, Area: 162381)
2026-05-25 13:29:07,953 - AeroBrain - INFO - Detected: person (ID: 0, Conf: 0.51, Area: 504)
2026-05-25 13:29:07,955 - AeroBrain - INFO - 🎯 TARGET (train) | YAW LEFT ⬅ | MOVE BACKWARD ⬇ | Area: 162381
2026-05-25 13:29:08,133 - AeroBrain - INFO - Detected: train (ID: 6, Conf: 0.60, Area: 168129)
2026-05-25 13:29:08,135 - AeroBrain - INFO - 🎯 TARGET (train) | YAW LEFT ⬅ | MOVE BACKWARD ⬇ | Area: 168129
2026-05-25 13:29:08,310 - AeroBrain - INFO - Detected: train (ID: 6, Conf: 0.60, Area: 174470)
2026-05-25 13:29:08,312 - AeroBrain - INFO - 🎯 TARGET (train) | YAW LEFT ⬅ | MOVE BACKWARD ⬇ | Area: 174470
2026-05-25 13:29:08,458 - AeroBrain - INFO - Detected: train (ID: 6, Conf: 0.56, Area: 181062)
2026-05-25 13:29:08,459 - AeroBrain - INFO - Detected: person (ID: 0, Conf: 0.54, Area: 520)
2026-05-25 13:29:08,461 - AeroBrain - INFO - 🎯 TARGET (train) | YAW LEFT ⬅ | MOVE BACKWARD ⬇ | Area: 181062
2026-05-25 13:29:08,653 - AeroBrain - INFO - Detected: train (ID: 6, Conf: 0.52, Area: 187854)
2026-05-25 13:29:08,656 - AeroBrain - INFO - 🎯 TARGET (train) | YAW LEFT ⬅ | MOVE BACKWARD ⬇ | Area: 187854
2026-05-25 13:29:08,806 - AeroBrain - INFO - Detected: train (ID: 6, Conf: 0.61, Area: 195502)
2026-05-25 13:29:08,808 - AeroBrain - INFO - 🎯 TARGET (train) | YAW LEFT ⬅ | MOVE BACKWARD ⬇ | Area: 195502
2026-05-25 13:29:08,950 - AeroBrain - INFO - Detected: train (ID: 6, Conf: 0.73, Area: 201600)
2026-05-25 13:29:08,952 - AeroBrain - INFO - 🎯 TARGET (train) | YAW LEFT ⬅ | MOVE BACKWARD ⬇ | Area: 201600
2026-05-25 13:29:09,121 - AeroBrain - INFO - 🔄 PATROL: ROTATING (1%)
2026-05-25 13:29:09,291 - AeroBrain - INFO - Detected: train (ID: 6, Conf: 0.53, Area: 216056)
2026-05-25 13:29:09,293 - AeroBrain - INFO - 🎯 TARGET (train) | YAW LEFT ⬅ | MOVE BACKWARD ⬇ | Area: 216056
2026-05-25 13:29:09,433 - AeroBrain - INFO - Detected: train (ID: 6, Conf: 0.42, Area: 217012)
2026-05-25 13:29:09,435 - AeroBrain - INFO - 🎯 TARGET (train) | YAW LEFT ⬅ | MOVE BACKWARD ⬇ | Area: 217012
2026-05-25 13:29:09,607 - AeroBrain - INFO - Detected: train (ID: 6, Conf: 0.62, Area: 214622)
2026-05-25 13:29:09,609 - AeroBrain - INFO - 🎯 TARGET (train) | YAW LEFT ⬅ | MOVE BACKWARD ⬇ | Area: 214622
2026-05-25 13:29:09,749 - AeroBrain - INFO - Detected: train (ID: 6, Conf: 0.44, Area: 218424)
2026-05-25 13:29:09,751 - AeroBrain - INFO - 🎯 TARGET (train) | YAW LEFT ⬅ | MOVE BACKWARD ⬇ | Area: 218424
2026-05-25 13:29:09,917 - AeroBrain - INFO - Detected: train (ID: 6, Conf: 0.70, Area: 224172)
2026-05-25 13:29:09,919 - AeroBrain - INFO - 🎯 TARGET (train) | YAW LEFT ⬅ | MOVE BACKWARD ⬇ | Area: 224172
2026-05-25 13:29:10,080 - AeroBrain - INFO - 🔄 PATROL: ROTATING (1%)
2026-05-25 13:29:10,219 - AeroBrain - INFO - 🔄 PATROL: ROTATING (2%)
2026-05-25 13:29:10,390 - AeroBrain - INFO - Detected: train (ID: 6, Conf: 0.72, Area: 236132)
2026-05-25 13:29:10,392 - AeroBrain - INFO - 🎯 TARGET (train) | YAW LEFT ⬅ | MOVE BACKWARD ⬇ | Area: 236132
2026-05-25 13:29:10,556 - AeroBrain - INFO - Detected: person (ID: 0, Conf: 0.68, Area: 640)
2026-05-25 13:29:10,556 - AeroBrain - INFO - Detected: train (ID: 6, Conf: 0.60, Area: 228006)
2026-05-25 13:29:10,558 - AeroBrain - INFO - 🎯 TARGET (train) | YAW LEFT ⬅ | MOVE BACKWARD ⬇ | Area: 228006
2026-05-25 13:29:10,693 - AeroBrain - INFO - Detected: train (ID: 6, Conf: 0.60, Area: 226572)
2026-05-25 13:29:10,695 - AeroBrain - INFO - 🎯 TARGET (train) | YAW LEFT ⬅ | MOVE BACKWARD ⬇ | Area: 226572
2026-05-25 13:29:10,860 - AeroBrain - INFO - 🔄 PATROL: ROTATING (1%)
2026-05-25 13:29:11,029 - AeroBrain - INFO - 🔄 PATROL: ROTATING (2%)
2026-05-25 13:29:11,169 - AeroBrain - INFO - Detected: train (ID: 6, Conf: 0.59, Area: 232299)
2026-05-25 13:29:11,169 - AeroBrain - INFO - Detected: person (ID: 0, Conf: 0.45, Area: 551)
2026-05-25 13:29:11,171 - AeroBrain - INFO - 🎯 TARGET (train) | YAW LEFT ⬅ | MOVE BACKWARD ⬇ | Area: 232299
2026-05-25 13:29:11,336 - AeroBrain - INFO - Detected: person (ID: 0, Conf: 0.78, Area: 1272)
2026-05-25 13:29:11,336 - AeroBrain - INFO - Detected: train (ID: 6, Conf: 0.66, Area: 221816)
2026-05-25 13:29:11,339 - AeroBrain - INFO - 🎯 TARGET (train) | YAW LEFT ⬅ | MOVE BACKWARD ⬇ | Area: 221816
2026-05-25 13:29:11,472 - AeroBrain - INFO - Detected: person (ID: 0, Conf: 0.69, Area: 468)
2026-05-25 13:29:11,474 - AeroBrain - INFO - Detected: train (ID: 6, Conf: 0.50, Area: 219840)
2026-05-25 13:29:11,476 - AeroBrain - INFO - 🎯 TARGET (train) | YAW LEFT ⬅ | MOVE BACKWARD ⬇ | Area: 219840
2026-05-25 13:29:11,613 - AeroBrain - INFO - 🔄 PATROL: ROTATING (1%)
2026-05-25 13:29:11,784 - AeroBrain - INFO - Detected: train (ID: 6, Conf: 0.51, Area: 223226)
2026-05-25 13:29:11,786 - AeroBrain - INFO - 🎯 TARGET (train) | YAW LEFT ⬅ | MOVE BACKWARD ⬇ | Area: 223226
2026-05-25 13:29:11,923 - AeroBrain - INFO - Detected: person (ID: 0, Conf: 0.75, Area: 972)
2026-05-25 13:29:11,925 - AeroBrain - INFO - 🎯 TARGET (person) | YAW RIGHT ➔ | MOVE FORWARD ⬆⬆ | Area: 972
2026-05-25 13:29:12,090 - AeroBrain - INFO - Detected: person (ID: 0, Conf: 0.59, Area: 861)
2026-05-25 13:29:12,092 - AeroBrain - INFO - 🎯 TARGET (person) | YAW RIGHT ➔ | MOVE FORWARD ⬆⬆ | Area: 861
2026-05-25 13:29:12,233 - AeroBrain - INFO - Detected: person (ID: 0, Conf: 0.78, Area: 954)
2026-05-25 13:29:12,233 - AeroBrain - INFO - Detected: person (ID: 0, Conf: 0.69, Area: 774)
2026-05-25 13:29:12,235 - AeroBrain - INFO - 🎯 TARGET (person) | YAW RIGHT ➔ | MOVE FORWARD ⬆⬆ | Area: 954
2026-05-25 13:29:12,408 - AeroBrain - INFO - Detected: person (ID: 0, Conf: 0.71, Area: 1825)
2026-05-25 13:29:12,409 - AeroBrain - INFO - Detected: person (ID: 0, Conf: 0.56, Area: 832)
2026-05-25 13:29:12,410 - AeroBrain - INFO - 🎯 TARGET (person) | YAW RIGHT ➔ | MOVE FORWARD ⬆⬆ | Area: 1825
2026-05-25 13:29:12,577 - AeroBrain - INFO - Detected: person (ID: 0, Conf: 0.71, Area: 1539)
2026-05-25 13:29:12,578 - AeroBrain - INFO - Detected: person (ID: 0, Conf: 0.64, Area: 736)
2026-05-25 13:29:12,580 - AeroBrain - INFO - 🎯 TARGET (person) | YAW RIGHT ➔ | MOVE FORWARD ⬆⬆ | Area: 1539
2026-05-25 13:29:12,728 - AeroBrain - INFO - 🔄 PATROL: ROTATING (1%)
2026-05-25 13:29:12,900 - AeroBrain - INFO - Detected: person (ID: 0, Conf: 0.60, Area: 720)
2026-05-25 13:29:12,900 - AeroBrain - INFO - Detected: person (ID: 0, Conf: 0.46, Area: 1292)
2026-05-25 13:29:12,902 - AeroBrain - INFO - 🎯 TARGET (person) | YAW RIGHT ➔ | MOVE FORWARD ⬆⬆ | Area: 1292
2026-05-25 13:29:13,074 - AeroBrain - INFO - Detected: person (ID: 0, Conf: 0.70, Area: 819)
2026-05-25 13:29:13,075 - AeroBrain - INFO - Detected: person (ID: 0, Conf: 0.65, Area: 833)
2026-05-25 13:29:13,077 - AeroBrain - INFO - 🎯 TARGET (person) | YAW RIGHT ➔ | MOVE FORWARD ⬆⬆ | Area: 833
2026-05-25 13:29:13,216 - AeroBrain - INFO - Detected: person (ID: 0, Conf: 0.65, Area: 1610)
2026-05-25 13:29:13,217 - AeroBrain - INFO - Detected: train (ID: 6, Conf: 0.63, Area: 180783)
2026-05-25 13:29:13,217 - AeroBrain - INFO - Detected: person (ID: 0, Conf: 0.62, Area: 690)
2026-05-25 13:29:13,219 - AeroBrain - INFO - 🎯 TARGET (train) | CENTERED = | MOVE BACKWARD ⬇ | Area: 180783
2026-05-25 13:29:13,391 - AeroBrain - INFO - Detected: person (ID: 0, Conf: 0.58, Area: 700)
2026-05-25 13:29:13,392 - AeroBrain - INFO - Detected: train (ID: 6, Conf: 0.56, Area: 170646)
2026-05-25 13:29:13,393 - AeroBrain - INFO - Detected: person (ID: 0, Conf: 0.45, Area: 1278)
2026-05-25 13:29:13,395 - AeroBrain - INFO - 🎯 TARGET (train) | YAW LEFT ⬅ | MOVE BACKWARD ⬇ | Area: 170646
2026-05-25 13:29:13,573 - AeroBrain - INFO - Detected: train (ID: 6, Conf: 0.58, Area: 165866)
2026-05-25 13:29:13,575 - AeroBrain - INFO - 🎯 TARGET (train) | YAW LEFT ⬅ | MOVE BACKWARD ⬇ | Area: 165866
2026-05-25 13:29:13,715 - AeroBrain - INFO - 🔄 PATROL: ROTATING (1%)
2026-05-25 13:29:13,888 - AeroBrain - INFO - 🔄 PATROL: ROTATING (2%)
2026-05-25 13:29:14,049 - AeroBrain - INFO - Detected: train (ID: 6, Conf: 0.43, Area: 165734)
2026-05-25 13:29:14,052 - AeroBrain - INFO - 🎯 TARGET (train) | YAW LEFT ⬅ | MOVE BACKWARD ⬇ | Area: 165734
2026-05-25 13:29:14,199 - AeroBrain - INFO - Detected: train (ID: 6, Conf: 0.68, Area: 158696)
2026-05-25 13:29:14,201 - AeroBrain - INFO - 🎯 TARGET (train) | YAW LEFT ⬅ | MOVE BACKWARD ⬇ | Area: 158696
2026-05-25 13:29:14,337 - AeroBrain - INFO - Detected: train (ID: 6, Conf: 0.73, Area: 154872)
2026-05-25 13:29:14,337 - AeroBrain - INFO - Detected: person (ID: 0, Conf: 0.47, Area: 637)
2026-05-25 13:29:14,339 - AeroBrain - INFO - 🎯 TARGET (train) | YAW LEFT ⬅ | MOVE BACKWARD ⬇ | Area: 154872
2026-05-25 13:29:14,476 - AeroBrain - INFO - 🔄 PATROL: ROTATING (1%)
2026-05-25 13:29:14,644 - AeroBrain - INFO - Detected: train (ID: 6, Conf: 0.42, Area: 156633)
2026-05-25 13:29:14,646 - AeroBrain - INFO - 🎯 TARGET (train) | YAW LEFT ⬅ | MOVE BACKWARD ⬇ | Area: 156633
2026-05-25 13:29:14,807 - AeroBrain - INFO - Detected: train (ID: 6, Conf: 0.70, Area: 157262)
2026-05-25 13:29:14,808 - AeroBrain - INFO - Detected: person (ID: 0, Conf: 0.46, Area: 528)
2026-05-25 13:29:14,810 - AeroBrain - INFO - 🎯 TARGET (train) | YAW LEFT ⬅ | MOVE BACKWARD ⬇ | Area: 157262
2026-05-25 13:29:14,962 - AeroBrain - INFO - Detected: person (ID: 0, Conf: 0.56, Area: 564)
2026-05-25 13:29:14,962 - AeroBrain - INFO - Detected: train (ID: 6, Conf: 0.47, Area: 154717)
2026-05-25 13:29:14,964 - AeroBrain - INFO - 🎯 TARGET (train) | YAW LEFT ⬅ | MOVE BACKWARD ⬇ | Area: 154717
2026-05-25 13:29:15,126 - AeroBrain - INFO - Detected: person (ID: 0, Conf: 0.46, Area: 546)
2026-05-25 13:29:15,128 - AeroBrain - INFO - 🎯 TARGET (person) | YAW RIGHT ➔ | MOVE FORWARD ⬆⬆ | Area: 546
2026-05-25 13:29:15,269 - AeroBrain - INFO - Detected: train (ID: 6, Conf: 0.70, Area: 159174)
2026-05-25 13:29:15,270 - AeroBrain - INFO - Detected: person (ID: 0, Conf: 0.40, Area: 310)
2026-05-25 13:29:15,271 - AeroBrain - INFO - 🎯 TARGET (train) | YAW LEFT ⬅ | MOVE BACKWARD ⬇ | Area: 159174
2026-05-25 13:29:15,464 - AeroBrain - INFO - Detected: train (ID: 6, Conf: 0.72, Area: 163339)
2026-05-25 13:29:15,466 - AeroBrain - INFO - Detected: person (ID: 0, Conf: 0.45, Area: 440)
2026-05-25 13:29:15,468 - AeroBrain - INFO - 🎯 TARGET (train) | YAW LEFT ⬅ | MOVE BACKWARD ⬇ | Area: 163339
2026-05-25 13:29:15,627 - AeroBrain - INFO - Detected: train (ID: 6, Conf: 0.55, Area: 165255)
2026-05-25 13:29:15,630 - AeroBrain - INFO - 🎯 TARGET (train) | YAW LEFT ⬅ | MOVE BACKWARD ⬇ | Area: 165255
2026-05-25 13:29:15,767 - AeroBrain - INFO - Detected: train (ID: 6, Conf: 0.45, Area: 165734)
2026-05-25 13:29:15,770 - AeroBrain - INFO - 🎯 TARGET (train) | YAW LEFT ⬅ | MOVE BACKWARD ⬇ | Area: 165734
2026-05-25 13:29:15,920 - AeroBrain - INFO - Detected: train (ID: 6, Conf: 0.46, Area: 169812)
2026-05-25 13:29:15,922 - AeroBrain - INFO - 🎯 TARGET (train) | YAW LEFT ⬅ | MOVE BACKWARD ⬇ | Area: 169812
2026-05-25 13:29:16,091 - AeroBrain - INFO - Detected: train (ID: 6, Conf: 0.66, Area: 178560)
2026-05-25 13:29:16,092 - AeroBrain - INFO - Detected: bird (ID: 14, Conf: 0.43, Area: 494)
2026-05-25 13:29:16,094 - AeroBrain - INFO - 🎯 TARGET (train) | YAW LEFT ⬅ | MOVE BACKWARD ⬇ | Area: 178560
2026-05-25 13:29:16,231 - AeroBrain - INFO - Detected: person (ID: 0, Conf: 0.59, Area: 616)
2026-05-25 13:29:16,232 - AeroBrain - INFO - Detected: train (ID: 6, Conf: 0.41, Area: 181640)
2026-05-25 13:29:16,234 - AeroBrain - INFO - 🎯 TARGET (train) | YAW LEFT ⬅ | MOVE BACKWARD ⬇ | Area: 181640
2026-05-25 13:29:16,380 - AeroBrain - INFO - Detected: person (ID: 0, Conf: 0.62, Area: 507)
2026-05-25 13:29:16,380 - AeroBrain - INFO - Detected: train (ID: 6, Conf: 0.57, Area: 187854)
2026-05-25 13:29:16,382 - AeroBrain - INFO - 🎯 TARGET (train) | YAW LEFT ⬅ | MOVE BACKWARD ⬇ | Area: 187854
2026-05-25 13:29:16,548 - AeroBrain - INFO - Detected: train (ID: 6, Conf: 0.40, Area: 194953)
2026-05-25 13:29:16,550 - AeroBrain - INFO - 🎯 TARGET (train) | YAW LEFT ⬅ | MOVE BACKWARD ⬇ | Area: 194953
2026-05-25 13:29:16,689 - AeroBrain - INFO - 🔄 PATROL: ROTATING (1%)
2026-05-25 13:29:16,827 - AeroBrain - INFO - 🔄 PATROL: ROTATING (2%)
2026-05-25 13:29:16,966 - AeroBrain - INFO - Detected: train (ID: 6, Conf: 0.56, Area: 209403)
2026-05-25 13:29:16,968 - AeroBrain - INFO - 🎯 TARGET (train) | YAW LEFT ⬅ | MOVE BACKWARD ⬇ | Area: 209403
2026-05-25 13:29:17,142 - AeroBrain - INFO - 🔄 PATROL: ROTATING (1%)
2026-05-25 13:29:17,313 - AeroBrain - INFO - 🔄 PATROL: ROTATING (2%)
2026-05-25 13:29:17,453 - AeroBrain - INFO - Detected: train (ID: 6, Conf: 0.67, Area: 198370)
2026-05-25 13:29:17,454 - AeroBrain - INFO - Detected: person (ID: 0, Conf: 0.47, Area: 442)
2026-05-25 13:29:17,455 - AeroBrain - INFO - 🎯 TARGET (train) | YAW LEFT ⬅ | MOVE BACKWARD ⬇ | Area: 198370
2026-05-25 13:29:17,592 - AeroBrain - INFO - Detected: person (ID: 0, Conf: 0.53, Area: 444)
2026-05-25 13:29:17,593 - AeroBrain - INFO - Detected: train (ID: 6, Conf: 0.41, Area: 192156)
2026-05-25 13:29:17,594 - AeroBrain - INFO - 🎯 TARGET (train) | YAW LEFT ⬅ | MOVE BACKWARD ⬇ | Area: 192156
2026-05-25 13:29:17,742 - AeroBrain - INFO - 🔄 PATROL: ROTATING (1%)
2026-05-25 13:29:17,881 - AeroBrain - INFO - Detected: train (ID: 6, Conf: 0.40, Area: 184415)
2026-05-25 13:29:17,883 - AeroBrain - INFO - 🎯 TARGET (train) | YAW LEFT ⬅ | MOVE BACKWARD ⬇ | Area: 184415
2026-05-25 13:29:18,021 - AeroBrain - INFO - Detected: person (ID: 0, Conf: 0.53, Area: 396)
2026-05-25 13:29:18,024 - AeroBrain - INFO - 🎯 TARGET (person) | YAW RIGHT ➔ | MOVE FORWARD ⬆⬆ | Area: 396
2026-05-25 13:29:18,341 - AeroBrain - INFO - 🔄 PATROL: ROTATING (2%)
2026-05-25 13:29:18,496 - AeroBrain - INFO - Detected: bus (ID: 5, Conf: 0.44, Area: 172326)
2026-05-25 13:29:18,498 - AeroBrain - INFO - 🎯 TARGET (bus) | YAW LEFT ⬅ | MOVE BACKWARD ⬇ | Area: 172326
2026-05-25 13:29:18,676 - AeroBrain - INFO - 🔄 PATROL: ROTATING (1%)
2026-05-25 13:29:18,853 - AeroBrain - INFO - 🔄 PATROL: ROTATING (2%)
2026-05-25 13:29:18,999 - AeroBrain - INFO - Detected: train (ID: 6, Conf: 0.77, Area: 165734)
2026-05-25 13:29:19,003 - AeroBrain - INFO - 🎯 TARGET (train) | YAW LEFT ⬅ | MOVE BACKWARD ⬇ | Area: 165734
2026-05-25 13:29:19,184 - AeroBrain - INFO - 🔄 PATROL: ROTATING (1%)
2026-05-25 13:29:19,363 - AeroBrain - INFO - 🔄 PATROL: ROTATING (3%)
2026-05-25 13:29:19,510 - AeroBrain - INFO - Detected: person (ID: 0, Conf: 0.45, Area: 363)
2026-05-25 13:29:19,512 - AeroBrain - INFO - 🎯 TARGET (person) | YAW RIGHT ➔ | MOVE FORWARD ⬆⬆ | Area: 363
2026-05-25 13:29:19,685 - AeroBrain - INFO - Detected: train (ID: 6, Conf: 0.66, Area: 139098)
2026-05-25 13:29:19,685 - AeroBrain - INFO - Detected: person (ID: 0, Conf: 0.44, Area: 352)
2026-05-25 13:29:19,687 - AeroBrain - INFO - 🎯 TARGET (train) | YAW LEFT ⬅ | MOVE BACKWARD ⬇ | Area: 139098
2026-05-25 13:29:19,861 - AeroBrain - INFO - Detected: person (ID: 0, Conf: 0.47, Area: 385)
2026-05-25 13:29:19,862 - AeroBrain - INFO - Detected: train (ID: 6, Conf: 0.41, Area: 127359)
2026-05-25 13:29:19,864 - AeroBrain - INFO - 🎯 TARGET (train) | YAW LEFT ⬅ | MOVE BACKWARD ⬇ | Area: 127359
2026-05-25 13:29:20,045 - AeroBrain - INFO - 🔄 PATROL: ROTATING (1%)
2026-05-25 13:29:20,191 - AeroBrain - INFO - Detected: person (ID: 0, Conf: 0.47, Area: 432)
2026-05-25 13:29:20,194 - AeroBrain - INFO - 🎯 TARGET (person) | YAW RIGHT ➔ | MOVE FORWARD ⬆⬆ | Area: 432
2026-05-25 13:29:20,368 - AeroBrain - INFO - Detected: train (ID: 6, Conf: 0.61, Area: 120934)
2026-05-25 13:29:20,372 - AeroBrain - INFO - 🎯 TARGET (train) | YAW LEFT ⬅ | MOVE BACKWARD ⬇ | Area: 120934
2026-05-25 13:29:20,550 - AeroBrain - INFO - Detected: train (ID: 6, Conf: 0.56, Area: 119952)
2026-05-25 13:29:20,553 - AeroBrain - INFO - 🎯 TARGET (train) | YAW LEFT ⬅ | MOVE BACKWARD ⬇ | Area: 119952
2026-05-25 13:29:20,695 - AeroBrain - INFO - Detected: person (ID: 0, Conf: 0.44, Area: 290)
2026-05-25 13:29:20,697 - AeroBrain - INFO - 🎯 TARGET (person) | YAW RIGHT ➔ | MOVE FORWARD ⬆⬆ | Area: 290
2026-05-25 13:29:20,871 - AeroBrain - INFO - Detected: train (ID: 6, Conf: 0.49, Area: 121920)
2026-05-25 13:29:20,873 - AeroBrain - INFO - 🎯 TARGET (train) | YAW LEFT ⬅ | MOVE BACKWARD ⬇ | Area: 121920
2026-05-25 13:29:21,045 - AeroBrain - INFO - 🔄 PATROL: ROTATING (1%)
2026-05-25 13:29:21,191 - AeroBrain - INFO - Detected: train (ID: 6, Conf: 0.45, Area: 121666)
2026-05-25 13:29:21,194 - AeroBrain - INFO - 🎯 TARGET (train) | YAW LEFT ⬅ | MOVE BACKWARD ⬇ | Area: 121666
2026-05-25 13:29:21,367 - AeroBrain - INFO - Detected: train (ID: 6, Conf: 0.49, Area: 120229)
2026-05-25 13:29:21,369 - AeroBrain - INFO - 🎯 TARGET (train) | YAW LEFT ⬅ | MOVE BACKWARD ⬇ | Area: 120229
2026-05-25 13:29:21,537 - AeroBrain - INFO - Detected: train (ID: 6, Conf: 0.64, Area: 119271)
2026-05-25 13:29:21,540 - AeroBrain - INFO - 🎯 TARGET (train) | YAW LEFT ⬅ | MOVE BACKWARD ⬇ | Area: 119271
2026-05-25 13:29:21,685 - AeroBrain - INFO - 🔄 PATROL: ROTATING (1%)
2026-05-25 13:29:21,831 - AeroBrain - INFO - 🔄 PATROL: ROTATING (2%)
2026-05-25 13:29:21,972 - AeroBrain - INFO - Detected: train (ID: 6, Conf: 0.63, Area: 118792)
2026-05-25 13:29:21,974 - AeroBrain - INFO - 🎯 TARGET (train) | YAW LEFT ⬅ | MOVE BACKWARD ⬇ | Area: 118792
2026-05-25 13:29:22,112 - AeroBrain - INFO - Detected: train (ID: 6, Conf: 0.58, Area: 119700)
2026-05-25 13:29:22,114 - AeroBrain - INFO - 🎯 TARGET (train) | YAW LEFT ⬅ | MOVE BACKWARD ⬇ | Area: 119700
2026-05-25 13:29:22,257 - AeroBrain - INFO - Detected: train (ID: 6, Conf: 0.56, Area: 119022)
2026-05-25 13:29:22,259 - AeroBrain - INFO - 🎯 TARGET (train) | YAW LEFT ⬅ | MOVE BACKWARD ⬇ | Area: 119022
2026-05-25 13:29:22,433 - AeroBrain - INFO - 🔄 PATROL: ROTATING (1%)
2026-05-25 13:29:22,615 - AeroBrain - INFO - 🔄 PATROL: ROTATING (2%)
2026-05-25 13:29:22,754 - AeroBrain - INFO - 🔄 PATROL: ROTATING (4%)
2026-05-25 13:29:22,897 - AeroBrain - INFO - Detected: train (ID: 6, Conf: 0.43, Area: 116154)
2026-05-25 13:29:22,899 - AeroBrain - INFO - 🎯 TARGET (train) | YAW LEFT ⬅ | MOVE BACKWARD ⬇ | Area: 116154
2026-05-25 13:29:23,042 - AeroBrain - INFO - Detected: train (ID: 6, Conf: 0.48, Area: 105894)
2026-05-25 13:29:23,044 - AeroBrain - INFO - 🎯 TARGET (train) | YAW LEFT ⬅ | MOVE BACKWARD ⬇ | Area: 105894
2026-05-25 13:29:23,195 - AeroBrain - INFO - Detected: train (ID: 6, Conf: 0.74, Area: 101069)
2026-05-25 13:29:23,197 - AeroBrain - INFO - 🎯 TARGET (train) | YAW LEFT ⬅ | MOVE BACKWARD ⬇ | Area: 101069
2026-05-25 13:29:23,344 - AeroBrain - INFO - Detected: train (ID: 6, Conf: 0.74, Area: 97990)
2026-05-25 13:29:23,346 - AeroBrain - INFO - 🎯 TARGET (train) | YAW LEFT ⬅ | MOVE BACKWARD ⬇ | Area: 97990
2026-05-25 13:29:23,490 - AeroBrain - INFO - Detected: train (ID: 6, Conf: 0.60, Area: 102720)
2026-05-25 13:29:23,492 - AeroBrain - INFO - 🎯 TARGET (train) | YAW LEFT ⬅ | MOVE BACKWARD ⬇ | Area: 102720
2026-05-25 13:29:23,665 - AeroBrain - INFO - Detected: train (ID: 6, Conf: 0.52, Area: 106817)
2026-05-25 13:29:23,668 - AeroBrain - INFO - 🎯 TARGET (train) | YAW LEFT ⬅ | MOVE BACKWARD ⬇ | Area: 106817
2026-05-25 13:29:23,812 - AeroBrain - INFO - Detected: train (ID: 6, Conf: 0.57, Area: 111128)
2026-05-25 13:29:23,814 - AeroBrain - INFO - 🎯 TARGET (train) | YAW LEFT ⬅ | MOVE BACKWARD ⬇ | Area: 111128
2026-05-25 13:29:23,961 - AeroBrain - INFO - Detected: train (ID: 6, Conf: 0.73, Area: 118792)
2026-05-25 13:29:23,964 - AeroBrain - INFO - 🎯 TARGET (train) | YAW LEFT ⬅ | MOVE BACKWARD ⬇ | Area: 118792
2026-05-25 13:29:24,136 - AeroBrain - INFO - Detected: person (ID: 0, Conf: 0.56, Area: 585)
2026-05-25 13:29:24,137 - AeroBrain - INFO - Detected: train (ID: 6, Conf: 0.47, Area: 124758)
2026-05-25 13:29:24,139 - AeroBrain - INFO - 🎯 TARGET (train) | YAW LEFT ⬅ | MOVE BACKWARD ⬇ | Area: 124758
2026-05-25 13:29:24,281 - AeroBrain - INFO - Detected: train (ID: 6, Conf: 0.49, Area: 131520)
2026-05-25 13:29:24,284 - AeroBrain - INFO - 🎯 TARGET (train) | YAW LEFT ⬅ | MOVE BACKWARD ⬇ | Area: 131520
2026-05-25 13:29:24,423 - AeroBrain - INFO - Detected: person (ID: 0, Conf: 0.51, Area: 588)
2026-05-25 13:29:24,425 - AeroBrain - INFO - Detected: train (ID: 6, Conf: 0.42, Area: 135752)
2026-05-25 13:29:24,429 - AeroBrain - INFO - 🎯 TARGET (train) | YAW LEFT ⬅ | MOVE BACKWARD ⬇ | Area: 135752
2026-05-25 13:29:24,570 - AeroBrain - INFO - Detected: train (ID: 6, Conf: 0.66, Area: 140420)
2026-05-25 13:29:24,573 - AeroBrain - INFO - 🎯 TARGET (train) | YAW LEFT ⬅ | MOVE BACKWARD ⬇ | Area: 140420
2026-05-25 13:29:24,715 - AeroBrain - INFO - Detected: bus (ID: 5, Conf: 0.44, Area: 147560)
2026-05-25 13:29:24,716 - AeroBrain - INFO - Detected: person (ID: 0, Conf: 0.40, Area: 650)
2026-05-25 13:29:24,718 - AeroBrain - INFO - 🎯 TARGET (bus) | YAW LEFT ⬅ | MOVE BACKWARD ⬇ | Area: 147560
2026-05-25 13:29:24,855 - AeroBrain - INFO - Detected: train (ID: 6, Conf: 0.51, Area: 151844)
2026-05-25 13:29:24,856 - AeroBrain - INFO - Detected: person (ID: 0, Conf: 0.49, Area: 676)
2026-05-25 13:29:24,859 - AeroBrain - INFO - 🎯 TARGET (train) | YAW LEFT ⬅ | MOVE BACKWARD ⬇ | Area: 151844
2026-05-25 13:29:25,002 - AeroBrain - INFO - Detected: person (ID: 0, Conf: 0.63, Area: 689)
2026-05-25 13:29:25,002 - AeroBrain - INFO - Detected: person (ID: 0, Conf: 0.42, Area: 572)
2026-05-25 13:29:25,004 - AeroBrain - INFO - 🎯 TARGET (person) | CENTERED = | MOVE FORWARD ⬆⬆ | Area: 689
2026-05-25 13:29:25,177 - AeroBrain - INFO - Detected: person (ID: 0, Conf: 0.71, Area: 1105)
2026-05-25 13:29:25,178 - AeroBrain - INFO - Detected: person (ID: 0, Conf: 0.57, Area: 1220)
2026-05-25 13:29:25,178 - AeroBrain - INFO - Detected: person (ID: 0, Conf: 0.45, Area: 644)
2026-05-25 13:29:25,181 - AeroBrain - INFO - 🎯 TARGET (person) | CENTERED = | MOVE FORWARD ⬆⬆ | Area: 1220
2026-05-25 13:29:25,324 - AeroBrain - INFO - Detected: person (ID: 0, Conf: 0.50, Area: 840)
2026-05-25 13:29:25,325 - AeroBrain - INFO - Detected: person (ID: 0, Conf: 0.45, Area: 1260)
2026-05-25 13:29:25,327 - AeroBrain - INFO - 🎯 TARGET (person) | CENTERED = | MOVE FORWARD ⬆⬆ | Area: 1260
2026-05-25 13:29:25,471 - AeroBrain - INFO - Detected: person (ID: 0, Conf: 0.65, Area: 864)
2026-05-25 13:29:25,472 - AeroBrain - INFO - Detected: person (ID: 0, Conf: 0.59, Area: 840)
2026-05-25 13:29:25,474 - AeroBrain - INFO - 🎯 TARGET (person) | CENTERED = | MOVE FORWARD ⬆⬆ | Area: 864
2026-05-25 13:29:25,645 - AeroBrain - INFO - Detected: person (ID: 0, Conf: 0.59, Area: 770)
2026-05-25 13:29:25,646 - AeroBrain - INFO - Detected: person (ID: 0, Conf: 0.45, Area: 832)
2026-05-25 13:29:25,648 - AeroBrain - INFO - 🎯 TARGET (person) | YAW RIGHT ➔ | MOVE FORWARD ⬆⬆ | Area: 832
2026-05-25 13:29:25,821 - AeroBrain - INFO - Detected: person (ID: 0, Conf: 0.67, Area: 689)
2026-05-25 13:29:25,823 - AeroBrain - INFO - Detected: person (ID: 0, Conf: 0.58, Area: 741)
2026-05-25 13:29:25,823 - AeroBrain - INFO - Detected: person (ID: 0, Conf: 0.40, Area: 686)
2026-05-25 13:29:25,825 - AeroBrain - INFO - 🎯 TARGET (person) | YAW RIGHT ➔ | MOVE FORWARD ⬆⬆ | Area: 741
2026-05-25 13:29:25,969 - AeroBrain - INFO - Detected: person (ID: 0, Conf: 0.57, Area: 784)
2026-05-25 13:29:25,969 - AeroBrain - INFO - Detected: person (ID: 0, Conf: 0.55, Area: 840)
2026-05-25 13:29:25,970 - AeroBrain - INFO - Detected: person (ID: 0, Conf: 0.52, Area: 795)
2026-05-25 13:29:25,972 - AeroBrain - INFO - 🎯 TARGET (person) | CENTERED = | MOVE FORWARD ⬆⬆ | Area: 840
2026-05-25 13:29:26,110 - AeroBrain - INFO - Detected: person (ID: 0, Conf: 0.50, Area: 855)
2026-05-25 13:29:26,111 - AeroBrain - INFO - Detected: person (ID: 0, Conf: 0.50, Area: 870)
2026-05-25 13:29:26,113 - AeroBrain - INFO - 🎯 TARGET (person) | CENTERED = | MOVE FORWARD ⬆⬆ | Area: 870
2026-05-25 13:29:26,258 - AeroBrain - INFO - Detected: person (ID: 0, Conf: 0.67, Area: 992)
2026-05-25 13:29:26,258 - AeroBrain - INFO - Detected: person (ID: 0, Conf: 0.58, Area: 705)
2026-05-25 13:29:26,261 - AeroBrain - INFO - 🎯 TARGET (person) | CENTERED = | MOVE FORWARD ⬆⬆ | Area: 992
2026-05-25 13:29:26,433 - AeroBrain - INFO - Detected: person (ID: 0, Conf: 0.60, Area: 800)
2026-05-25 13:29:26,434 - AeroBrain - INFO - Detected: person (ID: 0, Conf: 0.55, Area: 702)
2026-05-25 13:29:26,435 - AeroBrain - INFO - Detected: person (ID: 0, Conf: 0.44, Area: 492)
2026-05-25 13:29:26,437 - AeroBrain - INFO - 🎯 TARGET (person) | CENTERED = | MOVE FORWARD ⬆⬆ | Area: 800
2026-05-25 13:29:26,617 - AeroBrain - INFO - Detected: person (ID: 0, Conf: 0.50, Area: 705)
2026-05-25 13:29:26,618 - AeroBrain - INFO - Detected: bus (ID: 5, Conf: 0.44, Area: 153374)
2026-05-25 13:29:26,619 - AeroBrain - INFO - 🎯 TARGET (bus) | YAW LEFT ⬅ | MOVE BACKWARD ⬇ | Area: 153374
2026-05-25 13:29:26,762 - AeroBrain - INFO - Detected: person (ID: 0, Conf: 0.65, Area: 640)
2026-05-25 13:29:26,763 - AeroBrain - INFO - Detected: train (ID: 6, Conf: 0.62, Area: 158579)
2026-05-25 13:29:26,763 - AeroBrain - INFO - Detected: person (ID: 0, Conf: 0.52, Area: 884)
2026-05-25 13:29:26,764 - AeroBrain - INFO - 🎯 TARGET (train) | YAW LEFT ⬅ | MOVE BACKWARD ⬇ | Area: 158579
2026-05-25 13:29:26,934 - AeroBrain - INFO - 🔄 PATROL: ROTATING (1%)
2026-05-25 13:29:27,098 - AeroBrain - INFO - 🔄 PATROL: ROTATING (2%)
2026-05-25 13:29:27,238 - AeroBrain - INFO - 🔄 PATROL: ROTATING (3%)
2026-05-25 13:29:27,408 - AeroBrain - INFO - Detected: person (ID: 0, Conf: 0.69, Area: 624)
2026-05-25 13:29:27,410 - AeroBrain - INFO - 🎯 TARGET (person) | YAW RIGHT ➔ | MOVE FORWARD ⬆⬆ | Area: 624
2026-05-25 13:29:27,577 - AeroBrain - INFO - Detected: train (ID: 6, Conf: 0.66, Area: 154394)
2026-05-25 13:29:27,578 - AeroBrain - INFO - Detected: person (ID: 0, Conf: 0.55, Area: 705)
2026-05-25 13:29:27,580 - AeroBrain - INFO - 🎯 TARGET (train) | YAW LEFT ⬅ | MOVE BACKWARD ⬇ | Area: 154394
2026-05-25 13:29:27,717 - AeroBrain - INFO - Detected: person (ID: 0, Conf: 0.58, Area: 462)
2026-05-25 13:29:27,717 - AeroBrain - INFO - Detected: train (ID: 6, Conf: 0.57, Area: 148036)
2026-05-25 13:29:27,717 - AeroBrain - INFO - Detected: person (ID: 0, Conf: 0.56, Area: 546)
2026-05-25 13:29:27,718 - AeroBrain - INFO - 🎯 TARGET (train) | YAW LEFT ⬅ | MOVE BACKWARD ⬇ | Area: 148036
2026-05-25 13:29:27,886 - AeroBrain - INFO - Detected: person (ID: 0, Conf: 0.63, Area: 714)
2026-05-25 13:29:27,888 - AeroBrain - INFO - 🎯 TARGET (person) | YAW RIGHT ➔ | MOVE FORWARD ⬆⬆ | Area: 714
2026-05-25 13:29:28,052 - AeroBrain - INFO - Detected: train (ID: 6, Conf: 0.64, Area: 142263)
2026-05-25 13:29:28,054 - AeroBrain - INFO - 🎯 TARGET (train) | YAW LEFT ⬅ | MOVE BACKWARD ⬇ | Area: 142263
2026-05-25 13:29:28,194 - AeroBrain - INFO - Detected: train (ID: 6, Conf: 0.77, Area: 141966)
2026-05-25 13:29:28,194 - AeroBrain - INFO - Detected: person (ID: 0, Conf: 0.73, Area: 945)
2026-05-25 13:29:28,195 - AeroBrain - INFO - Detected: person (ID: 0, Conf: 0.72, Area: 690)
2026-05-25 13:29:28,197 - AeroBrain - INFO - 🎯 TARGET (train) | YAW LEFT ⬅ | MOVE BACKWARD ⬇ | Area: 141966
2026-05-25 13:29:28,362 - AeroBrain - INFO - Detected: person (ID: 0, Conf: 0.60, Area: 900)
2026-05-25 13:29:28,362 - AeroBrain - INFO - Detected: train (ID: 6, Conf: 0.59, Area: 140238)
2026-05-25 13:29:28,362 - AeroBrain - INFO - Detected: person (ID: 0, Conf: 0.56, Area: 816)
2026-05-25 13:29:28,364 - AeroBrain - INFO - 🎯 TARGET (train) | YAW LEFT ⬅ | MOVE BACKWARD ⬇ | Area: 140238
2026-05-25 13:29:28,526 - AeroBrain - INFO - Detected: train (ID: 6, Conf: 0.58, Area: 143400)
2026-05-25 13:29:28,526 - AeroBrain - INFO - Detected: person (ID: 0, Conf: 0.53, Area: 420)
2026-05-25 13:29:28,526 - AeroBrain - INFO - Detected: person (ID: 0, Conf: 0.51, Area: 360)
2026-05-25 13:29:28,529 - AeroBrain - INFO - 🎯 TARGET (train) | YAW LEFT ⬅ | MOVE BACKWARD ⬇ | Area: 143400
2026-05-25 13:29:28,663 - AeroBrain - INFO - 🔄 PATROL: ROTATING (1%)
2026-05-25 13:29:28,821 - AeroBrain - INFO - Detected: person (ID: 0, Conf: 0.42, Area: 444)
2026-05-25 13:29:28,825 - AeroBrain - INFO - 🎯 TARGET (person) | YAW RIGHT ➔ | MOVE FORWARD ⬆⬆ | Area: 444
2026-05-25 13:29:28,957 - AeroBrain - INFO - Detected: train (ID: 6, Conf: 0.71, Area: 155196)
2026-05-25 13:29:28,959 - AeroBrain - INFO - 🎯 TARGET (train) | YAW LEFT ⬅ | MOVE BACKWARD ⬇ | Area: 155196
2026-05-25 13:29:29,126 - AeroBrain - INFO - Detected: person (ID: 0, Conf: 0.53, Area: 867)
2026-05-25 13:29:29,126 - AeroBrain - INFO - Detected: train (ID: 6, Conf: 0.47, Area: 149611)
2026-05-25 13:29:29,128 - AeroBrain - INFO - 🎯 TARGET (train) | YAW LEFT ⬅ | MOVE BACKWARD ⬇ | Area: 149611
2026-05-25 13:29:29,294 - AeroBrain - INFO - Detected: person (ID: 0, Conf: 0.69, Area: 832)
2026-05-25 13:29:29,294 - AeroBrain - INFO - Detected: person (ID: 0, Conf: 0.53, Area: 795)
2026-05-25 13:29:29,294 - AeroBrain - INFO - Detected: train (ID: 6, Conf: 0.44, Area: 150885)
2026-05-25 13:29:29,296 - AeroBrain - INFO - 🎯 TARGET (train) | YAW LEFT ⬅ | MOVE BACKWARD ⬇ | Area: 150885
2026-05-25 13:29:29,425 - AeroBrain - INFO - Detected: person (ID: 0, Conf: 0.57, Area: 731)
2026-05-25 13:29:29,428 - AeroBrain - INFO - 🎯 TARGET (person) | YAW RIGHT ➔ | MOVE FORWARD ⬆⬆ | Area: 731
2026-05-25 13:29:29,591 - AeroBrain - INFO - Detected: train (ID: 6, Conf: 0.68, Area: 155350)
2026-05-25 13:29:29,592 - AeroBrain - INFO - Detected: person (ID: 0, Conf: 0.65, Area: 592)
2026-05-25 13:29:29,593 - AeroBrain - INFO - 🎯 TARGET (train) | YAW LEFT ⬅ | MOVE BACKWARD ⬇ | Area: 155350
2026-05-25 13:29:29,723 - AeroBrain - INFO - Detected: person (ID: 0, Conf: 0.78, Area: 750)
2026-05-25 13:29:29,724 - AeroBrain - INFO - Detected: train (ID: 6, Conf: 0.48, Area: 148256)
2026-05-25 13:29:29,724 - AeroBrain - INFO - Detected: person (ID: 0, Conf: 0.48, Area: 611)
2026-05-25 13:29:29,726 - AeroBrain - INFO - 🎯 TARGET (train) | YAW LEFT ⬅ | MOVE BACKWARD ⬇ | Area: 148256
2026-05-25 13:29:29,889 - AeroBrain - INFO - Detected: person (ID: 0, Conf: 0.74, Area: 896)
2026-05-25 13:29:29,890 - AeroBrain - INFO - Detected: person (ID: 0, Conf: 0.61, Area: 884)
2026-05-25 13:29:29,890 - AeroBrain - INFO - Detected: train (ID: 6, Conf: 0.45, Area: 157920)
2026-05-25 13:29:29,890 - AeroBrain - INFO - Detected: person (ID: 0, Conf: 0.45, Area: 663)
2026-05-25 13:29:29,892 - AeroBrain - INFO - 🎯 TARGET (train) | YAW LEFT ⬅ | MOVE BACKWARD ⬇ | Area: 157920
2026-05-25 13:29:30,048 - AeroBrain - INFO - Detected: train (ID: 6, Conf: 0.52, Area: 162240)
2026-05-25 13:29:30,049 - AeroBrain - INFO - Detected: person (ID: 0, Conf: 0.40, Area: 780)
2026-05-25 13:29:30,051 - AeroBrain - INFO - 🎯 TARGET (train) | YAW LEFT ⬅ | MOVE BACKWARD ⬇ | Area: 162240
2026-05-25 13:29:30,187 - AeroBrain - INFO - 🔄 PATROL: ROTATING (1%)
2026-05-25 13:29:30,348 - AeroBrain - INFO - Detected: person (ID: 0, Conf: 0.62, Area: 252)
2026-05-25 13:29:30,348 - AeroBrain - INFO - Detected: person (ID: 0, Conf: 0.54, Area: 720)
2026-05-25 13:29:30,350 - AeroBrain - INFO - 🎯 TARGET (person) | YAW RIGHT ➔ | MOVE FORWARD ⬆⬆ | Area: 720
2026-05-25 13:29:30,514 - AeroBrain - INFO - Detected: person (ID: 0, Conf: 0.59, Area: 663)
2026-05-25 13:29:30,514 - AeroBrain - INFO - Detected: person (ID: 0, Conf: 0.59, Area: 1105)
2026-05-25 13:29:30,515 - AeroBrain - INFO - Detected: train (ID: 6, Conf: 0.51, Area: 171840)
2026-05-25 13:29:30,515 - AeroBrain - INFO - Detected: person (ID: 0, Conf: 0.42, Area: 533)
2026-05-25 13:29:30,515 - AeroBrain - INFO - Detected: person (ID: 0, Conf: 0.41, Area: 504)
2026-05-25 13:29:30,516 - AeroBrain - INFO - 🎯 TARGET (train) | CENTERED = | MOVE BACKWARD ⬇ | Area: 171840
2026-05-25 13:29:30,676 - AeroBrain - INFO - Detected: person (ID: 0, Conf: 0.81, Area: 1176)
2026-05-25 13:29:30,677 - AeroBrain - INFO - Detected: person (ID: 0, Conf: 0.55, Area: 560)
2026-05-25 13:29:30,677 - AeroBrain - INFO - Detected: person (ID: 0, Conf: 0.42, Area: 484)
2026-05-25 13:29:30,678 - AeroBrain - INFO - 🎯 TARGET (person) | YAW RIGHT ➔ | MOVE FORWARD ⬆⬆ | Area: 1176
2026-05-25 13:29:30,841 - AeroBrain - INFO - Detected: person (ID: 0, Conf: 0.72, Area: 1152)
2026-05-25 13:29:30,841 - AeroBrain - INFO - Detected: person (ID: 0, Conf: 0.57, Area: 690)
2026-05-25 13:29:30,843 - AeroBrain - INFO - 🎯 TARGET (person) | YAW RIGHT ➔ | MOVE FORWARD ⬆⬆ | Area: 1152
2026-05-25 13:29:30,977 - AeroBrain - INFO - Detected: person (ID: 0, Conf: 0.65, Area: 1008)
2026-05-25 13:29:30,978 - AeroBrain - INFO - Detected: person (ID: 0, Conf: 0.45, Area: 400)
2026-05-25 13:29:30,978 - AeroBrain - INFO - Detected: person (ID: 0, Conf: 0.44, Area: 462)
2026-05-25 13:29:30,978 - AeroBrain - INFO - Detected: train (ID: 6, Conf: 0.42, Area: 153791)
2026-05-25 13:29:30,981 - AeroBrain - INFO - 🎯 TARGET (train) | YAW LEFT ⬅ | MOVE BACKWARD ⬇ | Area: 153791
2026-05-25 13:29:31,143 - AeroBrain - INFO - Detected: person (ID: 0, Conf: 0.65, Area: 656)
2026-05-25 13:29:31,143 - AeroBrain - INFO - Detected: train (ID: 6, Conf: 0.64, Area: 140725)
2026-05-25 13:29:31,144 - AeroBrain - INFO - Detected: person (ID: 0, Conf: 0.49, Area: 432)
2026-05-25 13:29:31,145 - AeroBrain - INFO - 🎯 TARGET (train) | YAW LEFT ⬅ | MOVE BACKWARD ⬇ | Area: 140725
2026-05-25 13:29:31,308 - AeroBrain - INFO - Detected: train (ID: 6, Conf: 0.49, Area: 154238)
2026-05-25 13:29:31,308 - AeroBrain - INFO - Detected: person (ID: 0, Conf: 0.41, Area: 540)
2026-05-25 13:29:31,309 - AeroBrain - INFO - 🎯 TARGET (train) | YAW LEFT ⬅ | MOVE BACKWARD ⬇ | Area: 154238
2026-05-25 13:29:31,441 - AeroBrain - INFO - Detected: train (ID: 6, Conf: 0.47, Area: 155675)
2026-05-25 13:29:31,443 - AeroBrain - INFO - 🎯 TARGET (train) | YAW LEFT ⬅ | MOVE BACKWARD ⬇ | Area: 155675
2026-05-25 13:29:31,608 - AeroBrain - INFO - 🔄 PATROL: ROTATING (1%)
2026-05-25 13:29:31,740 - AeroBrain - INFO - 🔄 PATROL: ROTATING (2%)
2026-05-25 13:29:31,905 - AeroBrain - INFO - Detected: person (ID: 0, Conf: 0.60, Area: 360)
2026-05-25 13:29:31,905 - AeroBrain - INFO - Detected: train (ID: 6, Conf: 0.45, Area: 165388)
2026-05-25 13:29:31,906 - AeroBrain - INFO - Detected: person (ID: 0, Conf: 0.43, Area: 588)
2026-05-25 13:29:31,907 - AeroBrain - INFO - 🎯 TARGET (train) | YAW LEFT ⬅ | MOVE BACKWARD ⬇ | Area: 165388
2026-05-25 13:29:32,069 - AeroBrain - INFO - Detected: train (ID: 6, Conf: 0.48, Area: 123802)
2026-05-25 13:29:32,069 - AeroBrain - INFO - Detected: person (ID: 0, Conf: 0.44, Area: 748)
2026-05-25 13:29:32,070 - AeroBrain - INFO - Detected: person (ID: 0, Conf: 0.42, Area: 585)
2026-05-25 13:29:32,072 - AeroBrain - INFO - 🎯 TARGET (train) | YAW LEFT ⬅ | MOVE BACKWARD ⬇ | Area: 123802
2026-05-25 13:29:32,235 - AeroBrain - INFO - Detected: person (ID: 0, Conf: 0.45, Area: 564)
2026-05-25 13:29:32,237 - AeroBrain - INFO - 🎯 TARGET (person) | CENTERED = | MOVE FORWARD ⬆⬆ | Area: 564
2026-05-25 13:29:32,402 - AeroBrain - INFO - Detected: person (ID: 0, Conf: 0.54, Area: 532)
2026-05-25 13:29:32,402 - AeroBrain - INFO - Detected: person (ID: 0, Conf: 0.48, Area: 154)
2026-05-25 13:29:32,404 - AeroBrain - INFO - 🎯 TARGET (person) | YAW RIGHT ➔ | MOVE FORWARD ⬆⬆ | Area: 532
2026-05-25 13:29:32,567 - AeroBrain - INFO - Detected: train (ID: 6, Conf: 0.69, Area: 142710)
2026-05-25 13:29:32,568 - AeroBrain - INFO - Detected: person (ID: 0, Conf: 0.67, Area: 1026)
2026-05-25 13:29:32,570 - AeroBrain - INFO - 🎯 TARGET (train) | YAW LEFT ⬅ | MOVE BACKWARD ⬇ | Area: 142710
2026-05-25 13:29:32,707 - AeroBrain - INFO - Detected: person (ID: 0, Conf: 0.56, Area: 944)
2026-05-25 13:29:32,708 - AeroBrain - INFO - Detected: person (ID: 0, Conf: 0.50, Area: 385)
2026-05-25 13:29:32,710 - AeroBrain - INFO - 🎯 TARGET (person) | CENTERED = | MOVE FORWARD ⬆⬆ | Area: 944
2026-05-25 13:29:32,877 - AeroBrain - INFO - Detected: person (ID: 0, Conf: 0.52, Area: 504)
2026-05-25 13:29:32,877 - AeroBrain - INFO - Detected: person (ID: 0, Conf: 0.50, Area: 407)
2026-05-25 13:29:32,878 - AeroBrain - INFO - Detected: person (ID: 0, Conf: 0.48, Area: 370)
2026-05-25 13:29:32,878 - AeroBrain - INFO - Detected: train (ID: 6, Conf: 0.40, Area: 159174)
2026-05-25 13:29:32,880 - AeroBrain - INFO - 🎯 TARGET (train) | YAW LEFT ⬅ | MOVE BACKWARD ⬇ | Area: 159174
2026-05-25 13:29:33,040 - AeroBrain - INFO - Detected: train (ID: 6, Conf: 0.71, Area: 155568)
2026-05-25 13:29:33,040 - AeroBrain - INFO - Detected: person (ID: 0, Conf: 0.54, Area: 1170)
2026-05-25 13:29:33,040 - AeroBrain - INFO - Detected: person (ID: 0, Conf: 0.42, Area: 390)
2026-05-25 13:29:33,042 - AeroBrain - INFO - 🎯 TARGET (train) | YAW LEFT ⬅ | MOVE BACKWARD ⬇ | Area: 155568
2026-05-25 13:29:33,179 - AeroBrain - INFO - Detected: person (ID: 0, Conf: 0.51, Area: 585)
2026-05-25 13:29:33,185 - AeroBrain - INFO - Detected: train (ID: 6, Conf: 0.40, Area: 162381)
2026-05-25 13:29:33,187 - AeroBrain - INFO - 🎯 TARGET (train) | YAW LEFT ⬅ | MOVE BACKWARD ⬇ | Area: 162381
2026-05-25 13:29:33,347 - AeroBrain - INFO - Detected: person (ID: 0, Conf: 0.60, Area: 624)
2026-05-25 13:29:33,349 - AeroBrain - INFO - 🎯 TARGET (person) | YAW RIGHT ➔ | MOVE FORWARD ⬆⬆ | Area: 624
2026-05-25 13:29:33,483 - AeroBrain - INFO - Detected: train (ID: 6, Conf: 0.54, Area: 171602)
2026-05-25 13:29:33,484 - AeroBrain - INFO - Detected: person (ID: 0, Conf: 0.52, Area: 637)
2026-05-25 13:29:33,485 - AeroBrain - INFO - 🎯 TARGET (train) | YAW LEFT ⬅ | MOVE BACKWARD ⬇ | Area: 171602
2026-05-25 13:29:33,646 - AeroBrain - INFO - Detected: person (ID: 0, Conf: 0.74, Area: 1272)
2026-05-25 13:29:33,648 - AeroBrain - INFO - 🎯 TARGET (person) | CENTERED = | MOVE FORWARD ⬆⬆ | Area: 1272
2026-05-25 13:29:33,807 - AeroBrain - INFO - Detected: bus (ID: 5, Conf: 0.66, Area: 176640)
2026-05-25 13:29:33,807 - AeroBrain - INFO - Detected: person (ID: 0, Conf: 0.46, Area: 546)
2026-05-25 13:29:33,808 - AeroBrain - INFO - 🎯 TARGET (bus) | YAW LEFT ⬅ | MOVE BACKWARD ⬇ | Area: 176640
2026-05-25 13:29:33,943 - AeroBrain - INFO - Detected: person (ID: 0, Conf: 0.76, Area: 1239)
2026-05-25 13:29:33,944 - AeroBrain - INFO - Detected: person (ID: 0, Conf: 0.47, Area: 407)
2026-05-25 13:29:33,946 - AeroBrain - INFO - 🎯 TARGET (person) | CENTERED = | MOVE FORWARD ⬆⬆ | Area: 1239
2026-05-25 13:29:34,105 - AeroBrain - INFO - Detected: person (ID: 0, Conf: 0.45, Area: 480)
2026-05-25 13:29:34,107 - AeroBrain - INFO - 🎯 TARGET (person) | YAW RIGHT ➔ | MOVE FORWARD ⬆⬆ | Area: 480
2026-05-25 13:29:34,236 - AeroBrain - INFO - Detected: train (ID: 6, Conf: 0.58, Area: 170496)
2026-05-25 13:29:34,237 - AeroBrain - INFO - Detected: person (ID: 0, Conf: 0.42, Area: 1219)
2026-05-25 13:29:34,239 - AeroBrain - INFO - 🎯 TARGET (train) | CENTERED = | MOVE BACKWARD ⬇ | Area: 170496
2026-05-25 13:29:34,415 - AeroBrain - INFO - Detected: person (ID: 0, Conf: 0.68, Area: 559)
2026-05-25 13:29:34,416 - AeroBrain - INFO - Detected: person (ID: 0, Conf: 0.59, Area: 1102)
2026-05-25 13:29:34,418 - AeroBrain - INFO - 🎯 TARGET (person) | YAW RIGHT ➔ | MOVE FORWARD ⬆⬆ | Area: 1102
2026-05-25 13:29:34,580 - AeroBrain - INFO - Detected: person (ID: 0, Conf: 0.60, Area: 624)
2026-05-25 13:29:34,580 - AeroBrain - INFO - Detected: person (ID: 0, Conf: 0.48, Area: 720)
2026-05-25 13:29:34,580 - AeroBrain - INFO - Detected: person (ID: 0, Conf: 0.45, Area: 494)
2026-05-25 13:29:34,583 - AeroBrain - INFO - 🎯 TARGET (person) | YAW RIGHT ➔ | MOVE FORWARD ⬆⬆ | Area: 720
2026-05-25 13:29:34,714 - AeroBrain - INFO - Detected: train (ID: 6, Conf: 0.57, Area: 180684)
2026-05-25 13:29:34,716 - AeroBrain - INFO - 🎯 TARGET (train) | CENTERED = | MOVE BACKWARD ⬇ | Area: 180684
2026-05-25 13:29:34,877 - AeroBrain - INFO - Detected: person (ID: 0, Conf: 0.58, Area: 440)
2026-05-25 13:29:34,879 - AeroBrain - INFO - 🎯 TARGET (person) | YAW RIGHT ➔ | MOVE FORWARD ⬆⬆ | Area: 440
2026-05-25 13:29:35,039 - AeroBrain - INFO - Detected: train (ID: 6, Conf: 0.43, Area: 173151)
2026-05-25 13:29:35,041 - AeroBrain - INFO - 🎯 TARGET (train) | YAW LEFT ⬅ | MOVE BACKWARD ⬇ | Area: 173151
2026-05-25 13:29:35,174 - AeroBrain - INFO - Detected: train (ID: 6, Conf: 0.81, Area: 170646)
2026-05-25 13:29:35,176 - AeroBrain - INFO - 🎯 TARGET (train) | YAW LEFT ⬅ | MOVE BACKWARD ⬇ | Area: 170646
2026-05-25 13:29:35,345 - AeroBrain - INFO - Detected: train (ID: 6, Conf: 0.61, Area: 167552)
2026-05-25 13:29:35,345 - AeroBrain - INFO - Detected: person (ID: 0, Conf: 0.60, Area: 630)
2026-05-25 13:29:35,345 - AeroBrain - INFO - Detected: person (ID: 0, Conf: 0.55, Area: 450)
2026-05-25 13:29:35,347 - AeroBrain - INFO - 🎯 TARGET (train) | YAW LEFT ⬅ | MOVE BACKWARD ⬇ | Area: 167552
2026-05-25 13:29:35,494 - AeroBrain - INFO - Detected: person (ID: 0, Conf: 0.72, Area: 752)
2026-05-25 13:29:35,494 - AeroBrain - INFO - Detected: train (ID: 6, Conf: 0.41, Area: 171124)
2026-05-25 13:29:35,497 - AeroBrain - INFO - 🎯 TARGET (train) | YAW LEFT ⬅ | MOVE BACKWARD ⬇ | Area: 171124
2026-05-25 13:29:35,675 - AeroBrain - INFO - Detected: train (ID: 6, Conf: 0.52, Area: 176272)
2026-05-25 13:29:35,677 - AeroBrain - INFO - 🎯 TARGET (train) | YAW LEFT ⬅ | MOVE BACKWARD ⬇ | Area: 176272
2026-05-25 13:29:35,874 - AeroBrain - INFO - Detected: person (ID: 0, Conf: 0.49, Area: 700)
2026-05-25 13:29:35,875 - AeroBrain - INFO - Detected: person (ID: 0, Conf: 0.41, Area: 507)
2026-05-25 13:29:35,877 - AeroBrain - INFO - 🎯 TARGET (person) | YAW RIGHT ➔ | MOVE FORWARD ⬆⬆ | Area: 700
2026-05-25 13:29:36,015 - AeroBrain - INFO - Detected: train (ID: 6, Conf: 0.79, Area: 186420)
2026-05-25 13:29:36,016 - AeroBrain - INFO - Detected: person (ID: 0, Conf: 0.44, Area: 546)
2026-05-25 13:29:36,018 - AeroBrain - INFO - 🎯 TARGET (train) | YAW LEFT ⬅ | MOVE BACKWARD ⬇ | Area: 186420
2026-05-25 13:29:36,181 - AeroBrain - INFO - Detected: person (ID: 0, Conf: 0.60, Area: 495)
2026-05-25 13:29:36,182 - AeroBrain - INFO - Detected: train (ID: 6, Conf: 0.57, Area: 184786)
2026-05-25 13:29:36,182 - AeroBrain - INFO - Detected: person (ID: 0, Conf: 0.53, Area: 480)
2026-05-25 13:29:36,184 - AeroBrain - INFO - 🎯 TARGET (train) | YAW LEFT ⬅ | MOVE BACKWARD ⬇ | Area: 184786
2026-05-25 13:29:36,352 - AeroBrain - INFO - Detected: person (ID: 0, Conf: 0.55, Area: 494)
2026-05-25 13:29:36,353 - AeroBrain - INFO - Detected: person (ID: 0, Conf: 0.54, Area: 748)
2026-05-25 13:29:36,353 - AeroBrain - INFO - Detected: bus (ID: 5, Conf: 0.53, Area: 192079)
2026-05-25 13:29:36,355 - AeroBrain - INFO - 🎯 TARGET (bus) | YAW LEFT ⬅ | MOVE BACKWARD ⬇ | Area: 192079
2026-05-25 13:29:36,490 - AeroBrain - INFO - Detected: person (ID: 0, Conf: 0.52, Area: 675)
2026-05-25 13:29:36,490 - AeroBrain - INFO - Detected: train (ID: 6, Conf: 0.45, Area: 194616)
2026-05-25 13:29:36,492 - AeroBrain - INFO - 🎯 TARGET (train) | YAW LEFT ⬅ | MOVE BACKWARD ⬇ | Area: 194616
2026-05-25 13:29:36,654 - AeroBrain - INFO - Detected: train (ID: 6, Conf: 0.65, Area: 201716)
2026-05-25 13:29:36,654 - AeroBrain - INFO - Detected: person (ID: 0, Conf: 0.54, Area: 735)
2026-05-25 13:29:36,656 - AeroBrain - INFO - 🎯 TARGET (train) | YAW LEFT ⬅ | MOVE BACKWARD ⬇ | Area: 201716
2026-05-25 13:29:36,812 - AeroBrain - INFO - 🔄 PATROL: ROTATING (1%)
2026-05-25 13:29:36,949 - AeroBrain - INFO - 🔄 PATROL: ROTATING (2%)
2026-05-25 13:29:37,104 - AeroBrain - INFO - 🔄 PATROL: ROTATING (3%)
2026-05-25 13:29:37,269 - AeroBrain - INFO - 🔄 PATROL: ROTATING (5%)
2026-05-25 13:29:37,403 - AeroBrain - INFO - Detected: person (ID: 0, Conf: 0.58, Area: 760)
2026-05-25 13:29:37,404 - AeroBrain - INFO - Detected: train (ID: 6, Conf: 0.47, Area: 200028)
2026-05-25 13:29:37,404 - AeroBrain - INFO - Detected: person (ID: 0, Conf: 0.44, Area: 572)
2026-05-25 13:29:37,406 - AeroBrain - INFO - 🎯 TARGET (train) | YAW LEFT ⬅ | MOVE BACKWARD ⬇ | Area: 200028
2026-05-25 13:29:37,568 - AeroBrain - INFO - 🔄 PATROL: ROTATING (1%)
2026-05-25 13:29:37,703 - AeroBrain - INFO - 🔄 PATROL: ROTATING (2%)
2026-05-25 13:29:37,864 - AeroBrain - INFO - Detected: train (ID: 6, Conf: 0.58, Area: 179728)
2026-05-25 13:29:37,866 - AeroBrain - INFO - 🎯 TARGET (train) | YAW LEFT ⬅ | MOVE BACKWARD ⬇ | Area: 179728
2026-05-25 13:29:38,026 - AeroBrain - INFO - Detected: person (ID: 0, Conf: 0.45, Area: 840)
2026-05-25 13:29:38,027 - AeroBrain - INFO - Detected: person (ID: 0, Conf: 0.42, Area: 798)
2026-05-25 13:29:38,027 - AeroBrain - INFO - Detected: person (ID: 0, Conf: 0.42, Area: 418)
2026-05-25 13:29:38,028 - AeroBrain - INFO - 🎯 TARGET (person) | CENTERED = | MOVE FORWARD ⬆⬆ | Area: 840
2026-05-25 13:29:38,168 - AeroBrain - INFO - Detected: person (ID: 0, Conf: 0.48, Area: 450)
2026-05-25 13:29:38,170 - AeroBrain - INFO - Detected: bus (ID: 5, Conf: 0.41, Area: 166560)
2026-05-25 13:29:38,172 - AeroBrain - INFO - 🎯 TARGET (bus) | YAW LEFT ⬅ | MOVE BACKWARD ⬇ | Area: 166560
2026-05-25 13:29:38,339 - AeroBrain - INFO - 🔄 PATROL: ROTATING (1%)
2026-05-25 13:29:38,479 - AeroBrain - INFO - Detected: person (ID: 0, Conf: 0.54, Area: 728)
2026-05-25 13:29:38,480 - AeroBrain - INFO - Detected: person (ID: 0, Conf: 0.50, Area: 810)
2026-05-25 13:29:38,481 - AeroBrain - INFO - 🎯 TARGET (person) | YAW RIGHT ➔ | MOVE FORWARD ⬆⬆ | Area: 810
2026-05-25 13:29:38,652 - AeroBrain - INFO - Detected: train (ID: 6, Conf: 0.42, Area: 162180)
2026-05-25 13:29:38,655 - AeroBrain - INFO - 🎯 TARGET (train) | YAW LEFT ⬅ | MOVE BACKWARD ⬇ | Area: 162180
2026-05-25 13:29:38,816 - AeroBrain - INFO - Detected: train (ID: 6, Conf: 0.64, Area: 143092)
2026-05-25 13:29:38,817 - AeroBrain - INFO - Detected: person (ID: 0, Conf: 0.45, Area: 528)
2026-05-25 13:29:38,818 - AeroBrain - INFO - 🎯 TARGET (train) | YAW LEFT ⬅ | MOVE BACKWARD ⬇ | Area: 143092
2026-05-25 13:29:38,960 - AeroBrain - INFO - Detected: person (ID: 0, Conf: 0.56, Area: 605)
2026-05-25 13:29:38,960 - AeroBrain - INFO - Detected: train (ID: 6, Conf: 0.56, Area: 155196)
2026-05-25 13:29:38,962 - AeroBrain - INFO - 🎯 TARGET (train) | YAW LEFT ⬅ | MOVE BACKWARD ⬇ | Area: 155196
2026-05-25 13:29:39,128 - AeroBrain - INFO - Detected: train (ID: 6, Conf: 0.53, Area: 157740)
2026-05-25 13:29:39,128 - AeroBrain - INFO - Detected: person (ID: 0, Conf: 0.50, Area: 297)
2026-05-25 13:29:39,132 - AeroBrain - INFO - 🎯 TARGET (train) | YAW LEFT ⬅ | MOVE BACKWARD ⬇ | Area: 157740
2026-05-25 13:29:39,292 - AeroBrain - INFO - Detected: train (ID: 6, Conf: 0.51, Area: 162657)
2026-05-25 13:29:39,296 - AeroBrain - INFO - 🎯 TARGET (train) | YAW LEFT ⬅ | MOVE BACKWARD ⬇ | Area: 162657
2026-05-25 13:29:39,434 - AeroBrain - INFO - 🔄 PATROL: ROTATING (1%)
2026-05-25 13:29:39,598 - AeroBrain - INFO - Detected: train (ID: 6, Conf: 0.46, Area: 172558)
2026-05-25 13:29:39,600 - AeroBrain - INFO - 🎯 TARGET (train) | YAW LEFT ⬅ | MOVE BACKWARD ⬇ | Area: 172558
2026-05-25 13:29:39,736 - AeroBrain - INFO - Detected: train (ID: 6, Conf: 0.49, Area: 171003)
2026-05-25 13:29:39,736 - AeroBrain - INFO - Detected: person (ID: 0, Conf: 0.47, Area: 901)
2026-05-25 13:29:39,738 - AeroBrain - INFO - 🎯 TARGET (train) | YAW LEFT ⬅ | MOVE BACKWARD ⬇ | Area: 171003
2026-05-25 13:29:39,907 - AeroBrain - INFO - 🔄 PATROL: ROTATING (1%)
2026-05-25 13:29:40,071 - AeroBrain - INFO - Detected: person (ID: 0, Conf: 0.50, Area: 630)
2026-05-25 13:29:40,075 - AeroBrain - INFO - 🎯 TARGET (person) | YAW RIGHT ➔ | MOVE FORWARD ⬆⬆ | Area: 630
2026-05-25 13:29:40,215 - AeroBrain - INFO - 🔄 PATROL: ROTATING (1%)
2026-05-25 13:29:40,402 - AeroBrain - INFO - Detected: person (ID: 0, Conf: 0.61, Area: 560)
2026-05-25 13:29:40,402 - AeroBrain - INFO - Detected: person (ID: 0, Conf: 0.55, Area: 624)
2026-05-25 13:29:40,403 - AeroBrain - INFO - Detected: train (ID: 6, Conf: 0.48, Area: 142756)
2026-05-25 13:29:40,405 - AeroBrain - INFO - 🎯 TARGET (train) | YAW LEFT ⬅ | MOVE BACKWARD ⬇ | Area: 142756
2026-05-25 13:29:40,547 - AeroBrain - INFO - 🔄 PATROL: ROTATING (1%)
2026-05-25 13:29:40,690 - AeroBrain - INFO - Detected: train (ID: 6, Conf: 0.48, Area: 159986)
2026-05-25 13:29:40,693 - AeroBrain - INFO - 🎯 TARGET (train) | YAW LEFT ⬅ | MOVE BACKWARD ⬇ | Area: 159986
2026-05-25 13:29:40,867 - AeroBrain - INFO - Detected: train (ID: 6, Conf: 0.45, Area: 152960)
2026-05-25 13:29:40,869 - AeroBrain - INFO - 🎯 TARGET (train) | YAW LEFT ⬅ | MOVE BACKWARD ⬇ | Area: 152960
2026-05-25 13:29:41,041 - AeroBrain - INFO - Detected: train (ID: 6, Conf: 0.71, Area: 152801)
2026-05-25 13:29:41,043 - AeroBrain - INFO - 🎯 TARGET (train) | YAW LEFT ⬅ | MOVE BACKWARD ⬇ | Area: 152801
2026-05-25 13:29:41,185 - AeroBrain - INFO - Detected: person (ID: 0, Conf: 0.44, Area: 198)
2026-05-25 13:29:41,187 - AeroBrain - INFO - 🎯 TARGET (person) | YAW RIGHT ➔ | MOVE FORWARD ⬆⬆ | Area: 198
2026-05-25 13:29:41,362 - AeroBrain - INFO - 🔄 PATROL: ROTATING (1%)
2026-05-25 13:29:41,504 - AeroBrain - INFO - Detected: train (ID: 6, Conf: 0.70, Area: 138690)
2026-05-25 13:29:41,505 - AeroBrain - INFO - Detected: person (ID: 0, Conf: 0.43, Area: 602)
2026-05-25 13:29:41,506 - AeroBrain - INFO - 🎯 TARGET (train) | YAW LEFT ⬅ | MOVE BACKWARD ⬇ | Area: 138690
2026-05-25 13:29:41,674 - AeroBrain - INFO - Detected: person (ID: 0, Conf: 0.59, Area: 784)
2026-05-25 13:29:41,676 - AeroBrain - INFO - Detected: person (ID: 0, Conf: 0.52, Area: 330)
2026-05-25 13:29:41,678 - AeroBrain - INFO - 🎯 TARGET (person) | CENTERED = | MOVE FORWARD ⬆⬆ | Area: 784
2026-05-25 13:29:41,816 - AeroBrain - INFO - Detected: train (ID: 6, Conf: 0.76, Area: 153438)
2026-05-25 13:29:41,818 - AeroBrain - INFO - 🎯 TARGET (train) | YAW LEFT ⬅ | MOVE BACKWARD ⬇ | Area: 153438
2026-05-25 13:29:41,963 - AeroBrain - INFO - Detected: train (ID: 6, Conf: 0.58, Area: 140505)
2026-05-25 13:29:41,964 - AeroBrain - INFO - Detected: person (ID: 0, Conf: 0.54, Area: 418)
2026-05-25 13:29:41,965 - AeroBrain - INFO - 🎯 TARGET (train) | YAW LEFT ⬅ | MOVE BACKWARD ⬇ | Area: 140505
2026-05-25 13:29:42,132 - AeroBrain - INFO - Detected: train (ID: 6, Conf: 0.60, Area: 155196)
2026-05-25 13:29:42,133 - AeroBrain - INFO - Detected: person (ID: 0, Conf: 0.55, Area: 520)
2026-05-25 13:29:42,135 - AeroBrain - INFO - 🎯 TARGET (train) | YAW LEFT ⬅ | MOVE BACKWARD ⬇ | Area: 155196
2026-05-25 13:29:42,311 - AeroBrain - INFO - Detected: person (ID: 0, Conf: 0.58, Area: 440)
2026-05-25 13:29:42,312 - AeroBrain - INFO - 🎯 TARGET (person) | CENTERED = | MOVE FORWARD ⬆⬆ | Area: 440
2026-05-25 13:29:42,454 - AeroBrain - INFO - 🔄 PATROL: ROTATING (1%)
2026-05-25 13:29:42,623 - AeroBrain - INFO - Detected: person (ID: 0, Conf: 0.66, Area: 561)
2026-05-25 13:29:42,624 - AeroBrain - INFO - Detected: person (ID: 0, Conf: 0.57, Area: 728)
2026-05-25 13:29:42,626 - AeroBrain - INFO - 🎯 TARGET (person) | YAW RIGHT ➔ | MOVE FORWARD ⬆⬆ | Area: 728
2026-05-25 13:29:42,766 - AeroBrain - INFO - Detected: person (ID: 0, Conf: 0.52, Area: 702)
2026-05-25 13:29:42,768 - AeroBrain - INFO - 🎯 TARGET (person) | YAW RIGHT ➔ | MOVE FORWARD ⬆⬆ | Area: 702
2026-05-25 13:29:42,905 - AeroBrain - INFO - Detected: person (ID: 0, Conf: 0.46, Area: 864)
2026-05-25 13:29:42,905 - AeroBrain - INFO - Detected: person (ID: 0, Conf: 0.41, Area: 1080)
2026-05-25 13:29:42,908 - AeroBrain - INFO - 🎯 TARGET (person) | YAW LEFT ⬅ | MOVE FORWARD ⬆⬆ | Area: 1080
2026-05-25 13:29:43,083 - AeroBrain - INFO - Detected: person (ID: 0, Conf: 0.79, Area: 2016)
2026-05-25 13:29:43,085 - AeroBrain - INFO - 🎯 TARGET (person) | YAW LEFT ⬅ | MOVE FORWARD ⬆⬆ | Area: 2016
2026-05-25 13:29:43,226 - AeroBrain - INFO - Detected: person (ID: 0, Conf: 0.79, Area: 1725)
2026-05-25 13:29:43,226 - AeroBrain - INFO - Detected: person (ID: 0, Conf: 0.55, Area: 561)
2026-05-25 13:29:43,227 - AeroBrain - INFO - Detected: person (ID: 0, Conf: 0.45, Area: 280)
2026-05-25 13:29:43,228 - AeroBrain - INFO - 🎯 TARGET (person) | YAW LEFT ⬅ | MOVE FORWARD ⬆⬆ | Area: 1725
2026-05-25 13:29:43,393 - AeroBrain - INFO - Detected: person (ID: 0, Conf: 0.75, Area: 1219)
2026-05-25 13:29:43,395 - AeroBrain - INFO - 🎯 TARGET (person) | YAW LEFT ⬅ | MOVE FORWARD ⬆⬆ | Area: 1219
2026-05-25 13:29:43,559 - AeroBrain - INFO - Detected: person (ID: 0, Conf: 0.56, Area: 688)
2026-05-25 13:29:43,559 - AeroBrain - INFO - Detected: person (ID: 0, Conf: 0.49, Area: 456)
2026-05-25 13:29:43,561 - AeroBrain - INFO - 🎯 TARGET (person) | YAW LEFT ⬅ | MOVE FORWARD ⬆⬆ | Area: 688
2026-05-25 13:29:43,700 - AeroBrain - INFO - 🔄 PATROL: ROTATING (1%)
2026-05-25 13:29:43,835 - AeroBrain - INFO - Detected: person (ID: 0, Conf: 0.57, Area: 360)
2026-05-25 13:29:43,836 - AeroBrain - INFO - Detected: person (ID: 0, Conf: 0.49, Area: 945)
2026-05-25 13:29:43,837 - AeroBrain - INFO - 🎯 TARGET (person) | CENTERED = | MOVE FORWARD ⬆⬆ | Area: 945
2026-05-25 13:29:43,972 - AeroBrain - INFO - 🔄 PATROL: ROTATING (1%)
2026-05-25 13:29:44,133 - AeroBrain - INFO - Detected: person (ID: 0, Conf: 0.61, Area: 320)
2026-05-25 13:29:44,135 - AeroBrain - INFO - 🎯 TARGET (person) | YAW RIGHT ➔ | MOVE FORWARD ⬆⬆ | Area: 320
2026-05-25 13:29:44,294 - AeroBrain - INFO - 🔄 PATROL: ROTATING (1%)
2026-05-25 13:29:44,433 - AeroBrain - INFO - Detected: train (ID: 6, Conf: 0.76, Area: 161760)
2026-05-25 13:29:44,433 - AeroBrain - INFO - Detected: person (ID: 0, Conf: 0.45, Area: 330)
2026-05-25 13:29:44,435 - AeroBrain - INFO - 🎯 TARGET (train) | YAW LEFT ⬅ | MOVE BACKWARD ⬇ | Area: 161760
2026-05-25 13:29:44,597 - AeroBrain - INFO - 🔄 PATROL: ROTATING (1%)
2026-05-25 13:29:44,732 - AeroBrain - INFO - 🔄 PATROL: ROTATING (2%)
2026-05-25 13:29:44,897 - AeroBrain - INFO - Detected: train (ID: 6, Conf: 0.45, Area: 142263)
2026-05-25 13:29:44,899 - AeroBrain - INFO - 🎯 TARGET (train) | YAW LEFT ⬅ | MOVE BACKWARD ⬇ | Area: 142263
2026-05-25 13:29:45,058 - AeroBrain - INFO - Detected: train (ID: 6, Conf: 0.73, Area: 136515)
2026-05-25 13:29:45,060 - AeroBrain - INFO - 🎯 TARGET (train) | YAW LEFT ⬅ | MOVE BACKWARD ⬇ | Area: 136515
2026-05-25 13:29:45,196 - AeroBrain - INFO - Detected: train (ID: 6, Conf: 0.65, Area: 130767)
2026-05-25 13:29:45,198 - AeroBrain - INFO - 🎯 TARGET (train) | YAW LEFT ⬅ | MOVE BACKWARD ⬇ | Area: 130767
2026-05-25 13:29:45,363 - AeroBrain - INFO - Detected: train (ID: 6, Conf: 0.76, Area: 129809)
2026-05-25 13:29:45,365 - AeroBrain - INFO - 🎯 TARGET (train) | YAW LEFT ⬅ | MOVE BACKWARD ⬇ | Area: 129809
2026-05-25 13:29:45,525 - AeroBrain - INFO - Detected: train (ID: 6, Conf: 0.67, Area: 132204)
2026-05-25 13:29:45,527 - AeroBrain - INFO - 🎯 TARGET (train) | YAW LEFT ⬅ | MOVE BACKWARD ⬇ | Area: 132204
2026-05-25 13:29:45,667 - AeroBrain - INFO - Detected: train (ID: 6, Conf: 0.41, Area: 136230)
2026-05-25 13:29:45,668 - AeroBrain - INFO - 🎯 TARGET (train) | YAW LEFT ⬅ | MOVE BACKWARD ⬇ | Area: 136230
2026-05-25 13:29:45,829 - AeroBrain - INFO - Detected: train (ID: 6, Conf: 0.43, Area: 141010)
2026-05-25 13:29:45,832 - AeroBrain - INFO - 🎯 TARGET (train) | YAW LEFT ⬅ | MOVE BACKWARD ⬇ | Area: 141010
2026-05-25 13:29:45,970 - AeroBrain - INFO - Detected: train (ID: 6, Conf: 0.63, Area: 149136)
2026-05-25 13:29:45,972 - AeroBrain - INFO - 🎯 TARGET (train) | YAW LEFT ⬅ | MOVE BACKWARD ⬇ | Area: 149136
2026-05-25 13:29:46,132 - AeroBrain - INFO - Detected: train (ID: 6, Conf: 0.73, Area: 155025)
2026-05-25 13:29:46,134 - AeroBrain - INFO - 🎯 TARGET (train) | YAW LEFT ⬅ | MOVE BACKWARD ⬇ | Area: 155025
2026-05-25 13:29:46,296 - AeroBrain - INFO - Detected: train (ID: 6, Conf: 0.65, Area: 162381)
2026-05-25 13:29:46,298 - AeroBrain - INFO - 🎯 TARGET (train) | YAW LEFT ⬅ | MOVE BACKWARD ⬇ | Area: 162381
2026-05-25 13:29:46,437 - AeroBrain - INFO - 🔄 PATROL: ROTATING (1%)
2026-05-25 13:29:46,600 - AeroBrain - INFO - 🔄 PATROL: ROTATING (2%)
2026-05-25 13:29:46,765 - AeroBrain - INFO - Detected: person (ID: 0, Conf: 0.77, Area: 980)
2026-05-25 13:29:46,768 - AeroBrain - INFO - 🎯 TARGET (person) | CENTERED = | MOVE FORWARD ⬆⬆ | Area: 980
2026-05-25 13:29:46,903 - AeroBrain - INFO - Detected: person (ID: 0, Conf: 0.75, Area: 1134)
2026-05-25 13:29:46,903 - AeroBrain - INFO - Detected: train (ID: 6, Conf: 0.65, Area: 170168)
2026-05-25 13:29:46,904 - AeroBrain - INFO - Detected: person (ID: 0, Conf: 0.51, Area: 363)
2026-05-25 13:29:46,905 - AeroBrain - INFO - 🎯 TARGET (train) | YAW LEFT ⬅ | MOVE BACKWARD ⬇ | Area: 170168
2026-05-25 13:29:47,068 - AeroBrain - INFO - Detected: person (ID: 0, Conf: 0.68, Area: 1071)
2026-05-25 13:29:47,070 - AeroBrain - INFO - Detected: person (ID: 0, Conf: 0.51, Area: 945)
2026-05-25 13:29:47,072 - AeroBrain - INFO - 🎯 TARGET (person) | CENTERED = | MOVE FORWARD ⬆⬆ | Area: 1071
2026-05-25 13:29:47,239 - AeroBrain - INFO - Detected: train (ID: 6, Conf: 0.78, Area: 164640)
2026-05-25 13:29:47,242 - AeroBrain - INFO - 🎯 TARGET (train) | YAW LEFT ⬅ | MOVE BACKWARD ⬇ | Area: 164640
2026-05-25 13:29:47,414 - AeroBrain - INFO - Detected: train (ID: 6, Conf: 0.56, Area: 157201)
2026-05-25 13:29:47,415 - AeroBrain - INFO - Detected: person (ID: 0, Conf: 0.46, Area: 253)
2026-05-25 13:29:47,415 - AeroBrain - INFO - Detected: person (ID: 0, Conf: 0.42, Area: 1071)
2026-05-25 13:29:47,416 - AeroBrain - INFO - 🎯 TARGET (train) | YAW LEFT ⬅ | MOVE BACKWARD ⬇ | Area: 157201
2026-05-25 13:29:47,586 - AeroBrain - INFO - 🔄 PATROL: ROTATING (1%)
2026-05-25 13:29:47,727 - AeroBrain - INFO - Detected: train (ID: 6, Conf: 0.64, Area: 169212)
2026-05-25 13:29:47,729 - AeroBrain - INFO - 🎯 TARGET (train) | YAW LEFT ⬅ | MOVE BACKWARD ⬇ | Area: 169212
2026-05-25 13:29:47,891 - AeroBrain - INFO - Detected: train (ID: 6, Conf: 0.63, Area: 170168)
2026-05-25 13:29:47,891 - AeroBrain - INFO - Detected: person (ID: 0, Conf: 0.59, Area: 836)
2026-05-25 13:29:47,893 - AeroBrain - INFO - 🎯 TARGET (train) | YAW LEFT ⬅ | MOVE BACKWARD ⬇ | Area: 170168
2026-05-25 13:29:48,056 - AeroBrain - INFO - Detected: train (ID: 6, Conf: 0.65, Area: 170880)
2026-05-25 13:29:48,059 - AeroBrain - INFO - 🎯 TARGET (train) | YAW LEFT ⬅ | MOVE BACKWARD ⬇ | Area: 170880
2026-05-25 13:29:48,366 - AeroBrain - INFO - 🔄 PATROL: ROTATING (2%)
2026-05-25 13:29:48,513 - AeroBrain - INFO - Detected: person (ID: 0, Conf: 0.70, Area: 900)
2026-05-25 13:29:48,515 - AeroBrain - INFO - 🎯 TARGET (person) | CENTERED = | MOVE FORWARD ⬆⬆ | Area: 900
2026-05-25 13:29:48,683 - AeroBrain - INFO - Detected: person (ID: 0, Conf: 0.66, Area: 885)
2026-05-25 13:29:48,686 - AeroBrain - INFO - 🎯 TARGET (person) | YAW RIGHT ➔ | MOVE FORWARD ⬆⬆ | Area: 885
2026-05-25 13:29:48,833 - AeroBrain - INFO - Detected: person (ID: 0, Conf: 0.78, Area: 750)
2026-05-25 13:29:48,833 - AeroBrain - INFO - Detected: train (ID: 6, Conf: 0.40, Area: 171832)
2026-05-25 13:29:48,835 - AeroBrain - INFO - 🎯 TARGET (train) | YAW LEFT ⬅ | MOVE BACKWARD ⬇ | Area: 171832
2026-05-25 13:29:48,971 - AeroBrain - INFO - Detected: person (ID: 0, Conf: 0.58, Area: 663)
2026-05-25 13:29:48,974 - AeroBrain - INFO - 🎯 TARGET (person) | CENTERED = | MOVE FORWARD ⬆⬆ | Area: 663
2026-05-25 13:29:49,143 - AeroBrain - INFO - Detected: person (ID: 0, Conf: 0.74, Area: 1037)
2026-05-25 13:29:49,146 - AeroBrain - INFO - 🎯 TARGET (person) | YAW RIGHT ➔ | MOVE FORWARD ⬆⬆ | Area: 1037
2026-05-25 13:29:49,319 - AeroBrain - INFO - Detected: person (ID: 0, Conf: 0.68, Area: 798)
2026-05-25 13:29:49,323 - AeroBrain - INFO - 🎯 TARGET (person) | YAW RIGHT ➔ | MOVE FORWARD ⬆⬆ | Area: 798
2026-05-25 13:29:49,463 - AeroBrain - INFO - Detected: person (ID: 0, Conf: 0.70, Area: 715)
2026-05-25 13:29:49,463 - AeroBrain - INFO - Detected: train (ID: 6, Conf: 0.46, Area: 162268)
2026-05-25 13:29:49,465 - AeroBrain - INFO - 🎯 TARGET (train) | YAW LEFT ⬅ | MOVE BACKWARD ⬇ | Area: 162268
2026-05-25 13:29:49,633 - AeroBrain - INFO - Detected: person (ID: 0, Conf: 0.71, Area: 742)
2026-05-25 13:29:49,634 - AeroBrain - INFO - Detected: train (ID: 6, Conf: 0.62, Area: 157150)
2026-05-25 13:29:49,635 - AeroBrain - INFO - 🎯 TARGET (train) | YAW LEFT ⬅ | MOVE BACKWARD ⬇ | Area: 157150
2026-05-25 13:29:49,796 - AeroBrain - INFO - Detected: train (ID: 6, Conf: 0.41, Area: 164910)
2026-05-25 13:29:49,799 - AeroBrain - INFO - 🎯 TARGET (train) | YAW LEFT ⬅ | MOVE BACKWARD ⬇ | Area: 164910
2026-05-25 13:29:49,937 - AeroBrain - INFO - 🔄 PATROL: ROTATING (1%)
2026-05-25 13:29:50,097 - AeroBrain - INFO - 🔄 PATROL: ROTATING (2%)
2026-05-25 13:29:50,236 - AeroBrain - INFO - Detected: person (ID: 0, Conf: 0.56, Area: 351)
2026-05-25 13:29:50,238 - AeroBrain - INFO - 🎯 TARGET (person) | CENTERED = | MOVE FORWARD ⬆⬆ | Area: 351
2026-05-25 13:29:50,403 - AeroBrain - INFO - Detected: person (ID: 0, Conf: 0.72, Area: 928)
2026-05-25 13:29:50,403 - AeroBrain - INFO - Detected: train (ID: 6, Conf: 0.53, Area: 166344)
2026-05-25 13:29:50,405 - AeroBrain - INFO - 🎯 TARGET (train) | YAW LEFT ⬅ | MOVE BACKWARD ⬇ | Area: 166344
2026-05-25 13:29:50,566 - AeroBrain - INFO - Detected: person (ID: 0, Conf: 0.68, Area: 689)
2026-05-25 13:29:50,567 - AeroBrain - INFO - Detected: train (ID: 6, Conf: 0.48, Area: 160550)
2026-05-25 13:29:50,568 - AeroBrain - INFO - 🎯 TARGET (train) | YAW LEFT ⬅ | MOVE BACKWARD ⬇ | Area: 160550
2026-05-25 13:29:50,698 - AeroBrain - INFO - Detected: train (ID: 6, Conf: 0.72, Area: 159507)
2026-05-25 13:29:50,700 - AeroBrain - INFO - Detected: person (ID: 0, Conf: 0.43, Area: 689)
2026-05-25 13:29:50,701 - AeroBrain - INFO - 🎯 TARGET (train) | YAW LEFT ⬅ | MOVE BACKWARD ⬇ | Area: 159507
2026-05-25 13:29:50,863 - AeroBrain - INFO - Detected: train (ID: 6, Conf: 0.66, Area: 162381)
2026-05-25 13:29:50,865 - AeroBrain - INFO - 🎯 TARGET (train) | YAW LEFT ⬅ | MOVE BACKWARD ⬇ | Area: 162381
2026-05-25 13:29:51,024 - AeroBrain - INFO - Detected: train (ID: 6, Conf: 0.69, Area: 167171)
2026-05-25 13:29:51,026 - AeroBrain - INFO - 🎯 TARGET (train) | YAW LEFT ⬅ | MOVE BACKWARD ⬇ | Area: 167171
2026-05-25 13:29:51,165 - AeroBrain - INFO - Detected: train (ID: 6, Conf: 0.42, Area: 170646)
2026-05-25 13:29:51,167 - AeroBrain - INFO - 🎯 TARGET (train) | YAW LEFT ⬅ | MOVE BACKWARD ⬇ | Area: 170646
2026-05-25 13:29:51,328 - AeroBrain - INFO - Detected: person (ID: 0, Conf: 0.67, Area: 390)
2026-05-25 13:29:51,330 - AeroBrain - INFO - 🎯 TARGET (person) | YAW RIGHT ➔ | MOVE FORWARD ⬆⬆ | Area: 390
2026-05-25 13:29:51,493 - AeroBrain - INFO - Detected: person (ID: 0, Conf: 0.44, Area: 602)
2026-05-25 13:29:51,495 - AeroBrain - INFO - 🎯 TARGET (person) | YAW RIGHT ➔ | MOVE FORWARD ⬆⬆ | Area: 602
2026-05-25 13:29:51,659 - AeroBrain - INFO - Detected: person (ID: 0, Conf: 0.70, Area: 735)
2026-05-25 13:29:51,659 - AeroBrain - INFO - Detected: train (ID: 6, Conf: 0.45, Area: 175376)
2026-05-25 13:29:51,661 - AeroBrain - INFO - 🎯 TARGET (train) | CENTERED = | MOVE BACKWARD ⬇ | Area: 175376
2026-05-25 13:29:51,821 - AeroBrain - INFO - Detected: person (ID: 0, Conf: 0.78, Area: 752)
2026-05-25 13:29:51,823 - AeroBrain - INFO - 🎯 TARGET (person) | YAW RIGHT ➔ | MOVE FORWARD ⬆⬆ | Area: 752
2026-05-25 13:29:51,963 - AeroBrain - INFO - Detected: person (ID: 0, Conf: 0.75, Area: 848)
2026-05-25 13:29:51,965 - AeroBrain - INFO - 🎯 TARGET (person) | YAW RIGHT ➔ | MOVE FORWARD ⬆⬆ | Area: 848
2026-05-25 13:29:52,129 - AeroBrain - INFO - Detected: person (ID: 0, Conf: 0.58, Area: 540)
2026-05-25 13:29:52,129 - AeroBrain - INFO - Detected: train (ID: 6, Conf: 0.47, Area: 176059)
2026-05-25 13:29:52,132 - AeroBrain - INFO - 🎯 TARGET (train) | CENTERED = | MOVE BACKWARD ⬇ | Area: 176059
2026-05-25 13:29:52,292 - AeroBrain - INFO - Detected: person (ID: 0, Conf: 0.71, Area: 672)
2026-05-25 13:29:52,294 - AeroBrain - INFO - 🎯 TARGET (person) | YAW RIGHT ➔ | MOVE FORWARD ⬆⬆ | Area: 672
2026-05-25 13:29:52,431 - AeroBrain - INFO - Detected: train (ID: 6, Conf: 0.64, Area: 171961)
2026-05-25 13:29:52,432 - AeroBrain - INFO - Detected: person (ID: 0, Conf: 0.63, Area: 663)
2026-05-25 13:29:52,433 - AeroBrain - INFO - 🎯 TARGET (train) | YAW LEFT ⬅ | MOVE BACKWARD ⬇ | Area: 171961
2026-05-25 13:29:52,597 - AeroBrain - INFO - Detected: train (ID: 6, Conf: 0.53, Area: 167300)
2026-05-25 13:29:52,600 - AeroBrain - INFO - 🎯 TARGET (train) | YAW LEFT ⬅ | MOVE BACKWARD ⬇ | Area: 167300
2026-05-25 13:29:52,737 - AeroBrain - INFO - Detected: train (ID: 6, Conf: 0.59, Area: 165519)
2026-05-25 13:29:52,739 - AeroBrain - INFO - 🎯 TARGET (train) | YAW LEFT ⬅ | MOVE BACKWARD ⬇ | Area: 165519
2026-05-25 13:29:52,902 - AeroBrain - INFO - 🔄 PATROL: ROTATING (1%)
2026-05-25 13:29:53,065 - AeroBrain - INFO - 🔄 PATROL: ROTATING (2%)
2026-05-25 13:29:53,200 - AeroBrain - INFO - 🔄 PATROL: ROTATING (3%)
2026-05-25 13:29:53,361 - AeroBrain - INFO - Detected: person (ID: 0, Conf: 0.53, Area: 624)
2026-05-25 13:29:53,363 - AeroBrain - INFO - 🎯 TARGET (person) | YAW RIGHT ➔ | MOVE FORWARD ⬆⬆ | Area: 624
2026-05-25 13:29:53,529 - AeroBrain - INFO - Detected: train (ID: 6, Conf: 0.63, Area: 157112)
2026-05-25 13:29:53,530 - AeroBrain - INFO - Detected: person (ID: 0, Conf: 0.58, Area: 611)
2026-05-25 13:29:53,531 - AeroBrain - INFO - 🎯 TARGET (train) | YAW LEFT ⬅ | MOVE BACKWARD ⬇ | Area: 157112
2026-05-25 13:29:53,667 - AeroBrain - INFO - Detected: train (ID: 6, Conf: 0.48, Area: 152004)
2026-05-25 13:29:53,668 - AeroBrain - INFO - 🎯 TARGET (train) | YAW LEFT ⬅ | MOVE BACKWARD ⬇ | Area: 152004
2026-05-25 13:29:53,832 - AeroBrain - INFO - Detected: train (ID: 6, Conf: 0.52, Area: 142444)
2026-05-25 13:29:53,833 - AeroBrain - INFO - Detected: person (ID: 0, Conf: 0.40, Area: 418)
2026-05-25 13:29:53,834 - AeroBrain - INFO - 🎯 TARGET (train) | YAW LEFT ⬅ | MOVE BACKWARD ⬇ | Area: 142444
2026-05-25 13:29:53,971 - AeroBrain - INFO - Detected: train (ID: 6, Conf: 0.64, Area: 144658)
2026-05-25 13:29:53,973 - AeroBrain - INFO - 🎯 TARGET (train) | YAW LEFT ⬅ | MOVE BACKWARD ⬇ | Area: 144658
2026-05-25 13:29:54,138 - AeroBrain - INFO - Detected: train (ID: 6, Conf: 0.44, Area: 148490)
2026-05-25 13:29:54,139 - AeroBrain - INFO - Detected: person (ID: 0, Conf: 0.42, Area: 495)
2026-05-25 13:29:54,140 - AeroBrain - INFO - 🎯 TARGET (train) | YAW LEFT ⬅ | MOVE BACKWARD ⬇ | Area: 148490
2026-05-25 13:29:54,301 - AeroBrain - INFO - Detected: person (ID: 0, Conf: 0.56, Area: 528)
2026-05-25 13:29:54,304 - AeroBrain - INFO - 🎯 TARGET (person) | CENTERED = | MOVE FORWARD ⬆⬆ | Area: 528
2026-05-25 13:29:54,441 - AeroBrain - INFO - Detected: train (ID: 6, Conf: 0.54, Area: 156154)
2026-05-25 13:29:54,443 - AeroBrain - INFO - 🎯 TARGET (train) | YAW LEFT ⬅ | MOVE BACKWARD ⬇ | Area: 156154
2026-05-25 13:29:54,606 - AeroBrain - INFO - Detected: train (ID: 6, Conf: 0.66, Area: 162180)
2026-05-25 13:29:54,607 - AeroBrain - INFO - Detected: person (ID: 0, Conf: 0.56, Area: 516)
2026-05-25 13:29:54,611 - AeroBrain - INFO - 🎯 TARGET (train) | YAW LEFT ⬅ | MOVE BACKWARD ⬇ | Area: 162180
2026-05-25 13:29:54,746 - AeroBrain - INFO - Detected: person (ID: 0, Conf: 0.45, Area: 546)
2026-05-25 13:29:54,747 - AeroBrain - INFO - Detected: train (ID: 6, Conf: 0.44, Area: 163744)
2026-05-25 13:29:54,749 - AeroBrain - INFO - 🎯 TARGET (train) | YAW LEFT ⬅ | MOVE BACKWARD ⬇ | Area: 163744
2026-05-25 13:29:54,915 - AeroBrain - INFO - Detected: train (ID: 6, Conf: 0.47, Area: 170766)
2026-05-25 13:29:54,917 - AeroBrain - INFO - 🎯 TARGET (train) | YAW LEFT ⬅ | MOVE BACKWARD ⬇ | Area: 170766
2026-05-25 13:29:55,078 - AeroBrain - INFO - Detected: person (ID: 0, Conf: 0.62, Area: 585)
2026-05-25 13:29:55,080 - AeroBrain - INFO - 🎯 TARGET (person) | YAW RIGHT ➔ | MOVE FORWARD ⬆⬆ | Area: 585
2026-05-25 13:29:55,246 - AeroBrain - INFO - Detected: person (ID: 0, Conf: 0.48, Area: 752)
2026-05-25 13:29:55,249 - AeroBrain - INFO - 🎯 TARGET (person) | YAW RIGHT ➔ | MOVE FORWARD ⬆⬆ | Area: 752
2026-05-25 13:29:55,385 - AeroBrain - INFO - Detected: person (ID: 0, Conf: 0.62, Area: 533)
2026-05-25 13:29:55,386 - AeroBrain - INFO - Detected: train (ID: 6, Conf: 0.43, Area: 183051)
2026-05-25 13:29:55,388 - AeroBrain - INFO - 🎯 TARGET (train) | CENTERED = | MOVE BACKWARD ⬇ | Area: 183051
2026-05-25 13:29:55,554 - AeroBrain - INFO - Detected: person (ID: 0, Conf: 0.59, Area: 396)
2026-05-25 13:29:55,558 - AeroBrain - INFO - 🎯 TARGET (person) | YAW RIGHT ➔ | MOVE FORWARD ⬆⬆ | Area: 396
2026-05-25 13:29:55,701 - AeroBrain - INFO - Detected: person (ID: 0, Conf: 0.55, Area: 572)
2026-05-25 13:29:55,703 - AeroBrain - INFO - 🎯 TARGET (person) | YAW RIGHT ➔ | MOVE FORWARD ⬆⬆ | Area: 572
2026-05-25 13:29:55,871 - AeroBrain - INFO - Detected: person (ID: 0, Conf: 0.72, Area: 520)
2026-05-25 13:29:55,873 - AeroBrain - INFO - Detected: train (ID: 6, Conf: 0.56, Area: 178600)
2026-05-25 13:29:55,874 - AeroBrain - INFO - 🎯 TARGET (train) | CENTERED = | MOVE BACKWARD ⬇ | Area: 178600
2026-05-25 13:29:56,012 - AeroBrain - INFO - Detected: train (ID: 6, Conf: 0.50, Area: 172788)
2026-05-25 13:29:56,013 - AeroBrain - INFO - Detected: person (ID: 0, Conf: 0.48, Area: 468)
2026-05-25 13:29:56,015 - AeroBrain - INFO - 🎯 TARGET (train) | YAW LEFT ⬅ | MOVE BACKWARD ⬇ | Area: 172788
2026-05-25 13:29:56,181 - AeroBrain - INFO - Detected: person (ID: 0, Conf: 0.62, Area: 492)
2026-05-25 13:29:56,184 - AeroBrain - INFO - 🎯 TARGET (person) | YAW RIGHT ➔ | MOVE FORWARD ⬆⬆ | Area: 492
2026-05-25 13:29:56,414 - AeroBrain - INFO - 🔄 PATROL: ROTATING (1%)
2026-05-25 13:29:56,577 - AeroBrain - INFO - Detected: train (ID: 6, Conf: 0.65, Area: 171602)
2026-05-25 13:29:56,578 - AeroBrain - INFO - Detected: person (ID: 0, Conf: 0.60, Area: 418)
2026-05-25 13:29:56,580 - AeroBrain - INFO - 🎯 TARGET (train) | YAW LEFT ⬅ | MOVE BACKWARD ⬇ | Area: 171602
2026-05-25 13:29:56,719 - AeroBrain - INFO - Detected: person (ID: 0, Conf: 0.63, Area: 559)
2026-05-25 13:29:56,719 - AeroBrain - INFO - Detected: train (ID: 6, Conf: 0.60, Area: 167520)
2026-05-25 13:29:56,721 - AeroBrain - INFO - 🎯 TARGET (train) | YAW LEFT ⬅ | MOVE BACKWARD ⬇ | Area: 167520
2026-05-25 13:29:56,886 - AeroBrain - INFO - 🔄 PATROL: ROTATING (1%)
2026-05-25 13:29:57,047 - AeroBrain - INFO - Detected: person (ID: 0, Conf: 0.67, Area: 380)
2026-05-25 13:29:57,048 - AeroBrain - INFO - 🎯 TARGET (person) | YAW RIGHT ➔ | MOVE FORWARD ⬆⬆ | Area: 380
2026-05-25 13:29:57,183 - AeroBrain - INFO - 🔄 PATROL: ROTATING (1%)
2026-05-25 13:29:57,344 - AeroBrain - INFO - Detected: train (ID: 6, Conf: 0.74, Area: 156128)
2026-05-25 13:29:57,345 - AeroBrain - INFO - Detected: person (ID: 0, Conf: 0.46, Area: 352)
2026-05-25 13:29:57,347 - AeroBrain - INFO - 🎯 TARGET (train) | YAW LEFT ⬅ | MOVE BACKWARD ⬇ | Area: 156128
2026-05-25 13:29:57,484 - AeroBrain - INFO - Detected: train (ID: 6, Conf: 0.69, Area: 150092)
2026-05-25 13:29:57,485 - AeroBrain - INFO - 🎯 TARGET (train) | YAW LEFT ⬅ | MOVE BACKWARD ⬇ | Area: 150092
2026-05-25 13:29:57,656 - AeroBrain - INFO - Detected: person (ID: 0, Conf: 0.57, Area: 418)
2026-05-25 13:29:57,658 - AeroBrain - INFO - 🎯 TARGET (person) | YAW RIGHT ➔ | MOVE FORWARD ⬆⬆ | Area: 418
2026-05-25 13:29:57,820 - AeroBrain - INFO - Detected: train (ID: 6, Conf: 0.61, Area: 145616)
2026-05-25 13:29:57,821 - AeroBrain - INFO - Detected: person (ID: 0, Conf: 0.53, Area: 396)
2026-05-25 13:29:57,823 - AeroBrain - INFO - 🎯 TARGET (train) | YAW LEFT ⬅ | MOVE BACKWARD ⬇ | Area: 145616
2026-05-25 13:29:57,984 - AeroBrain - INFO - Detected: train (ID: 6, Conf: 0.69, Area: 143878)
2026-05-25 13:29:57,986 - AeroBrain - INFO - 🎯 TARGET (train) | YAW LEFT ⬅ | MOVE BACKWARD ⬇ | Area: 143878
2026-05-25 13:29:58,151 - AeroBrain - INFO - Detected: train (ID: 6, Conf: 0.78, Area: 145616)
2026-05-25 13:29:58,152 - AeroBrain - INFO - Detected: person (ID: 0, Conf: 0.49, Area: 370)
2026-05-25 13:29:58,154 - AeroBrain - INFO - 🎯 TARGET (train) | YAW LEFT ⬅ | MOVE BACKWARD ⬇ | Area: 145616
2026-05-25 13:29:58,318 - AeroBrain - INFO - Detected: train (ID: 6, Conf: 0.49, Area: 148490)
2026-05-25 13:29:58,320 - AeroBrain - INFO - 🎯 TARGET (train) | YAW LEFT ⬅ | MOVE BACKWARD ⬇ | Area: 148490
2026-05-25 13:29:58,454 - AeroBrain - INFO - 🔄 PATROL: ROTATING (1%)
2026-05-25 13:29:58,621 - AeroBrain - INFO - Detected: person (ID: 0, Conf: 0.56, Area: 1736)
2026-05-25 13:29:58,622 - AeroBrain - INFO - Detected: train (ID: 6, Conf: 0.44, Area: 156306)
2026-05-25 13:29:58,622 - AeroBrain - INFO - Detected: person (ID: 0, Conf: 0.44, Area: 385)
2026-05-25 13:29:58,624 - AeroBrain - INFO - 🎯 TARGET (train) | YAW LEFT ⬅ | MOVE BACKWARD ⬇ | Area: 156306
2026-05-25 13:29:58,785 - AeroBrain - INFO - 🔄 PATROL: ROTATING (1%)
2026-05-25 13:29:58,921 - AeroBrain - INFO - Detected: train (ID: 6, Conf: 0.70, Area: 157262)
2026-05-25 13:29:58,921 - AeroBrain - INFO - Detected: person (ID: 0, Conf: 0.50, Area: 374)
2026-05-25 13:29:58,923 - AeroBrain - INFO - 🎯 TARGET (train) | YAW LEFT ⬅ | MOVE BACKWARD ⬇ | Area: 157262
2026-05-25 13:29:59,079 - AeroBrain - INFO - Detected: train (ID: 6, Conf: 0.65, Area: 155675)
2026-05-25 13:29:59,086 - AeroBrain - INFO - 🎯 TARGET (train) | YAW LEFT ⬅ | MOVE BACKWARD ⬇ | Area: 155675
2026-05-25 13:29:59,248 - AeroBrain - INFO - Detected: train (ID: 6, Conf: 0.69, Area: 153594)
2026-05-25 13:29:59,250 - AeroBrain - INFO - 🎯 TARGET (train) | YAW LEFT ⬅ | MOVE BACKWARD ⬇ | Area: 153594
2026-05-25 13:29:59,418 - AeroBrain - INFO - Detected: train (ID: 6, Conf: 0.43, Area: 156784)
2026-05-25 13:29:59,420 - AeroBrain - INFO - 🎯 TARGET (train) | YAW LEFT ⬅ | MOVE BACKWARD ⬇ | Area: 156784
2026-05-25 13:29:59,589 - AeroBrain - INFO - Detected: train (ID: 6, Conf: 0.47, Area: 161086)
2026-05-25 13:29:59,590 - AeroBrain - INFO - 🎯 TARGET (train) | YAW LEFT ⬅ | MOVE BACKWARD ⬇ | Area: 161086
2026-05-25 13:29:59,753 - AeroBrain - INFO - 🔄 PATROL: ROTATING (1%)
2026-05-25 13:29:59,925 - AeroBrain - INFO - 🔄 PATROL: ROTATING (2%)
2026-05-25 13:30:00,097 - AeroBrain - INFO - Detected: train (ID: 6, Conf: 0.68, Area: 173280)
2026-05-25 13:30:00,098 - AeroBrain - INFO - Detected: person (ID: 0, Conf: 0.42, Area: 310)
2026-05-25 13:30:00,100 - AeroBrain - INFO - 🎯 TARGET (train) | YAW LEFT ⬅ | MOVE BACKWARD ⬇ | Area: 173280
2026-05-25 13:30:00,239 - AeroBrain - INFO - 🔄 PATROL: ROTATING (1%)
2026-05-25 13:30:00,422 - AeroBrain - INFO - 🔄 PATROL: ROTATING (2%)
2026-05-25 13:30:00,601 - AeroBrain - INFO - Detected: bus (ID: 5, Conf: 0.50, Area: 156456)
2026-05-25 13:30:00,601 - AeroBrain - INFO - Detected: train (ID: 6, Conf: 0.42, Area: 156784)
2026-05-25 13:30:00,602 - AeroBrain - INFO - 🎯 TARGET (train) | YAW LEFT ⬅ | MOVE BACKWARD ⬇ | Area: 156784
2026-05-25 13:30:00,745 - AeroBrain - INFO - Detected: train (ID: 6, Conf: 0.72, Area: 150255)
2026-05-25 13:30:00,745 - AeroBrain - INFO - Detected: person (ID: 0, Conf: 0.47, Area: 650)
2026-05-25 13:30:00,747 - AeroBrain - INFO - 🎯 TARGET (train) | YAW LEFT ⬅ | MOVE BACKWARD ⬇ | Area: 150255
2026-05-25 13:30:00,920 - AeroBrain - INFO - Detected: train (ID: 6, Conf: 0.45, Area: 143040)
2026-05-25 13:30:00,923 - AeroBrain - INFO - 🎯 TARGET (train) | YAW LEFT ⬅ | MOVE BACKWARD ⬇ | Area: 143040
2026-05-25 13:30:01,104 - AeroBrain - INFO - 🔄 PATROL: ROTATING (1%)
2026-05-25 13:30:01,255 - AeroBrain - INFO - Detected: train (ID: 6, Conf: 0.72, Area: 146880)
2026-05-25 13:30:01,256 - AeroBrain - INFO - Detected: train (ID: 6, Conf: 0.54, Area: 21216)
2026-05-25 13:30:01,258 - AeroBrain - INFO - 🎯 TARGET (train) | YAW LEFT ⬅ | MOVE BACKWARD ⬇ | Area: 146880
2026-05-25 13:30:01,442 - AeroBrain - INFO - Detected: bus (ID: 5, Conf: 0.45, Area: 146095)
2026-05-25 13:30:01,444 - AeroBrain - INFO - 🎯 TARGET (bus) | YAW LEFT ⬅ | MOVE BACKWARD ⬇ | Area: 146095
2026-05-25 13:30:01,634 - AeroBrain - INFO - 🔄 PATROL: ROTATING (1%)
2026-05-25 13:30:01,817 - AeroBrain - INFO - Detected: person (ID: 0, Conf: 0.67, Area: 559)
2026-05-25 13:30:01,818 - AeroBrain - INFO - 🎯 TARGET (person) | CENTERED = | MOVE FORWARD ⬆⬆ | Area: 559
2026-05-25 13:30:02,060 - AeroBrain - INFO - Detected: train (ID: 6, Conf: 0.55, Area: 147702)
2026-05-25 13:30:02,062 - AeroBrain - INFO - 🎯 TARGET (train) | YAW LEFT ⬅ | MOVE BACKWARD ⬇ | Area: 147702
2026-05-25 13:30:02,353 - AeroBrain - INFO - Detected: bus (ID: 5, Conf: 0.44, Area: 132300)
2026-05-25 13:30:02,355 - AeroBrain - INFO - 🎯 TARGET (bus) | YAW LEFT ⬅ | MOVE BACKWARD ⬇ | Area: 132300
2026-05-25 13:30:02,589 - AeroBrain - INFO - Detected: bus (ID: 5, Conf: 0.64, Area: 145312)
2026-05-25 13:30:02,592 - AeroBrain - INFO - 🎯 TARGET (bus) | YAW LEFT ⬅ | MOVE BACKWARD ⬇ | Area: 145312
2026-05-25 13:30:02,826 - AeroBrain - INFO - Detected: train (ID: 6, Conf: 0.47, Area: 150406)
2026-05-25 13:30:02,828 - AeroBrain - INFO - 🎯 TARGET (train) | YAW LEFT ⬅ | MOVE BACKWARD ⬇ | Area: 150406
2026-05-25 13:30:03,030 - AeroBrain - INFO - Detected: bus (ID: 5, Conf: 0.58, Area: 154717)
2026-05-25 13:30:03,033 - AeroBrain - INFO - 🎯 TARGET (bus) | YAW LEFT ⬅ | MOVE BACKWARD ⬇ | Area: 154717
2026-05-25 13:30:03,228 - AeroBrain - INFO - Detected: bus (ID: 5, Conf: 0.61, Area: 161280)
2026-05-25 13:30:03,230 - AeroBrain - INFO - 🎯 TARGET (bus) | YAW LEFT ⬅ | MOVE BACKWARD ⬇ | Area: 161280
2026-05-25 13:30:03,463 - AeroBrain - INFO - Detected: person (ID: 0, Conf: 0.45, Area: 546)
2026-05-25 13:30:03,466 - AeroBrain - INFO - 🎯 TARGET (person) | CENTERED = | MOVE FORWARD ⬆⬆ | Area: 546
2026-05-25 13:30:03,762 - AeroBrain - INFO - 🔄 PATROL: ROTATING (2%)
2026-05-25 13:30:03,999 - AeroBrain - INFO - Detected: train (ID: 6, Conf: 0.40, Area: 159848)
2026-05-25 13:30:04,001 - AeroBrain - INFO - 🎯 TARGET (train) | YAW LEFT ⬅ | MOVE BACKWARD ⬇ | Area: 159848
2026-05-25 13:30:04,227 - AeroBrain - INFO - Detected: bus (ID: 5, Conf: 0.61, Area: 172674)
2026-05-25 13:30:04,227 - AeroBrain - INFO - Detected: person (ID: 0, Conf: 0.55, Area: 624)
2026-05-25 13:30:04,229 - AeroBrain - INFO - 🎯 TARGET (bus) | YAW LEFT ⬅ | MOVE BACKWARD ⬇ | Area: 172674
2026-05-25 13:30:04,416 - AeroBrain - INFO - 🔄 PATROL: ROTATING (1%)
2026-05-25 13:30:04,630 - AeroBrain - INFO - Detected: person (ID: 0, Conf: 0.46, Area: 637)
2026-05-25 13:30:04,633 - AeroBrain - INFO - 🎯 TARGET (person) | CENTERED = | MOVE FORWARD ⬆⬆ | Area: 637
2026-05-25 13:30:04,698 - AeroBrain - WARNING - INTERRUPTED: Landing drone...
2026-05-25 13:30:04,698 - drone_control - INFO - Emergency landing...
2026-05-25 13:30:04,699 - drone_control - INFO - Landing...
2026-05-25 13:30:04,700 - drone_control - ERROR - Landing failed: IOLoop is already running
2026-05-25 13:30:04,700 - drone_control - ERROR - Failed to disarm: IOLoop is already running
2026-05-25 13:30:04,700 - AeroBrain - INFO - ✅ Drone safely landed and disarmed
2026-05-25 13:30:04,706 - AeroBrain - INFO - 🏁 Shutdown complete
